name,lon,lat,local_measurement_dBm,path_loss_dB
RX_1,-0.134900,51.530300,-38.91,86.71
RX_1,-0.134900,51.530300,-39.55,87.35
RX_3,-0.135000,51.530300,-39.08,86.88
RX_3,-0.135000,51.530300,-39.40,87.20
RX_5,-0.135100,51.530300,-39.96,87.76
RX_5,-0.135100,51.530300,-50.63,98.43
RX_7,-0.135200,51.530300,-53.56,101.36
RX_7,-0.135200,51.530300,-54.30,102.10
RX_11,-0.135200,51.530200,-54.06,101.86
RX_11,-0.135200,51.530200,-55.05,102.85
RX_11,-0.135200,51.530200,-55.06,102.86
RX_11,-0.135200,51.530200,-55.74,103.54
RX_11,-0.135200,51.530200,-54.63,102.43
RX_11,-0.135200,51.530200,-55.26,103.06
RX_19,-0.135300,51.530200,-56.69,104.49
RX_19,-0.135300,51.530200,-55.39,103.19
RX_19,-0.135300,51.530200,-55.68,103.48
RX_19,-0.135300,51.530200,-57.05,104.85
RX_19,-0.135300,51.530200,-57.16,104.96
RX_22,-0.135300,51.530100,-55.97,103.77
RX_22,-0.135300,51.530100,-56.34,104.14
RX_22,-0.135300,51.530100,-56.73,104.53
RX_25,-0.135400,51.530100,-54.51,102.31
RX_25,-0.135400,51.530100,-54.00,101.80
RX_25,-0.135400,51.530100,-54.05,101.85
RX_25,-0.135400,51.530100,-55.91,103.71
RX_25,-0.135400,51.530100,-55.19,102.99
RX_25,-0.135400,51.530100,-53.04,100.84
RX_25,-0.135400,51.530100,-53.21,101.01
RX_30,-0.135500,51.530100,-53.96,101.76
RX_31,-0.135500,51.530000,-53.29,101.09
RX_31,-0.135500,51.530000,-55.78,103.58
RX_35,-0.135600,51.530000,-56.36,104.16
RX_35,-0.135600,51.530000,-55.57,103.37
RX_35,-0.135600,51.530000,-55.38,103.18
RX_36,-0.135700,51.530000,-56.51,104.31
RX_36,-0.135700,51.530000,-55.70,103.50
RX_36,-0.135700,51.530000,-58.20,106.00
RX_40,-0.135800,51.530000,-55.28,103.08
RX_40,-0.135800,51.530000,-53.46,101.26
RX_41,-0.135900,51.530000,-55.53,103.33
RX_41,-0.135900,51.530000,-54.89,102.69
RX_43,-0.136000,51.529900,-53.45,101.25
RX_44,-0.136000,51.530000,-55.85,103.65
RX_46,-0.136100,51.530000,-57.60,105.40
RX_46,-0.136100,51.530000,-58.29,106.09
RX_46,-0.136100,51.530000,-58.44,106.24
RX_46,-0.136100,51.530000,-56.71,104.51
RX_49,-0.136100,51.529900,-55.66,103.46
RX_49,-0.136100,51.529900,-57.14,104.94
RX_53,-0.136200,51.529900,-54.56,102.36
RX_53,-0.136200,51.529900,-55.98,103.78
RX_53,-0.136200,51.529900,-59.37,107.17
RX_54,-0.136300,51.529900,-58.10,105.90
RX_56,-0.136500,51.529800,-58.30,106.10
RX_56,-0.136500,51.529800,-57.61,105.41
RX_57,-0.136600,51.529800,-58.36,106.16
RX_58,-0.136700,51.529800,-62.03,109.83
RX_59,-0.136800,51.529800,-60.89,108.69
RX_59,-0.136800,51.529800,-60.62,108.42
RX_62,-0.136900,51.529800,-59.22,107.02
RX_62,-0.136900,51.529800,-60.36,108.16
RX_62,-0.136900,51.529800,-60.98,108.78
RX_64,-0.137000,51.529800,-59.33,107.13
RX_64,-0.137000,51.529800,-59.97,107.77
RX_66,-0.137100,51.529800,-60.06,107.86
RX_68,-0.137100,51.529900,-59.60,107.40
RX_68,-0.137100,51.529900,-58.44,106.24
RX_70,-0.137200,51.529900,-58.65,106.45
RX_70,-0.137200,51.529900,-59.83,107.63
RX_71,-0.137300,51.529900,-59.02,106.82
RX_71,-0.137300,51.529900,-59.88,107.68
RX_73,-0.137400,51.529900,-60.64,108.44
RX_74,-0.137400,51.529800,-61.92,109.72
RX_74,-0.137400,51.529800,-63.33,111.13
RX_74,-0.137400,51.529800,-63.62,111.42
RX_77,-0.137400,51.529700,-65.69,113.49
RX_78,-0.137500,51.529700,-66.41,114.21
RX_81,-0.137500,51.529600,-65.12,112.92
RX_81,-0.137500,51.529600,-65.97,113.77
RX_81,-0.137500,51.529600,-66.39,114.19
RX_82,-0.137500,51.529500,-63.82,111.62
RX_82,-0.137500,51.529500,-65.17,112.97
RX_84,-0.137400,51.529500,-64.89,112.69
RX_89,-0.137400,51.529400,-65.16,112.96
RX_89,-0.137400,51.529400,-63.63,111.43
RX_89,-0.137400,51.529400,-61.65,109.45
RX_89,-0.137400,51.529400,-61.62,109.42
RX_89,-0.137400,51.529400,-60.28,108.08
RX_90,-0.137300,51.529400,-62.71,110.51
RX_90,-0.137300,51.529400,-62.11,109.91
RX_90,-0.137300,51.529400,-65.23,113.03
RX_94,-0.137200,51.529400,-63.77,111.57
RX_94,-0.137200,51.529400,-63.25,111.05
RX_96,-0.137100,51.529400,-62.19,109.99
RX_96,-0.137100,51.529400,-61.69,109.49
RX_97,-0.137000,51.529400,-61.66,109.46
RX_99,-0.137000,51.529300,-59.70,107.50
RX_99,-0.137000,51.529300,-59.52,107.32
RX_100,-0.136900,51.529300,-61.71,109.51
RX_100,-0.136900,51.529300,-59.42,107.22
RX_100,-0.136900,51.529300,-59.60,107.40
RX_103,-0.136800,51.529300,-59.86,107.66
RX_103,-0.136800,51.529300,-59.73,107.53
RX_105,-0.136800,51.529200,-57.90,105.70
RX_106,-0.136700,51.529200,-59.03,106.83
RX_106,-0.136700,51.529200,-57.72,105.52
RX_106,-0.136700,51.529200,-58.36,106.16
RX_106,-0.136700,51.529200,-57.02,104.82
RX_113,-0.136600,51.529100,-59.84,107.64
RX_113,-0.136600,51.529100,-57.89,105.69
RX_113,-0.136600,51.529100,-57.13,104.93
RX_113,-0.136600,51.529100,-55.98,103.78
RX_115,-0.136500,51.529000,-57.97,105.77
RX_115,-0.136500,51.529000,-56.87,104.67
RX_115,-0.136500,51.529000,-57.15,104.95
RX_115,-0.136500,51.529000,-57.71,105.51
RX_118,-0.136400,51.529000,-56.24,104.04
RX_118,-0.136400,51.529000,-57.48,105.28
RX_120,-0.136400,51.528900,-57.13,104.93
RX_120,-0.136400,51.528900,-55.76,103.56
RX_124,-0.136300,51.528900,-55.98,103.78
RX_124,-0.136300,51.528900,-56.34,104.14
RX_124,-0.136300,51.528900,-57.29,105.09
RX_125,-0.136300,51.528800,-56.61,104.41
RX_126,-0.136200,51.528800,-55.61,103.41
RX_126,-0.136200,51.528800,-54.52,102.32
RX_129,-0.136200,51.528700,-55.96,103.76
RX_129,-0.136200,51.528700,-56.07,103.87
RX_129,-0.136200,51.528700,-56.72,104.52
RX_131,-0.136100,51.528700,-53.80,101.60
RX_133,-0.136100,51.528600,-55.58,103.38
RX_133,-0.136100,51.528600,-55.31,103.11
RX_133,-0.136100,51.528600,-53.42,101.22
RX_135,-0.136000,51.528600,-52.60,100.40
RX_136,-0.136000,51.528500,-54.01,101.81
RX_136,-0.136000,51.528500,-53.07,100.87
RX_138,-0.135900,51.528500,-53.70,101.50
RX_138,-0.135900,51.528500,-54.09,101.89
RX_138,-0.135900,51.528500,-54.71,102.51
RX_141,-0.135900,51.528400,-53.53,101.33
RX_142,-0.135800,51.528400,-52.94,100.74
RX_142,-0.135800,51.528400,-52.37,100.17
RX_144,-0.135800,51.528300,-52.82,100.62
RX_144,-0.135800,51.528300,-53.04,100.84
RX_146,-0.135700,51.528300,-52.58,100.38
RX_147,-0.135700,51.528200,-52.26,100.06
RX_147,-0.135700,51.528200,-52.58,100.38
RX_149,-0.135600,51.528200,-52.59,100.39
RX_149,-0.135600,51.528200,-52.08,99.88
RX_151,-0.135600,51.528100,-52.46,100.26
RX_151,-0.135600,51.528100,-51.06,98.86
RX_153,-0.135500,51.528100,-50.81,98.61
RX_153,-0.135500,51.528100,-50.98,98.78
RX_155,-0.135500,51.528000,-49.90,97.70
RX_155,-0.135500,51.528000,-50.45,98.25
RX_159,-0.135400,51.528000,-50.94,98.74
RX_159,-0.135400,51.528000,-49.91,97.71
RX_159,-0.135400,51.528000,-49.60,97.40
RX_159,-0.135400,51.528000,-51.75,99.55
RX_159,-0.135400,51.528000,-51.28,99.08
RX_162,-0.135300,51.527900,-49.79,97.59
RX_162,-0.135300,51.527900,-49.99,97.79
RX_162,-0.135300,51.527900,-51.21,99.01
RX_162,-0.135300,51.527900,-50.71,98.51
RX_167,-0.135200,51.527800,-52.13,99.93
RX_167,-0.135200,51.527800,-54.27,102.07
RX_168,-0.135100,51.527800,-52.77,100.57
RX_170,-0.135100,51.527700,-52.76,100.56
RX_170,-0.135100,51.527700,-53.60,101.40
RX_171,-0.135000,51.527700,-52.40,100.20
RX_174,-0.135000,51.527600,-54.42,102.22
RX_174,-0.135000,51.527600,-53.09,100.89
RX_174,-0.135000,51.527600,-52.55,100.35
RX_175,-0.134900,51.527600,-51.46,99.26
RX_177,-0.134900,51.527500,-50.14,97.94
RX_177,-0.134900,51.527500,-50.59,98.39
RX_178,-0.134800,51.527500,-50.00,97.80
RX_180,-0.134800,51.527400,-49.87,97.67
RX_180,-0.134800,51.527400,-49.23,97.03
RX_181,-0.134700,51.527400,-52.26,100.06
RX_181,-0.134700,51.527400,-50.63,98.43
RX_183,-0.134700,51.527300,-48.43,96.23
RX_186,-0.134600,51.527300,-48.89,96.69
RX_186,-0.134600,51.527300,-55.28,103.08
RX_186,-0.134600,51.527300,-56.01,103.81
RX_186,-0.134600,51.527300,-56.55,104.35
RX_188,-0.134500,51.527200,-56.97,104.77
RX_188,-0.134500,51.527200,-56.80,104.60
RX_188,-0.134500,51.527200,-56.93,104.73
RX_191,-0.134500,51.527100,-57.45,105.25
RX_194,-0.134400,51.527100,-58.83,106.63
RX_194,-0.134400,51.527100,-58.24,106.04
RX_194,-0.134400,51.527100,-59.70,107.50
RX_197,-0.134300,51.527000,-58.82,106.62
RX_197,-0.134300,51.527000,-58.14,105.94
RX_197,-0.134300,51.527000,-60.39,108.19
RX_197,-0.134300,51.527000,-59.31,107.11
RX_199,-0.134300,51.526900,-60.14,107.94
RX_201,-0.134200,51.526900,-61.00,108.80
RX_201,-0.134200,51.526900,-61.26,109.06
RX_201,-0.134200,51.526900,-61.28,109.08
RX_201,-0.134200,51.526900,-61.50,109.30
RX_207,-0.134100,51.526800,-64.32,112.12
RX_207,-0.134100,51.526800,-65.24,113.04
RX_207,-0.134100,51.526800,-65.69,113.49
RX_207,-0.134100,51.526800,-66.64,114.44
RX_207,-0.134100,51.526800,-63.75,111.55
RX_212,-0.134000,51.526700,-67.12,114.92
RX_212,-0.134000,51.526700,-65.06,112.86
RX_212,-0.134000,51.526700,-64.52,112.32
RX_212,-0.134000,51.526700,-64.88,112.68
RX_214,-0.133900,51.526600,-66.36,114.16
RX_214,-0.133900,51.526600,-62.41,110.21
RX_217,-0.133800,51.526600,-64.00,111.80
RX_217,-0.133800,51.526600,-65.17,112.97
RX_217,-0.133800,51.526600,-61.93,109.73
RX_218,-0.133800,51.526500,-66.01,113.81
RX_221,-0.133700,51.526500,-66.84,114.64
RX_221,-0.133700,51.526500,-65.69,113.49
RX_221,-0.133700,51.526500,-65.85,113.65
RX_222,-0.133600,51.526400,-67.33,115.13
RX_223,-0.133500,51.526400,-68.59,116.39
RX_223,-0.133500,51.526400,-68.93,116.73
RX_225,-0.133400,51.526400,-68.29,116.09
RX_225,-0.133400,51.526400,-68.29,116.09
RX_225,-0.133400,51.526400,-69.00,116.80
RX_229,-0.133300,51.526500,-70.51,118.31
RX_229,-0.133300,51.526500,-69.92,117.72
RX_229,-0.133300,51.526500,-70.04,117.84
RX_232,-0.133200,51.526500,-71.36,119.16
RX_232,-0.133200,51.526500,-71.85,119.65
RX_235,-0.133100,51.526500,-71.11,118.91
RX_235,-0.133100,51.526500,-72.49,120.29
RX_235,-0.133100,51.526500,-66.58,114.38
RX_237,-0.133000,51.526600,-68.75,116.55
RX_237,-0.133000,51.526600,-67.78,115.58
RX_238,-0.132900,51.526600,-70.04,117.84
RX_238,-0.132900,51.526600,-69.69,117.49
RX_241,-0.132800,51.526600,-70.88,118.68
RX_241,-0.132800,51.526600,-70.84,118.64
RX_242,-0.132800,51.526700,-71.88,119.68
RX_243,-0.132700,51.526700,-71.39,119.19
RX_244,-0.132600,51.526700,-72.68,120.48
RX_244,-0.132600,51.526700,-71.18,118.98
RX_246,-0.132500,51.526700,-70.76,118.56
RX_246,-0.132500,51.526700,-70.43,118.23
RX_248,-0.132500,51.526800,-70.99,118.79
RX_250,-0.132400,51.526800,-71.27,119.07
RX_250,-0.132400,51.526800,-69.31,117.11
RX_250,-0.132400,51.526800,-68.84,116.64
RX_250,-0.132400,51.526800,-68.28,116.08
RX_253,-0.132300,51.526800,-63.95,111.75
RX_253,-0.132300,51.526800,-66.03,113.83
RX_255,-0.132200,51.526800,-66.13,113.93
RX_256,-0.132200,51.526900,-66.15,113.95
RX_258,-0.132100,51.526900,-68.29,116.09
RX_258,-0.132100,51.526900,-68.16,115.96
RX_259,-0.132000,51.526900,-71.05,118.85
RX_259,-0.132000,51.526900,-69.97,117.77
RX_259,-0.132000,51.526900,-68.82,116.62
RX_262,-0.131900,51.527000,-70.23,118.03
RX_262,-0.131900,51.527000,-68.65,116.45
RX_265,-0.131800,51.527000,-67.08,114.88
RX_265,-0.131800,51.527000,-67.38,115.18
RX_266,-0.131700,51.527000,-68.93,116.73
RX_266,-0.131700,51.527000,-69.77,117.57
RX_268,-0.131700,51.527100,-70.85,118.65
RX_269,-0.131600,51.527100,-69.87,117.67
RX_269,-0.131600,51.527100,-70.47,118.27
RX_269,-0.131600,51.527100,-70.90,118.70
RX_274,-0.131500,51.527100,-70.61,118.41
RX_274,-0.131500,51.527100,-72.19,119.99
RX_274,-0.131500,51.527100,-71.83,119.63
RX_275,-0.131400,51.527100,-71.57,119.37
RX_276,-0.131400,51.527200,-70.69,118.49
RX_278,-0.131300,51.527200,-67.32,115.12
RX_278,-0.131300,51.527200,-69.37,117.17
RX_278,-0.131300,51.527200,-69.59,117.39
RX_281,-0.131200,51.527200,-66.36,114.16
RX_281,-0.131200,51.527200,-68.08,115.88
RX_282,-0.131100,51.527200,-68.41,116.21
RX_283,-0.131100,51.527300,-70.16,117.96
RX_285,-0.131000,51.527300,-72.25,120.05
RX_285,-0.131000,51.527300,-72.87,120.67
RX_285,-0.131000,51.527300,-73.52,121.32
RX_287,-0.130900,51.527300,-68.95,116.75
RX_287,-0.130900,51.527300,-65.86,113.66
RX_287,-0.130900,51.527300,-61.13,108.93
RX_290,-0.130800,51.527400,-54.83,102.63
RX_290,-0.130800,51.527400,-62.82,110.62
RX_290,-0.130800,51.527400,-64.58,112.38
RX_293,-0.130700,51.527400,-66.40,114.20
RX_293,-0.130700,51.527400,-69.06,116.86
RX_296,-0.130600,51.527400,-68.59,116.39
RX_296,-0.130600,51.527400,-68.76,116.56
RX_296,-0.130600,51.527400,-73.22,121.02
RX_298,-0.130500,51.527500,-74.28,122.08
RX_298,-0.130500,51.527500,-75.68,123.48
RX_298,-0.130500,51.527500,-76.68,124.48
RX_301,-0.130400,51.527500,-77.34,125.14
RX_301,-0.130400,51.527500,-77.10,124.90
RX_303,-0.130300,51.527500,-78.35,126.15
RX_303,-0.130300,51.527500,-78.54,126.34
RX_305,-0.130200,51.527600,-78.03,125.83
RX_305,-0.130200,51.527600,-78.47,126.27
RX_307,-0.130100,51.527600,-77.10,124.90
RX_307,-0.130100,51.527600,-76.44,124.24
RX_309,-0.130000,51.527700,-78.57,126.37
RX_309,-0.130000,51.527700,-78.98,126.78
RX_311,-0.129900,51.527700,-78.70,126.50
RX_311,-0.129900,51.527700,-78.67,126.47
RX_311,-0.129900,51.527700,-77.10,124.90
RX_311,-0.129900,51.527700,-77.72,125.52
RX_317,-0.129800,51.527700,-75.85,123.65
RX_317,-0.129800,51.527700,-76.35,124.15
RX_317,-0.129800,51.527700,-78.06,125.86
RX_318,-0.129700,51.527700,-75.69,123.49
RX_320,-0.129700,51.527800,-74.83,122.63
RX_320,-0.129700,51.527800,-77.89,125.69
RX_321,-0.129600,51.527800,-76.26,124.06
RX_321,-0.129600,51.527800,-75.96,123.76
RX_321,-0.129600,51.527800,-76.25,124.05
RX_325,-0.129500,51.527800,-75.37,123.17
RX_325,-0.129500,51.527800,-74.60,122.40
RX_326,-0.129500,51.527900,-74.25,122.05
RX_327,-0.129400,51.527900,-74.04,121.84
RX_327,-0.129400,51.527900,-72.75,120.55
RX_330,-0.129300,51.527900,-67.82,115.62
RX_330,-0.129300,51.527900,-67.58,115.38
RX_330,-0.129300,51.527900,-69.61,117.41
RX_332,-0.129200,51.527900,-73.40,121.20
RX_333,-0.129200,51.528000,-72.87,120.67
RX_335,-0.129100,51.528000,-75.15,122.95
RX_335,-0.129100,51.528000,-73.54,121.34
RX_336,-0.129000,51.528000,-73.18,120.98
RX_336,-0.129000,51.528000,-73.88,121.68
RX_336,-0.129000,51.528000,-73.33,121.13
RX_339,-0.128900,51.528000,-74.42,122.22
RX_340,-0.128900,51.528100,-74.10,121.90
RX_340,-0.128900,51.528100,-73.71,121.51
RX_342,-0.128800,51.528100,-72.73,120.53
RX_342,-0.128800,51.528100,-73.31,121.11
RX_344,-0.128700,51.528100,-76.55,124.35
RX_344,-0.128700,51.528100,-75.13,122.93
RX_346,-0.128700,51.528200,-75.01,122.81
RX_349,-0.128600,51.528200,-74.69,122.49
RX_349,-0.128600,51.528200,-75.57,123.37
RX_349,-0.128600,51.528200,-76.28,124.08
RX_351,-0.128500,51.528200,-74.05,121.85
RX_351,-0.128500,51.528200,-77.86,125.66
RX_352,-0.128400,51.528200,-75.80,123.60
RX_353,-0.128400,51.528300,-76.25,124.05
RX_354,-0.128300,51.528300,-76.85,124.65
RX_354,-0.128300,51.528300,-76.09,123.89
RX_356,-0.128200,51.528300,-77.05,124.85
RX_356,-0.128200,51.528300,-77.28,125.08
RX_356,-0.128200,51.528300,-77.73,125.53
RX_360,-0.128100,51.528400,-77.67,125.47
RX_360,-0.128100,51.528400,-77.74,125.54
RX_362,-0.128000,51.528400,-76.41,124.21
RX_362,-0.128000,51.528400,-78.13,125.93
RX_363,-0.127900,51.528400,-78.75,126.55
RX_365,-0.127900,51.528500,-77.28,125.08
RX_365,-0.127900,51.528500,-77.74,125.54
RX_367,-0.127800,51.528500,-79.20,127.00
RX_367,-0.127800,51.528500,-79.93,127.73
RX_368,-0.127700,51.528500,-78.92,126.72
RX_368,-0.127700,51.528500,-78.74,126.54
RX_370,-0.127700,51.528600,-79.04,126.84
RX_371,-0.127600,51.528600,-78.74,126.54
RX_371,-0.127600,51.528600,-77.67,125.47
RX_371,-0.127600,51.528600,-78.53,126.33
RX_374,-0.127500,51.528600,-79.24,127.04
RX_374,-0.127500,51.528600,-77.84,125.64
RX_377,-0.127400,51.528600,-79.57,127.37
RX_377,-0.127400,51.528600,-78.19,125.99
RX_377,-0.127400,51.528600,-77.97,125.77
RX_379,-0.127300,51.528700,-76.45,124.25
RX_379,-0.127300,51.528700,-75.93,123.73
RX_381,-0.127200,51.528700,-76.12,123.92
RX_381,-0.127200,51.528700,-75.96,123.76
RX_381,-0.127200,51.528700,-75.52,123.32
RX_384,-0.127100,51.528700,-77.34,125.14
RX_385,-0.127100,51.528800,-76.72,124.52
RX_385,-0.127100,51.528800,-74.72,122.52
RX_388,-0.127000,51.528800,-75.86,123.66
RX_388,-0.127000,51.528800,-74.94,122.74
RX_391,-0.126900,51.528800,-75.39,123.19
RX_391,-0.126900,51.528800,-76.12,123.92
RX_391,-0.126900,51.528800,-76.44,124.24
RX_392,-0.126800,51.528900,-77.05,124.85
RX_392,-0.126800,51.528900,-73.68,121.48
RX_396,-0.126700,51.528900,-75.60,123.40
RX_396,-0.126700,51.528900,-74.97,122.77
RX_396,-0.126700,51.528900,-76.19,123.99
RX_397,-0.126600,51.528900,-73.75,121.55
RX_398,-0.126600,51.529000,-73.58,121.38
RX_399,-0.126500,51.529000,-75.05,122.85
RX_399,-0.126500,51.529000,-73.57,121.37
RX_401,-0.126400,51.529000,-75.19,122.99
RX_401,-0.126400,51.529000,-75.65,123.45
RX_401,-0.126400,51.529000,-73.98,121.78
RX_405,-0.126300,51.529000,-72.01,119.81
RX_405,-0.126300,51.529000,-72.28,120.08
RX_407,-0.126200,51.529100,-75.85,123.65
RX_407,-0.126200,51.529100,-74.15,121.95
RX_407,-0.126200,51.529100,-77.16,124.96
RX_411,-0.126100,51.529100,-77.92,125.72
RX_411,-0.126100,51.529100,-80.26,128.06
RX_411,-0.126100,51.529100,-79.54,127.34
RX_412,-0.126000,51.529200,-80.18,127.98
RX_412,-0.126000,51.529200,-78.80,126.60
RX_412,-0.126000,51.529200,-78.18,125.98
RX_415,-0.125900,51.529200,-78.43,126.23
RX_415,-0.125900,51.529200,-79.13,126.93
RX_419,-0.125800,51.529300,-80.44,128.24
RX_419,-0.125800,51.529300,-79.71,127.51
RX_419,-0.125800,51.529300,-81.58,129.38
RX_420,-0.125700,51.529300,-77.46,125.26
RX_420,-0.125700,51.529300,-77.45,125.25
RX_422,-0.125600,51.529400,-80.64,128.44
RX_422,-0.125600,51.529400,-79.76,127.56
RX_422,-0.125600,51.529400,-79.70,127.50
RX_425,-0.125500,51.529400,-78.60,126.40
RX_425,-0.125500,51.529400,-76.16,123.96
RX_428,-0.125400,51.529400,-77.19,124.99
RX_428,-0.125400,51.529400,-78.16,125.96
RX_429,-0.125400,51.529500,-76.31,124.11
RX_430,-0.125300,51.529500,-77.77,125.57
RX_430,-0.125300,51.529500,-78.22,126.02
RX_432,-0.125200,51.529500,-78.90,126.70
RX_432,-0.125200,51.529500,-77.92,125.72
RX_434,-0.125100,51.529500,-79.00,126.80
RX_435,-0.125000,51.529600,-80.70,128.50
RX_435,-0.125000,51.529600,-81.53,129.33
RX_440,-0.124900,51.529600,-82.72,130.52
RX_440,-0.124900,51.529600,-80.25,128.05
RX_440,-0.124900,51.529600,-82.94,130.74
RX_440,-0.124900,51.529600,-82.70,130.50
RX_442,-0.124800,51.529600,-81.90,129.70
RX_442,-0.124800,51.529600,-84.84,132.64
RX_442,-0.124800,51.529600,-80.85,128.65
RX_444,-0.124700,51.529600,-82.03,129.83
RX_445,-0.124700,51.529700,-82.86,130.66
RX_445,-0.124700,51.529700,-83.63,131.43
RX_447,-0.124600,51.529700,-82.53,130.33
RX_447,-0.124600,51.529700,-82.14,129.94
RX_447,-0.124600,51.529700,-84.56,132.36
RX_450,-0.124500,51.529700,-83.19,130.99
RX_450,-0.124500,51.529700,-83.70,131.50
RX_452,-0.124400,51.529700,-83.71,131.51
RX_453,-0.124400,51.529800,-85.47,133.27
RX_453,-0.124400,51.529800,-86.28,134.08
RX_455,-0.124300,51.529800,-85.87,133.67
RX_455,-0.124300,51.529800,-86.08,133.88
RX_455,-0.124300,51.529800,-84.48,132.28
RX_459,-0.124200,51.529800,-85.49,133.29
RX_459,-0.124200,51.529800,-85.07,132.87
RX_460,-0.124200,51.529900,-84.42,132.22
RX_463,-0.124100,51.529900,-82.71,130.51
RX_463,-0.124100,51.529900,-83.23,131.03
RX_463,-0.124100,51.529900,-86.58,134.38
RX_464,-0.124000,51.529900,-84.52,132.32
RX_466,-0.124000,51.530000,-85.76,133.56
RX_466,-0.124000,51.530000,-85.93,133.73
RX_468,-0.123900,51.530000,-85.11,132.91
RX_468,-0.123900,51.530000,-84.77,132.57
RX_468,-0.123900,51.530000,-81.94,129.74
RX_470,-0.123800,51.530000,-84.37,132.17
RX_471,-0.123800,51.530100,-82.32,130.12
RX_471,-0.123800,51.530100,-81.64,129.44
RX_475,-0.123700,51.530100,-79.32,127.12
RX_475,-0.123700,51.530100,-83.29,131.09
RX_475,-0.123700,51.530100,-80.50,128.30
RX_476,-0.123600,51.530200,-82.39,130.19
RX_476,-0.123600,51.530200,-83.62,131.42
RX_478,-0.123500,51.530200,-85.02,132.82
RX_478,-0.123500,51.530200,-85.73,133.53
RX_478,-0.123500,51.530200,-84.37,132.17
RX_483,-0.123400,51.530300,-84.39,132.19
RX_483,-0.123400,51.530300,-84.86,132.66
RX_483,-0.123400,51.530300,-84.36,132.16
RX_484,-0.123300,51.530300,-86.42,134.22
RX_484,-0.123300,51.530300,-83.45,131.25
RX_486,-0.123200,51.530300,-84.09,131.89
RX_486,-0.123200,51.530300,-86.43,134.23
RX_488,-0.123200,51.530400,-84.49,132.29
RX_489,-0.123100,51.530400,-85.19,132.99
RX_489,-0.123100,51.530400,-84.85,132.65
RX_492,-0.123000,51.530400,-82.98,130.78
RX_492,-0.123000,51.530400,-86.18,133.98
RX_493,-0.123000,51.530500,-86.09,133.89
RX_494,-0.122900,51.530500,-86.02,133.82
RX_494,-0.122900,51.530500,-87.28,135.08
RX_496,-0.122800,51.530500,-87.49,135.29
RX_496,-0.122800,51.530500,-86.99,134.79
RX_498,-0.122700,51.530500,-86.49,134.29
RX_499,-0.122700,51.530600,-86.55,134.35
RX_499,-0.122700,51.530600,-85.31,133.11
RX_501,-0.122600,51.530600,-87.10,134.90
RX_501,-0.122600,51.530600,-86.94,134.74
RX_501,-0.122600,51.530600,-87.33,135.13
RX_504,-0.122500,51.530600,-84.54,132.34
RX_505,-0.122500,51.530700,-85.14,132.94
RX_506,-0.122400,51.530700,-85.11,132.91
RX_506,-0.122400,51.530700,-87.65,135.45
RX_506,-0.122400,51.530700,-85.58,133.38
RX_511,-0.122300,51.530700,-85.51,133.31
RX_511,-0.122300,51.530700,-86.44,134.24
RX_511,-0.122300,51.530700,-86.25,134.05
RX_512,-0.122200,51.530800,-85.41,133.21
RX_512,-0.122200,51.530800,-84.42,132.22
RX_514,-0.122100,51.530800,-86.47,134.27
RX_514,-0.122100,51.530800,-86.03,133.83
RX_516,-0.122000,51.530800,-87.31,135.11
RX_516,-0.122000,51.530800,-87.16,134.96
RX_518,-0.121900,51.530800,-88.85,136.65
RX_518,-0.121900,51.530800,-85.58,133.38
RX_518,-0.121900,51.530800,-87.30,135.10
RX_522,-0.121800,51.530800,-90.17,137.97
RX_522,-0.121800,51.530800,-90.38,138.18
RX_524,-0.121700,51.530800,-92.53,140.33
RX_524,-0.121700,51.530800,-90.61,138.41
RX_525,-0.121600,51.530800,-90.57,138.37
RX_525,-0.121600,51.530800,-91.68,139.48
RX_528,-0.121500,51.530800,-90.90,138.70
RX_528,-0.121500,51.530800,-92.54,140.34
RX_528,-0.121500,51.530800,-91.40,139.20
RX_531,-0.121400,51.530800,-88.29,136.09
RX_531,-0.121400,51.530800,-87.27,135.07
RX_532,-0.121300,51.530800,-90.53,138.33
RX_533,-0.121300,51.530900,-91.72,139.52
RX_534,-0.121200,51.530900,-89.64,137.44
RX_534,-0.121200,51.530900,-91.63,139.43
RX_537,-0.121100,51.530900,-93.87,141.67
RX_537,-0.121100,51.530900,-94.15,141.95
RX_538,-0.121000,51.530900,-92.85,140.65
RX_538,-0.121000,51.530900,-93.29,141.09
RX_541,-0.120900,51.530900,-90.64,138.44
RX_541,-0.120900,51.530900,-91.31,139.11
RX_542,-0.120800,51.530900,-91.24,139.04
RX_542,-0.120800,51.530900,-91.39,139.19
RX_544,-0.120700,51.530900,-96.05,143.85
RX_545,-0.120600,51.530900,-96.57,144.37
RX_547,-0.120500,51.530900,-96.05,143.85
RX_547,-0.120500,51.530900,-92.13,139.93
RX_547,-0.120500,51.530900,-95.99,143.79
RX_549,-0.120400,51.530900,-93.81,141.61
RX_549,-0.120400,51.530900,-92.37,140.17
RX_553,-0.120300,51.530900,-92.55,140.35
RX_553,-0.120300,51.530900,-92.94,140.74
RX_553,-0.120300,51.530900,-94.51,142.31
RX_555,-0.120200,51.530900,-95.10,142.90
RX_555,-0.120200,51.530900,-92.65,140.45
RX_555,-0.120200,51.530900,-95.21,143.01
RX_557,-0.120100,51.530900,-93.56,141.36
RX_557,-0.120100,51.530900,-95.31,143.11
RX_560,-0.120000,51.530900,-96.25,144.05
RX_560,-0.120000,51.530900,-95.96,143.76
RX_561,-0.119900,51.530900,-93.62,141.42
RX_561,-0.119900,51.530900,-92.20,140.00
RX_561,-0.119900,51.530900,-93.19,140.99
RX_564,-0.119800,51.530900,-97.25,145.05
RX_564,-0.119800,51.530900,-94.23,142.03
RX_568,-0.119700,51.530900,-96.24,144.04
RX_568,-0.119700,51.530900,-96.52,144.32
RX_568,-0.119700,51.530900,-98.90,146.70
RX_570,-0.119600,51.530900,-96.78,144.58
RX_570,-0.119600,51.530900,-96.14,143.94
RX_571,-0.119500,51.530900,-98.26,146.06
RX_572,-0.119500,51.530800,-100.14,147.94
RX_572,-0.119500,51.530800,-99.91,147.71
RX_575,-0.119400,51.530800,-100.67,148.47
RX_575,-0.119400,51.530800,-102.50,150.30
RX_577,-0.119300,51.530800,-101.50,149.30
RX_577,-0.119300,51.530800,-101.77,149.57
RX_577,-0.119300,51.530800,-100.38,148.18
RX_579,-0.119200,51.530800,-102.63,150.43
RX_579,-0.119200,51.530800,-102.87,150.67
RX_581,-0.119100,51.530800,-104.31,152.11
RX_581,-0.119100,51.530800,-104.02,151.82
RX_584,-0.119000,51.530700,-104.72,152.52
RX_584,-0.119000,51.530700,-105.31,153.11
RX_586,-0.118900,51.530700,-104.69,152.49
RX_586,-0.118900,51.530700,-102.40,150.20
RX_586,-0.118900,51.530700,-104.08,151.88
RX_588,-0.118800,51.530700,-106.69,154.49
RX_588,-0.118800,51.530700,-102.89,150.69
RX_590,-0.118700,51.530700,-104.23,152.03
RX_590,-0.118700,51.530700,-103.00,150.80
RX_593,-0.118600,51.530700,-102.54,150.34
RX_593,-0.118600,51.530700,-102.35,150.15
RX_595,-0.118500,51.530600,-102.58,150.38
RX_595,-0.118500,51.530600,-100.05,147.85
RX_595,-0.118500,51.530600,-104.59,152.39
RX_597,-0.118400,51.530600,-104.44,152.24
RX_597,-0.118400,51.530600,-103.63,151.43
RX_599,-0.118300,51.530600,-103.67,151.47
RX_599,-0.118300,51.530600,-105.47,153.27
RX_601,-0.118200,51.530600,-105.08,152.88
RX_601,-0.118200,51.530600,-105.19,152.99
RX_603,-0.118100,51.530600,-104.74,152.54
RX_604,-0.118100,51.530500,-104.34,152.14
RX_604,-0.118100,51.530500,-106.39,154.19
RX_606,-0.118000,51.530500,-103.06,150.86
RX_606,-0.118000,51.530500,-105.28,153.08
RX_608,-0.117900,51.530500,-102.61,150.41
RX_608,-0.117900,51.530500,-101.49,149.29
RX_610,-0.117800,51.530500,-100.77,148.57
RX_610,-0.117800,51.530500,-102.64,150.44
RX_610,-0.117800,51.530500,-102.99,150.79
RX_613,-0.117700,51.530500,-104.22,152.02
RX_614,-0.117700,51.530400,-103.09,150.89
RX_616,-0.117600,51.530400,-101.43,149.23
RX_616,-0.117600,51.530400,-100.17,147.97
RX_618,-0.117500,51.530400,-103.72,151.52
RX_618,-0.117500,51.530400,-102.34,150.14
RX_618,-0.117500,51.530400,-102.66,150.46
RX_620,-0.117400,51.530400,-102.54,150.34
RX_620,-0.117400,51.530400,-103.17,150.97
RX_622,-0.117300,51.530400,-103.80,151.60
RX_623,-0.117300,51.530300,-103.19,150.99
RX_623,-0.117300,51.530300,-102.32,150.12
RX_626,-0.117200,51.530300,-101.08,148.88
RX_626,-0.117200,51.530300,-102.09,149.89
RX_627,-0.117100,51.530300,-98.69,146.49
RX_627,-0.117100,51.530300,-98.21,146.01
RX_630,-0.117000,51.530300,-98.79,146.59
RX_630,-0.117000,51.530300,-98.40,146.20
RX_631,-0.117000,51.530200,-100.94,148.74
RX_632,-0.116900,51.530200,-98.76,146.56
RX_632,-0.116900,51.530200,-100.75,148.55
RX_634,-0.116800,51.530200,-100.97,148.77
RX_634,-0.116800,51.530200,-103.20,151.00
RX_637,-0.116700,51.530200,-103.65,151.45
RX_637,-0.116700,51.530200,-103.69,151.49
RX_638,-0.116600,51.530100,-101.82,149.62
RX_638,-0.116600,51.530100,-103.44,151.24
RX_638,-0.116600,51.530100,-102.87,150.67
RX_642,-0.116500,51.530100,-103.80,151.60
RX_642,-0.116500,51.530100,-103.30,151.10
RX_643,-0.116400,51.530100,-105.26,153.06
RX_643,-0.116400,51.530100,-102.46,150.26
RX_647,-0.116300,51.530000,-101.49,149.29
RX_647,-0.116300,51.530000,-98.51,146.31
RX_647,-0.116300,51.530000,-100.27,148.07
RX_648,-0.116200,51.530000,-100.06,147.86
RX_648,-0.116200,51.530000,-101.31,149.11
RX_652,-0.116100,51.529900,-100.57,148.37
RX_652,-0.116100,51.529900,-102.17,149.97
RX_652,-0.116100,51.529900,-101.84,149.64
RX_655,-0.116000,51.529900,-100.88,148.68
RX_655,-0.116000,51.529900,-103.58,151.38
RX_655,-0.116000,51.529900,-104.97,152.77
RX_658,-0.115900,51.529800,-103.18,150.98
RX_658,-0.115900,51.529800,-102.53,150.33
RX_658,-0.115900,51.529800,-100.76,148.56
RX_658,-0.115900,51.529800,-101.84,149.64
RX_660,-0.115900,51.529700,-100.65,148.45
RX_663,-0.115800,51.529700,-102.13,149.93
RX_663,-0.115800,51.529700,-101.53,149.33
RX_663,-0.115800,51.529700,-100.55,148.35
RX_666,-0.115800,51.529600,-101.17,148.97
RX_666,-0.115800,51.529600,-101.63,149.43
RX_666,-0.115800,51.529600,-99.13,146.93
RX_666,-0.115800,51.529600,-101.33,149.13
RX_671,-0.115700,51.529500,-100.75,148.55
RX_671,-0.115700,51.529500,-100.94,148.74
RX_671,-0.115700,51.529500,-100.28,148.08
RX_671,-0.115700,51.529500,-100.56,148.36
RX_672,-0.115700,51.529400,-101.43,149.23
RX_672,-0.115700,51.529400,-101.43,149.23
RX_672,-0.115700,51.529400,-103.71,151.51
RX_678,-0.115700,51.529300,-103.88,151.68
RX_678,-0.115700,51.529300,-103.98,151.78
RX_678,-0.115700,51.529300,-102.72,150.52
RX_678,-0.115700,51.529300,-105.38,153.18
RX_679,-0.115700,51.529200,-105.13,152.93
RX_679,-0.115700,51.529200,-104.59,152.39
RX_679,-0.115700,51.529200,-104.55,152.35
RX_683,-0.115700,51.529100,-104.24,152.04
RX_683,-0.115700,51.529100,-104.37,152.17
RX_684,-0.115700,51.529000,-105.97,153.77
RX_684,-0.115700,51.529000,-104.09,151.89
RX_684,-0.115700,51.529000,-102.12,149.92
RX_684,-0.115700,51.529000,-104.19,151.99
RX_690,-0.115700,51.528900,-104.09,151.89
RX_690,-0.115700,51.528900,-103.52,151.32
RX_690,-0.115700,51.528900,-104.09,151.89
RX_690,-0.115700,51.528900,-102.80,150.60
RX_692,-0.115700,51.528800,-103.24,151.04
RX_692,-0.115700,51.528800,-104.83,152.63
RX_692,-0.115700,51.528800,-103.30,151.10
RX_692,-0.115700,51.528800,-103.39,151.19
RX_696,-0.115700,51.528700,-105.01,152.81
RX_696,-0.115700,51.528700,-105.86,153.66
RX_696,-0.115700,51.528700,-107.48,155.28
RX_699,-0.115600,51.528700,-107.82,155.62
RX_702,-0.115600,51.528600,-107.28,155.08
RX_702,-0.115600,51.528600,-106.57,154.37
RX_702,-0.115600,51.528600,-106.51,154.31
RX_704,-0.115600,51.528500,-104.90,152.70
RX_704,-0.115600,51.528500,-103.99,151.79
RX_704,-0.115600,51.528500,-104.98,152.78
RX_706,-0.115600,51.528400,-101.70,149.50
RX_706,-0.115600,51.528400,-100.79,148.59
RX_706,-0.115600,51.528400,-101.66,149.46
RX_706,-0.115600,51.528400,-106.31,154.11
RX_713,-0.115600,51.528300,-106.86,154.66
RX_713,-0.115600,51.528300,-107.17,154.97
RX_713,-0.115600,51.528300,-109.30,157.10
RX_713,-0.115600,51.528300,-108.16,155.96
RX_716,-0.115600,51.528200,-105.86,153.66
RX_716,-0.115600,51.528200,-105.80,153.60
RX_716,-0.115600,51.528200,-106.61,154.41
RX_719,-0.115600,51.528100,-106.21,154.01
RX_719,-0.115600,51.528100,-104.61,152.41
RX_719,-0.115600,51.528100,-105.00,152.80
RX_720,-0.115500,51.528000,-104.51,152.31
RX_720,-0.115500,51.528000,-103.04,150.84
RX_720,-0.115500,51.528000,-103.93,151.73
RX_726,-0.115500,51.527900,-102.10,149.90
RX_726,-0.115500,51.527900,-103.71,151.51
RX_726,-0.115500,51.527900,-102.63,150.43
RX_726,-0.115500,51.527900,-103.59,151.39
RX_726,-0.115500,51.527900,-105.41,153.21
RX_728,-0.115500,51.527800,-103.89,151.69
RX_730,-0.115400,51.527800,-104.05,151.85
RX_730,-0.115400,51.527800,-101.68,149.48
RX_730,-0.115400,51.527800,-105.25,153.05
RX_732,-0.115400,51.527700,-105.86,153.66
RX_732,-0.115400,51.527700,-105.67,153.47
RX_735,-0.115300,51.527700,-103.76,151.56
RX_735,-0.115300,51.527700,-104.31,152.11
RX_735,-0.115300,51.527700,-107.67,155.47
RX_738,-0.115300,51.527600,-100.09,147.89
RX_738,-0.115300,51.527600,-98.11,145.91
RX_739,-0.115200,51.527600,-100.23,148.03
RX_740,-0.115200,51.527500,-99.38,147.18
RX_740,-0.115200,51.527500,-98.60,146.40
RX_744,-0.115100,51.527500,-99.91,147.71
RX_744,-0.115100,51.527500,-98.57,146.37
RX_744,-0.115100,51.527500,-101.41,149.21
RX_745,-0.115000,51.527400,-104.40,152.20
RX_745,-0.115000,51.527400,-102.58,150.38
RX_745,-0.115000,51.527400,-105.24,153.04
RX_748,-0.114900,51.527400,-105.72,153.52
RX_750,-0.114900,51.527300,-108.02,155.82
RX_750,-0.114900,51.527300,-106.74,154.54
RX_751,-0.114800,51.527300,-103.77,151.57
RX_751,-0.114800,51.527300,-107.66,155.46
RX_751,-0.114800,51.527300,-103.97,151.77
RX_756,-0.114700,51.527200,-103.12,150.92
RX_756,-0.114700,51.527200,-104.28,152.08
RX_756,-0.114700,51.527200,-103.54,151.34
RX_757,-0.114600,51.527200,-104.97,152.77
RX_759,-0.114600,51.527100,-105.19,152.99
RX_759,-0.114600,51.527100,-102.39,150.19
RX_762,-0.114500,51.527100,-101.11,148.91
RX_762,-0.114500,51.527100,-100.71,148.51
RX_762,-0.114500,51.527100,-102.33,150.13
RX_764,-0.114400,51.527000,-100.95,148.75
RX_764,-0.114400,51.527000,-99.41,147.21
RX_765,-0.114300,51.527000,-102.61,150.41
RX_766,-0.114300,51.526900,-102.33,150.13
RX_767,-0.114200,51.526900,-100.96,148.76
RX_767,-0.114200,51.526900,-101.25,149.05
RX_767,-0.114200,51.526900,-100.38,148.18
RX_771,-0.114100,51.526900,-100.09,147.89
RX_771,-0.114100,51.526900,-100.07,147.87
RX_771,-0.114100,51.526900,-99.64,147.44
RX_771,-0.114100,51.526900,-101.02,148.82
RX_776,-0.114000,51.526900,-100.91,148.71
RX_776,-0.114000,51.526900,-103.14,150.94
RX_776,-0.114000,51.526900,-102.16,149.96
RX_777,-0.113900,51.526900,-102.07,149.87
RX_778,-0.113900,51.526800,-102.14,149.94
RX_778,-0.113900,51.526800,-101.72,149.52
RX_778,-0.113900,51.526800,-100.20,148.00
RX_781,-0.113800,51.526800,-102.73,150.53
RX_781,-0.113800,51.526800,-102.21,150.01
RX_781,-0.113800,51.526800,-99.75,147.55
RX_785,-0.113700,51.526800,-99.51,147.31
RX_785,-0.113700,51.526800,-99.62,147.42
RX_787,-0.113600,51.526700,-101.39,149.19
RX_787,-0.113600,51.526700,-100.03,147.83
RX_788,-0.113500,51.526700,-99.03,146.83
RX_788,-0.113500,51.526700,-99.39,147.19
RX_790,-0.113400,51.526700,-94.15,141.95
RX_790,-0.113400,51.526700,-95.39,143.19
RX_792,-0.113300,51.526600,-97.38,145.18
RX_792,-0.113300,51.526600,-96.18,143.98
RX_794,-0.113200,51.526600,-97.39,145.19
RX_794,-0.113200,51.526600,-95.68,143.48
RX_796,-0.113200,51.526700,-99.96,147.76
RX_800,-0.113100,51.526700,-99.32,147.12
RX_800,-0.113100,51.526700,-101.45,149.25
RX_800,-0.113100,51.526700,-101.51,149.31
RX_800,-0.113100,51.526700,-102.25,150.05
RX_803,-0.113100,51.526800,-103.60,151.40
RX_803,-0.113100,51.526800,-103.05,150.85
RX_803,-0.113100,51.526800,-102.43,150.23
RX_804,-0.113000,51.526800,-100.93,148.73
RX_804,-0.113000,51.526800,-101.54,149.34
RX_804,-0.113000,51.526800,-104.30,152.10
RX_809,-0.113000,51.526900,-102.45,150.25
RX_809,-0.113000,51.526900,-101.28,149.08
RX_809,-0.113000,51.526900,-98.16,145.96
RX_809,-0.113000,51.526900,-101.42,149.22
RX_811,-0.113000,51.527000,-102.08,149.88
RX_811,-0.113000,51.527000,-100.64,148.44
RX_814,-0.112900,51.527000,-104.63,152.43
RX_814,-0.112900,51.527000,-100.65,148.45
RX_815,-0.112900,51.527100,-97.67,145.47
RX_815,-0.112900,51.527100,-100.09,147.89
RX_815,-0.112900,51.527100,-98.84,146.64
RX_818,-0.112900,51.527200,-99.59,147.39
RX_819,-0.112800,51.527200,-100.12,147.92
RX_819,-0.112800,51.527200,-99.47,147.27
RX_822,-0.112800,51.527300,-101.53,149.33
RX_822,-0.112800,51.527300,-102.13,149.93
RX_822,-0.112800,51.527300,-103.98,151.78
RX_827,-0.112700,51.527400,-103.15,150.95
RX_827,-0.112700,51.527400,-101.97,149.77
RX_827,-0.112700,51.527400,-101.67,149.47
RX_827,-0.112700,51.527400,-101.58,149.38
RX_827,-0.112700,51.527400,-102.33,150.13
RX_829,-0.112700,51.527500,-103.51,151.31
RX_829,-0.112700,51.527500,-102.79,150.59
RX_829,-0.112700,51.527500,-104.76,152.56
RX_833,-0.112600,51.527500,-103.22,151.02
RX_833,-0.112600,51.527500,-101.93,149.73
RX_834,-0.112600,51.527600,-100.75,148.55
RX_834,-0.112600,51.527600,-98.15,145.95
RX_836,-0.112500,51.527600,-100.42,148.22
RX_836,-0.112500,51.527600,-100.94,148.74
RX_838,-0.112500,51.527700,-101.16,148.96
RX_838,-0.112500,51.527700,-100.82,148.62
RX_840,-0.112400,51.527700,-100.55,148.35
RX_840,-0.112400,51.527700,-101.49,149.29
RX_842,-0.112400,51.527800,-98.05,145.85
RX_846,-0.112300,51.527800,-100.52,148.32
RX_846,-0.112300,51.527800,-98.09,145.89
RX_846,-0.112300,51.527800,-99.28,147.08
RX_846,-0.112300,51.527800,-99.26,147.06
RX_848,-0.112200,51.527900,-98.18,145.98
RX_848,-0.112200,51.527900,-97.59,145.39
RX_848,-0.112200,51.527900,-98.69,146.49
RX_848,-0.112200,51.527900,-96.96,144.76
RX_851,-0.112100,51.527900,-96.51,144.31
RX_852,-0.112100,51.528000,-95.16,142.96
RX_852,-0.112100,51.528000,-94.80,142.60
RX_854,-0.112000,51.528000,-94.92,142.72
RX_854,-0.112000,51.528000,-92.25,140.05
RX_856,-0.112000,51.528100,-94.00,141.80
RX_858,-0.111900,51.528100,-92.31,140.11
RX_858,-0.111900,51.528100,-92.14,139.94
RX_858,-0.111900,51.528100,-92.03,139.83
RX_860,-0.111800,51.528200,-89.79,137.59
RX_860,-0.111800,51.528200,-87.02,134.82
RX_860,-0.111800,51.528200,-87.72,135.52
RX_863,-0.111700,51.528200,-89.57,137.37
RX_863,-0.111700,51.528200,-88.95,136.75
RX_865,-0.111700,51.528300,-89.87,137.67
RX_865,-0.111700,51.528300,-89.89,137.69
RX_867,-0.111600,51.528300,-90.44,138.24
RX_867,-0.111600,51.528300,-89.91,137.71
RX_867,-0.111600,51.528300,-89.82,137.62
RX_872,-0.111500,51.528400,-90.25,138.05
RX_872,-0.111500,51.528400,-90.22,138.02
RX_872,-0.111500,51.528400,-92.46,140.26
RX_873,-0.111400,51.528400,-90.58,138.38
RX_873,-0.111400,51.528400,-91.13,138.93
RX_875,-0.111400,51.528500,-90.58,138.38
RX_877,-0.111300,51.528500,-91.77,139.57
RX_877,-0.111300,51.528500,-92.58,140.38
RX_878,-0.111300,51.528600,-93.73,141.53
RX_879,-0.111200,51.528600,-93.19,140.99
RX_879,-0.111200,51.528600,-93.56,141.36
RX_879,-0.111200,51.528600,-93.55,141.35
RX_883,-0.111100,51.528600,-94.09,141.89
RX_883,-0.111100,51.528600,-93.66,141.46
RX_884,-0.111100,51.528700,-92.30,140.10
RX_886,-0.111000,51.528700,-91.93,139.73
RX_886,-0.111000,51.528700,-92.39,140.19
RX_886,-0.111000,51.528700,-91.76,139.56
RX_888,-0.110900,51.528700,-90.94,138.74
RX_889,-0.110900,51.528800,-93.32,141.12
RX_891,-0.110800,51.528800,-94.34,142.14
RX_891,-0.110800,51.528800,-96.80,144.60
RX_893,-0.110700,51.528800,-94.83,142.63
RX_893,-0.110700,51.528800,-96.87,144.67
RX_894,-0.110600,51.528800,-96.87,144.67
RX_896,-0.110600,51.528900,-97.10,144.90
RX_896,-0.110600,51.528900,-97.93,145.73
RX_897,-0.110500,51.528900,-97.16,144.96
RX_897,-0.110500,51.528900,-98.80,146.60
RX_900,-0.110400,51.528900,-97.26,145.06
RX_900,-0.110400,51.528900,-98.71,146.51
RX_901,-0.110300,51.529000,-99.86,147.66
RX_901,-0.110300,51.529000,-97.68,145.48
RX_901,-0.110300,51.529000,-99.19,146.99
RX_901,-0.110300,51.529000,-102.69,150.49
RX_906,-0.110200,51.529000,-104.65,152.45
RX_906,-0.110200,51.529000,-104.53,152.33
RX_907,-0.110300,51.529100,-107.08,154.88
RX_907,-0.110300,51.529100,-105.77,153.57
RX_907,-0.110300,51.529100,-109.87,157.67
RX_911,-0.110300,51.529200,-107.73,155.53
RX_911,-0.110300,51.529200,-109.29,157.09
RX_911,-0.110300,51.529200,-106.21,154.01
RX_911,-0.110300,51.529200,-105.23,153.03
RX_914,-0.110300,51.529300,-107.31,155.11
RX_914,-0.110300,51.529300,-105.88,153.68
RX_914,-0.110300,51.529300,-106.63,154.43
RX_917,-0.110300,51.529400,-107.57,155.37
RX_917,-0.110300,51.529400,-107.05,154.85
RX_919,-0.110400,51.529400,-106.45,154.25
RX_919,-0.110400,51.529400,-106.21,154.01
RX_922,-0.110400,51.529500,-106.62,154.42
RX_922,-0.110400,51.529500,-106.05,153.85
RX_922,-0.110400,51.529500,-105.37,153.17
RX_922,-0.110400,51.529500,-104.44,152.24
RX_926,-0.110400,51.529600,-103.61,151.41
RX_926,-0.110400,51.529600,-103.89,151.69
RX_926,-0.110400,51.529600,-102.98,150.78
RX_929,-0.110400,51.529700,-104.50,152.30
RX_929,-0.110400,51.529700,-104.34,152.14
RX_929,-0.110400,51.529700,-104.98,152.78
RX_929,-0.110400,51.529700,-103.61,151.41
RX_934,-0.110500,51.529800,-104.23,152.03
RX_934,-0.110500,51.529800,-103.44,151.24
RX_934,-0.110500,51.529800,-102.06,149.86
RX_937,-0.110500,51.529900,-102.30,150.10
RX_937,-0.110500,51.529900,-99.47,147.27
RX_937,-0.110500,51.529900,-99.35,147.15
RX_937,-0.110500,51.529900,-99.12,146.92
RX_939,-0.110500,51.530000,-101.30,149.10
RX_939,-0.110500,51.530000,-103.12,150.92
RX_939,-0.110500,51.530000,-103.41,151.21
RX_942,-0.110500,51.530100,-105.03,152.83
RX_943,-0.110600,51.530100,-104.14,151.94
RX_943,-0.110600,51.530100,-103.56,151.36
RX_945,-0.110600,51.530200,-105.66,153.46
RX_945,-0.110600,51.530200,-106.44,154.24
RX_945,-0.110600,51.530200,-105.30,153.10
RX_950,-0.110600,51.530300,-107.05,154.85
RX_950,-0.110600,51.530300,-103.14,150.94
RX_950,-0.110600,51.530300,-107.06,154.86
RX_952,-0.110700,51.530300,-105.17,152.97
RX_952,-0.110700,51.530300,-106.60,154.40
RX_954,-0.110700,51.530400,-104.71,152.51
RX_954,-0.110700,51.530400,-106.22,154.02
RX_954,-0.110700,51.530400,-107.48,155.28
RX_957,-0.110700,51.530500,-104.59,152.39
RX_957,-0.110700,51.530500,-104.30,152.10
RX_957,-0.110700,51.530500,-105.85,153.65
RX_959,-0.110800,51.530500,-105.39,153.19
RX_962,-0.110800,51.530600,-104.85,152.65
RX_962,-0.110800,51.530600,-104.59,152.39
RX_962,-0.110800,51.530600,-105.10,152.90
RX_962,-0.110800,51.530600,-104.20,152.00
RX_964,-0.110800,51.530700,-104.53,152.33
RX_964,-0.110800,51.530700,-104.08,151.88
RX_964,-0.110800,51.530700,-104.96,152.76
RX_964,-0.110800,51.530700,-103.31,151.11
RX_970,-0.110900,51.530800,-104.05,151.85
RX_970,-0.110900,51.530800,-106.03,153.83
RX_970,-0.110900,51.530800,-102.99,150.79
RX_970,-0.110900,51.530800,-103.86,151.66
RX_972,-0.110900,51.530900,-103.32,151.12
RX_972,-0.110900,51.530900,-103.70,151.50
RX_972,-0.110900,51.530900,-103.78,151.58
RX_975,-0.110900,51.531000,-102.18,149.98
RX_976,-0.111000,51.531000,-103.74,151.54
RX_976,-0.111000,51.531000,-101.49,149.29
RX_978,-0.111000,51.531100,-101.98,149.78
RX_978,-0.111000,51.531100,-102.48,150.28
RX_978,-0.111000,51.531100,-101.06,148.86
RX_978,-0.111000,51.531100,-100.96,148.76
RX_985,-0.111100,51.531200,-101.11,148.91
RX_985,-0.111100,51.531200,-99.47,147.27
RX_985,-0.111100,51.531200,-101.52,149.32
RX_985,-0.111100,51.531200,-99.16,146.96
RX_986,-0.111100,51.531300,-100.91,148.71
RX_988,-0.111100,51.531400,-99.83,147.63
RX_988,-0.111100,51.531400,-99.75,147.55
RX_988,-0.111100,51.531400,-100.21,148.01
RX_990,-0.111200,51.531400,-97.54,145.34
RX_990,-0.111200,51.531400,-98.72,146.52
RX_994,-0.111200,51.531500,-96.81,144.61
RX_994,-0.111200,51.531500,-95.40,143.20
RX_994,-0.111200,51.531500,-93.75,141.55
RX_994,-0.111200,51.531500,-92.57,140.37
RX_998,-0.111200,51.531600,-91.89,139.69
RX_998,-0.111200,51.531600,-89.51,137.31
RX_998,-0.111200,51.531600,-91.51,139.31
RX_998,-0.111200,51.531600,-89.97,137.77
RX_1000,-0.111100,51.531600,-90.57,138.37
RX_1000,-0.111100,51.531600,-87.87,135.67
RX_1003,-0.111000,51.531600,-89.14,136.94
RX_1003,-0.111000,51.531600,-91.12,138.92
RX_1003,-0.111000,51.531600,-90.77,138.57
RX_1005,-0.110900,51.531600,-88.43,136.23
RX_1006,-0.110900,51.531700,-90.45,138.25
RX_1007,-0.110800,51.531700,-91.12,138.92
RX_1007,-0.110800,51.531700,-90.44,138.24
RX_1007,-0.110800,51.531700,-90.59,138.39
RX_1011,-0.110700,51.531700,-89.47,137.27
RX_1011,-0.110700,51.531700,-87.87,135.67
RX_1012,-0.110600,51.531700,-93.90,141.70
RX_1012,-0.110600,51.531700,-94.66,142.46
RX_1015,-0.110500,51.531700,-90.96,138.76
RX_1015,-0.110500,51.531700,-94.45,142.25
RX_1016,-0.110400,51.531700,-94.16,141.96
RX_1016,-0.110400,51.531700,-97.10,144.90
RX_1019,-0.110300,51.531700,-96.30,144.10
RX_1019,-0.110300,51.531700,-96.08,143.88
RX_1020,-0.110200,51.531700,-94.39,142.19
RX_1020,-0.110200,51.531700,-95.16,142.96
RX_1020,-0.110200,51.531700,-92.34,140.14
RX_1023,-0.110100,51.531800,-93.07,140.87
RX_1023,-0.110100,51.531800,-97.00,144.80
RX_1026,-0.110000,51.531800,-99.34,147.14
RX_1026,-0.110000,51.531800,-97.39,145.19
RX_1027,-0.109900,51.531800,-97.83,145.63
RX_1027,-0.109900,51.531800,-94.10,141.90
RX_1029,-0.109800,51.531800,-94.31,142.11
RX_1029,-0.109800,51.531800,-95.71,143.51
RX_1032,-0.109700,51.531800,-97.34,145.14
RX_1032,-0.109700,51.531800,-95.56,143.36
RX_1034,-0.109600,51.531800,-95.58,143.38
RX_1034,-0.109600,51.531800,-98.56,146.36
RX_1034,-0.109600,51.531800,-96.53,144.33
RX_1036,-0.109500,51.531800,-99.89,147.69
RX_1036,-0.109500,51.531800,-98.75,146.55
RX_1039,-0.109400,51.531800,-99.17,146.97
RX_1039,-0.109400,51.531800,-100.19,147.99
RX_1041,-0.109300,51.531800,-98.06,145.86
RX_1041,-0.109300,51.531800,-99.55,147.35
RX_1043,-0.109200,51.531800,-99.82,147.62
RX_1043,-0.109200,51.531800,-100.22,148.02
RX_1044,-0.109100,51.531800,-99.68,147.48
RX_1044,-0.109100,51.531800,-101.00,148.80
RX_1044,-0.109100,51.531800,-100.63,148.43
RX_1047,-0.109000,51.531800,-100.99,148.79
RX_1047,-0.109000,51.531800,-101.76,149.56
RX_1050,-0.108900,51.531800,-101.17,148.97
RX_1050,-0.108900,51.531800,-100.60,148.40
RX_1052,-0.108800,51.531800,-101.74,149.54
RX_1052,-0.108800,51.531800,-103.49,151.29
RX_1053,-0.108700,51.531800,-102.75,150.55
RX_1053,-0.108700,51.531800,-101.23,149.03
RX_1055,-0.108600,51.531800,-100.89,148.69
RX_1055,-0.108600,51.531800,-103.31,151.11
RX_1055,-0.108600,51.531800,-104.40,152.20
RX_1058,-0.108500,51.531800,-102.61,150.41
RX_1058,-0.108500,51.531800,-99.42,147.22
RX_1061,-0.108400,51.531800,-99.26,147.06
RX_1061,-0.108400,51.531800,-102.34,150.14
RX_1063,-0.108300,51.531800,-103.61,151.41
RX_1063,-0.108300,51.531800,-103.41,151.21
RX_1065,-0.108200,51.531800,-104.30,152.10
RX_1065,-0.108200,51.531800,-102.38,150.18
RX_1065,-0.108200,51.531800,-102.63,150.43
RX_1067,-0.108100,51.531800,-102.68,150.48
RX_1067,-0.108100,51.531800,-107.27,155.07
RX_1069,-0.108000,51.531800,-105.57,153.37
RX_1070,-0.108000,51.531900,-105.76,153.56
RX_1071,-0.107900,51.531900,-101.22,149.02
RX_1071,-0.107900,51.531900,-99.85,147.65
RX_1074,-0.107800,51.531900,-100.72,148.52
RX_1074,-0.107800,51.531900,-99.99,147.79
RX_1076,-0.107700,51.531900,-104.83,152.63
RX_1076,-0.107700,51.531900,-103.95,151.75
RX_1077,-0.107600,51.531900,-104.91,152.71
RX_1077,-0.107600,51.531900,-104.67,152.47
RX_1080,-0.107500,51.531900,-102.67,150.47
RX_1080,-0.107500,51.531900,-101.57,149.37
RX_1081,-0.107400,51.531900,-102.50,150.30
RX_1083,-0.107300,51.531900,-106.04,153.84
RX_1083,-0.107300,51.531900,-107.81,155.61
RX_1085,-0.107200,51.531900,-106.28,154.08
RX_1085,-0.107200,51.531900,-108.81,156.61
RX_1087,-0.107100,51.531900,-101.62,149.42
RX_1087,-0.107100,51.531900,-102.15,149.95
RX_1088,-0.107000,51.531900,-103.22,151.02
RX_1089,-0.106900,51.531900,-105.58,153.38
RX_1089,-0.106900,51.531900,-101.90,149.70
RX_1093,-0.106800,51.531900,-100.92,148.72
RX_1093,-0.106800,51.531900,-103.98,151.78
RX_1093,-0.106800,51.531900,-104.23,152.03
RX_1094,-0.106700,51.531900,-103.35,151.15
RX_1094,-0.106700,51.531900,-103.88,151.68
RX_1094,-0.106700,51.531900,-103.67,151.47
RX_1098,-0.106600,51.531900,-101.03,148.83
RX_1098,-0.106600,51.531900,-101.46,149.26
RX_1100,-0.106500,51.531900,-103.83,151.63
RX_1100,-0.106500,51.531900,-103.03,150.83
RX_1100,-0.106500,51.531900,-103.11,150.91
RX_1102,-0.106400,51.531900,-102.83,150.63
RX_1102,-0.106400,51.531900,-103.28,151.08
RX_1104,-0.106300,51.531900,-103.54,151.34
RX_1104,-0.106300,51.531900,-101.79,149.59
RX_1106,-0.106200,51.531900,-98.58,146.38
RX_1106,-0.106200,51.531900,-97.90,145.70
RX_1109,-0.106100,51.531900,-99.14,146.94
RX_1109,-0.106100,51.531900,-101.14,148.94
RX_1111,-0.106000,51.531900,-100.14,147.94
RX_1111,-0.106000,51.531900,-100.85,148.65
RX_1112,-0.105900,51.531900,-99.69,147.49
RX_1112,-0.105900,51.531900,-98.42,146.22
RX_1115,-0.105800,51.531900,-100.46,148.26
RX_1115,-0.105800,51.531900,-98.98,146.78
RX_1116,-0.105700,51.531900,-100.97,148.77
RX_1116,-0.105700,51.531900,-99.77,147.57
RX_1118,-0.105700,51.531800,-99.80,147.60
RX_1119,-0.105600,51.531800,-102.37,150.17
RX_1119,-0.105600,51.531800,-104.05,151.85
RX_1121,-0.105500,51.531800,-104.80,152.60
RX_1121,-0.105500,51.531800,-105.73,153.53
RX_1124,-0.105400,51.531800,-104.21,152.01
RX_1124,-0.105400,51.531800,-106.47,154.27
RX_1126,-0.105300,51.531800,-104.79,152.59
RX_1126,-0.105300,51.531800,-104.44,152.24
RX_1127,-0.105300,51.531700,-106.78,154.58
RX_1128,-0.105200,51.531700,-107.87,155.67
RX_1130,-0.105100,51.531700,-106.81,154.61
RX_1130,-0.105100,51.531700,-109.25,157.05
RX_1130,-0.105100,51.531700,-107.63,155.43
RX_1134,-0.105000,51.531700,-104.70,152.50
RX_1134,-0.105000,51.531700,-106.46,154.26
RX_1134,-0.105000,51.531700,-108.10,155.90
RX_1135,-0.104900,51.531600,-105.00,152.80
RX_1137,-0.104800,51.531600,-103.46,151.26
RX_1137,-0.104800,51.531600,-106.08,153.88
RX_1137,-0.104800,51.531600,-107.77,155.57
RX_1139,-0.104700,51.531600,-107.56,155.36
RX_1139,-0.104700,51.531600,-104.85,152.65
RX_1139,-0.104700,51.531600,-104.96,152.76
RX_1139,-0.104700,51.531600,-105.58,153.38
RX_1143,-0.104600,51.531600,-108.12,155.92
RX_1143,-0.104600,51.531600,-104.16,151.96
RX_1145,-0.104600,51.531500,-102.97,150.77
RX_1146,-0.104500,51.531500,-104.68,152.48
RX_1146,-0.104500,51.531500,-104.16,151.96
RX_1146,-0.104500,51.531500,-104.32,152.12
RX_1149,-0.104400,51.531500,-103.05,150.85
RX_1149,-0.104400,51.531500,-104.05,151.85
RX_1151,-0.104300,51.531500,-107.01,154.81
RX_1151,-0.104300,51.531500,-107.09,154.89
RX_1151,-0.104300,51.531500,-106.94,154.74
RX_1155,-0.104200,51.531400,-106.23,154.03
RX_1155,-0.104200,51.531400,-105.66,153.46
RX_1156,-0.104100,51.531400,-106.83,154.63
RX_1156,-0.104100,51.531400,-106.10,153.90
RX_1158,-0.104000,51.531400,-106.33,154.13
RX_1158,-0.104000,51.531400,-105.54,153.34
RX_1158,-0.104000,51.531400,-105.96,153.76
RX_1161,-0.103900,51.531400,-109.49,157.29
RX_1161,-0.103900,51.531400,-105.60,153.40
RX_1163,-0.103800,51.531300,-108.62,156.42
RX_1163,-0.103800,51.531300,-108.46,156.26
RX_1163,-0.103800,51.531300,-109.57,157.37
RX_1166,-0.103700,51.531300,-109.44,157.24
RX_1166,-0.103700,51.531300,-107.12,154.92
RX_1169,-0.103600,51.531300,-107.71,155.51
RX_1169,-0.103600,51.531300,-106.84,154.64
RX_1170,-0.103500,51.531300,-106.29,154.09
RX_1170,-0.103500,51.531300,-105.84,153.64
RX_1172,-0.103500,51.531200,-106.38,154.18
RX_1173,-0.103400,51.531200,-109.60,157.40
RX_1173,-0.103400,51.531200,-109.33,157.13
RX_1175,-0.103300,51.531200,-108.57,156.37
RX_1175,-0.103300,51.531200,-110.61,158.41
RX_1177,-0.103200,51.531200,-110.88,158.68
RX_1177,-0.103200,51.531200,-107.54,155.34
RX_1179,-0.103100,51.531200,-108.25,156.05
RX_1179,-0.103100,51.531200,-109.08,156.88
RX_1181,-0.103100,51.531100,-106.31,154.11
RX_1182,-0.103000,51.531100,-111.39,159.19
RX_1182,-0.103000,51.531100,-110.87,158.67
RX_1184,-0.102900,51.531100,-106.37,154.17
RX_1184,-0.102900,51.531100,-104.66,152.46
RX_1184,-0.102900,51.531100,-104.44,152.24
RX_1187,-0.102800,51.531100,-103.97,151.77
RX_1187,-0.102800,51.531100,-105.55,153.35
RX_1191,-0.102700,51.531100,-104.73,152.53
RX_1191,-0.102700,51.531100,-104.65,152.45
RX_1191,-0.102700,51.531100,-106.23,154.03
RX_1192,-0.102600,51.531100,-108.17,155.97
RX_1193,-0.102600,51.531000,-103.08,150.88
RX_1194,-0.102500,51.531000,-100.54,148.34
RX_1194,-0.102500,51.531000,-99.54,147.34
RX_1194,-0.102500,51.531000,-100.28,148.08
RX_1198,-0.102400,51.531000,-102.77,150.57
RX_1198,-0.102400,51.531000,-102.53,150.33
RX_1199,-0.102300,51.531000,-104.70,152.50
RX_1199,-0.102300,51.531000,-106.33,154.13
RX_1201,-0.102200,51.531000,-108.83,156.63
RX_1202,-0.102200,51.530900,-109.38,157.18
RX_1203,-0.102100,51.530900,-109.80,157.60
RX_1203,-0.102100,51.530900,-108.57,156.37
RX_1207,-0.102000,51.530900,-108.74,156.54
RX_1207,-0.102000,51.530900,-106.54,154.34
RX_1207,-0.102000,51.530900,-103.99,151.79
RX_1208,-0.101900,51.530900,-101.54,149.34
RX_1208,-0.101900,51.530900,-96.88,144.68
RX_1210,-0.101800,51.530900,-100.83,148.63
RX_1211,-0.101800,51.530800,-104.68,152.48
RX_1211,-0.101800,51.530800,-107.03,154.83
RX_1213,-0.101700,51.530800,-104.48,152.28
RX_1213,-0.101700,51.530800,-108.01,155.81
RX_1215,-0.101600,51.530800,-108.46,156.26
RX_1215,-0.101600,51.530800,-106.77,154.57
RX_1219,-0.101500,51.530800,-104.10,151.90
RX_1219,-0.101500,51.530800,-105.32,153.12
RX_1219,-0.101500,51.530800,-107.65,155.45
RX_1220,-0.101400,51.530800,-103.13,150.93
RX_1222,-0.101400,51.530700,-101.23,149.03
RX_1222,-0.101400,51.530700,-102.71,150.51
RX_1224,-0.101300,51.530700,-98.93,146.73
RX_1224,-0.101300,51.530700,-100.50,148.30
RX_1226,-0.101200,51.530700,-101.84,149.64
RX_1226,-0.101200,51.530700,-101.86,149.66
RX_1229,-0.101100,51.530700,-98.81,146.61
RX_1229,-0.101100,51.530700,-97.19,144.99
RX_1229,-0.101100,51.530700,-97.47,145.27
RX_1230,-0.101000,51.530600,-100.89,148.69
RX_1230,-0.101000,51.530600,-105.07,152.87
RX_1232,-0.100900,51.530600,-102.78,150.58
RX_1232,-0.100900,51.530600,-100.36,148.16
RX_1232,-0.100900,51.530600,-99.28,147.08
RX_1235,-0.100800,51.530600,-98.56,146.36
RX_1236,-0.100700,51.530600,-102.87,150.67
RX_1236,-0.100700,51.530600,-104.01,151.81
RX_1238,-0.100700,51.530500,-102.76,150.56
RX_1240,-0.100600,51.530500,-100.28,148.08
RX_1240,-0.100600,51.530500,-101.23,149.03
RX_1241,-0.100500,51.530500,-100.63,148.43
RX_1241,-0.100500,51.530500,-100.59,148.39
RX_1241,-0.100500,51.530500,-100.98,148.78
RX_1244,-0.100400,51.530500,-100.13,147.93
RX_1244,-0.100400,51.530500,-103.17,150.97
RX_1246,-0.100300,51.530500,-102.59,150.39
RX_1247,-0.100300,51.530400,-105.09,152.89
RX_1247,-0.100300,51.530400,-105.77,153.57
RX_1250,-0.100200,51.530400,-106.38,154.18
RX_1250,-0.100200,51.530400,-100.74,148.54
RX_1252,-0.100100,51.530400,-101.13,148.93
RX_1252,-0.100100,51.530400,-101.88,149.68
RX_1253,-0.100000,51.530400,-102.43,150.23
RX_1253,-0.100000,51.530400,-102.81,150.61
RX_1255,-0.099900,51.530400,-101.07,148.87
RX_1255,-0.099900,51.530400,-100.62,148.42
RX_1257,-0.099900,51.530300,-105.09,152.89
RX_1259,-0.099800,51.530300,-99.30,147.10
RX_1259,-0.099800,51.530300,-99.00,146.80
RX_1259,-0.099800,51.530300,-99.17,146.97
RX_1262,-0.099700,51.530300,-102.64,150.44
RX_1262,-0.099700,51.530300,-105.51,153.31
RX_1263,-0.099600,51.530300,-103.99,151.79
RX_1263,-0.099600,51.530300,-102.54,150.34
RX_1265,-0.099500,51.530300,-105.49,153.29
RX_1266,-0.099500,51.530200,-106.58,154.38
RX_1269,-0.099400,51.530200,-104.75,152.55
RX_1269,-0.099400,51.530200,-102.03,149.83
RX_1269,-0.099400,51.530200,-102.86,150.66
RX_1271,-0.099300,51.530200,-100.58,148.38
RX_1271,-0.099300,51.530200,-103.53,151.33
RX_1273,-0.099200,51.530200,-99.28,147.08
RX_1273,-0.099200,51.530200,-101.08,148.88
RX_1275,-0.099100,51.530200,-103.34,151.14
RX_1275,-0.099100,51.530200,-100.86,148.66
RX_1276,-0.099100,51.530100,-99.46,147.26
RX_1278,-0.099000,51.530100,-100.84,148.64
RX_1278,-0.099000,51.530100,-100.90,148.70
RX_1280,-0.098900,51.530100,-102.42,150.22
RX_1280,-0.098900,51.530100,-100.22,148.02
RX_1280,-0.098900,51.530100,-99.59,147.39
RX_1282,-0.098800,51.530100,-97.51,145.31
RX_1282,-0.098800,51.530100,-96.96,144.76
RX_1284,-0.098700,51.530100,-97.84,145.64
RX_1285,-0.098700,51.530000,-96.03,143.83
RX_1286,-0.098600,51.530000,-96.41,144.21
RX_1286,-0.098600,51.530000,-97.13,144.93
RX_1288,-0.098500,51.530000,-98.57,146.37
RX_1288,-0.098500,51.530000,-97.54,145.34
RX_1288,-0.098500,51.530000,-97.71,145.51
RX_1291,-0.098400,51.530000,-98.91,146.71
RX_1291,-0.098400,51.530000,-99.43,147.23
RX_1293,-0.098300,51.530000,-101.16,148.96
RX_1294,-0.098300,51.529900,-99.58,147.38
RX_1295,-0.098200,51.529900,-100.46,148.26
RX_1295,-0.098200,51.529900,-99.33,147.13
RX_1295,-0.098200,51.529900,-99.59,147.39
RX_1298,-0.098100,51.529900,-98.94,146.74
RX_1301,-0.098000,51.529900,-100.40,148.20
RX_1301,-0.098000,51.529900,-101.12,148.92
RX_1301,-0.098000,51.529900,-97.96,145.76
RX_1302,-0.097900,51.529900,-97.56,145.36
RX_1304,-0.097900,51.529800,-96.73,144.53
RX_1304,-0.097900,51.529800,-98.52,146.32
RX_1305,-0.097800,51.529800,-98.74,146.54
RX_1305,-0.097800,51.529800,-98.27,146.07
RX_1307,-0.097700,51.529800,-97.56,145.36
RX_1307,-0.097700,51.529800,-96.35,144.15
RX_1309,-0.097600,51.529800,-96.83,144.63
RX_1309,-0.097600,51.529800,-95.68,143.48
RX_1311,-0.097500,51.529800,-93.14,140.94
RX_1311,-0.097500,51.529800,-93.81,141.61
RX_1313,-0.097500,51.529700,-93.85,141.65
RX_1314,-0.097400,51.529700,-93.72,141.52
RX_1314,-0.097400,51.529700,-98.45,146.25
RX_1316,-0.097300,51.529700,-94.92,142.72
RX_1316,-0.097300,51.529700,-93.86,141.66
RX_1319,-0.097200,51.529700,-95.04,142.84
RX_1319,-0.097200,51.529700,-94.54,142.34
RX_1319,-0.097200,51.529700,-95.08,142.88
RX_1321,-0.097100,51.529700,-93.55,141.35
RX_1322,-0.097100,51.529600,-89.05,136.85
RX_1323,-0.097000,51.529600,-86.21,134.01
RX_1323,-0.097000,51.529600,-89.56,137.36
RX_1327,-0.096900,51.529600,-94.52,142.32
RX_1327,-0.096900,51.529600,-94.18,141.98
RX_1327,-0.096900,51.529600,-92.25,140.05
RX_1328,-0.096800,51.529600,-94.88,142.68
RX_1328,-0.096800,51.529600,-96.70,144.50
RX_1330,-0.096700,51.529500,-94.33,142.13
RX_1330,-0.096700,51.529500,-89.01,136.81
RX_1333,-0.096600,51.529500,-84.44,132.24
RX_1333,-0.096600,51.529500,-83.26,131.06
RX_1335,-0.096500,51.529500,-90.24,138.04
RX_1335,-0.096500,51.529500,-91.93,139.73
RX_1337,-0.096400,51.529500,-93.79,141.59
RX_1337,-0.096400,51.529500,-98.89,146.69
RX_1339,-0.096300,51.529400,-94.16,141.96
RX_1339,-0.096300,51.529400,-92.82,140.62
RX_1340,-0.096200,51.529400,-95.57,143.37
RX_1340,-0.096200,51.529400,-97.35,145.15
RX_1343,-0.096100,51.529400,-99.19,146.99
RX_1343,-0.096100,51.529400,-96.50,144.30
RX_1345,-0.096000,51.529400,-98.01,145.81
RX_1345,-0.096000,51.529400,-95.94,143.74
RX_1346,-0.095900,51.529400,-97.52,145.32
RX_1347,-0.095900,51.529300,-98.33,146.13
RX_1349,-0.095800,51.529300,-98.80,146.60
RX_1349,-0.095800,51.529300,-96.13,143.93
RX_1349,-0.095800,51.529300,-96.76,144.56
RX_1352,-0.095700,51.529300,-96.92,144.72
RX_1352,-0.095700,51.529300,-96.93,144.73
RX_1354,-0.095600,51.529300,-99.68,147.48
RX_1354,-0.095600,51.529300,-98.38,146.18
RX_1355,-0.095500,51.529300,-101.51,149.31
RX_1357,-0.095500,51.529200,-100.69,148.49
RX_1357,-0.095500,51.529200,-100.73,148.53
RX_1358,-0.095400,51.529200,-100.68,148.48
RX_1358,-0.095400,51.529200,-101.55,149.35
RX_1360,-0.095300,51.529200,-100.17,147.97
RX_1361,-0.095200,51.529200,-99.10,146.90
RX_1364,-0.095200,51.529100,-97.67,145.47
RX_1364,-0.095200,51.529100,-100.21,148.01
RX_1364,-0.095200,51.529100,-97.84,145.64
RX_1365,-0.095100,51.529100,-98.76,146.56
RX_1365,-0.095100,51.529100,-100.65,148.45
RX_1365,-0.095100,51.529100,-98.79,146.59
RX_1369,-0.095000,51.529100,-99.18,146.98
RX_1369,-0.095000,51.529100,-101.72,149.52
RX_1370,-0.094900,51.529100,-101.26,149.06
RX_1373,-0.094800,51.529000,-99.97,147.77
RX_1373,-0.094800,51.529000,-99.25,147.05
RX_1373,-0.094800,51.529000,-99.40,147.20
RX_1373,-0.094800,51.529000,-100.05,147.85
RX_1377,-0.094700,51.529000,-100.51,148.31
RX_1377,-0.094700,51.529000,-100.36,148.16
RX_1377,-0.094700,51.529000,-99.59,147.39
RX_1378,-0.094600,51.529000,-99.93,147.73
RX_1378,-0.094600,51.529000,-100.25,148.05
RX_1380,-0.094500,51.529000,-100.77,148.57
RX_1381,-0.094500,51.528900,-97.75,145.55
RX_1382,-0.094400,51.528900,-97.72,145.52
RX_1382,-0.094400,51.528900,-99.41,147.21
RX_1384,-0.094300,51.528900,-103.89,151.69
RX_1385,-0.094200,51.528900,-101.36,149.16
RX_1385,-0.094200,51.528900,-100.90,148.70
RX_1385,-0.094200,51.528900,-103.38,151.18
RX_1388,-0.094100,51.528900,-102.50,150.30
RX_1390,-0.094100,51.528800,-99.85,147.65
RX_1390,-0.094100,51.528800,-99.14,146.94
RX_1392,-0.094000,51.528800,-103.12,150.92
RX_1392,-0.094000,51.528800,-99.03,146.83
RX_1392,-0.094000,51.528800,-101.98,149.78
RX_1395,-0.093900,51.528800,-101.34,149.14
RX_1395,-0.093900,51.528800,-99.96,147.76
RX_1397,-0.093800,51.528800,-99.99,147.79
RX_1397,-0.093800,51.528800,-98.62,146.42
RX_1399,-0.093700,51.528700,-99.32,147.12
RX_1399,-0.093700,51.528700,-101.12,148.92
RX_1400,-0.093600,51.528700,-101.71,149.51
RX_1402,-0.093500,51.528700,-103.23,151.03
RX_1402,-0.093500,51.528700,-101.59,149.39
RX_1404,-0.093400,51.528700,-102.06,149.86
RX_1404,-0.093400,51.528700,-103.32,151.12
RX_1406,-0.093400,51.528600,-102.42,150.22
RX_1406,-0.093400,51.528600,-99.27,147.07
RX_1407,-0.093300,51.528600,-99.92,147.72
RX_1407,-0.093300,51.528600,-97.79,145.59
RX_1407,-0.093300,51.528600,-98.14,145.94
RX_1411,-0.093200,51.528600,-100.55,148.35
RX_1411,-0.093200,51.528600,-99.88,147.68
RX_1412,-0.093100,51.528600,-98.99,146.79
RX_1412,-0.093100,51.528600,-99.23,147.03
RX_1412,-0.093100,51.528600,-99.21,147.01
RX_1415,-0.093000,51.528600,-98.89,146.69
RX_1417,-0.092900,51.528500,-101.04,148.84
RX_1417,-0.092900,51.528500,-100.83,148.63
RX_1417,-0.092900,51.528500,-97.76,145.56
RX_1421,-0.092800,51.528500,-97.72,145.52
RX_1421,-0.092800,51.528500,-98.90,146.70
RX_1421,-0.092800,51.528500,-98.94,146.74
RX_1422,-0.092700,51.528500,-96.22,144.02
RX_1422,-0.092700,51.528500,-97.65,145.45
RX_1426,-0.092600,51.528500,-100.28,148.08
RX_1426,-0.092600,51.528500,-99.16,146.96
RX_1426,-0.092600,51.528500,-98.77,146.57
RX_1427,-0.092500,51.528500,-100.18,147.98
RX_1428,-0.092500,51.528400,-98.86,146.66
RX_1430,-0.092400,51.528400,-98.24,146.04
RX_1430,-0.092400,51.528400,-99.69,147.49
RX_1432,-0.092300,51.528400,-97.99,145.79
RX_1432,-0.092300,51.528400,-95.65,143.45
RX_1434,-0.092200,51.528400,-97.08,144.88
RX_1434,-0.092200,51.528400,-95.36,143.16
RX_1435,-0.092100,51.528400,-95.86,143.66
RX_1435,-0.092100,51.528400,-98.46,146.26
RX_1438,-0.092000,51.528300,-94.94,142.74
RX_1438,-0.092000,51.528300,-95.59,143.39
RX_1439,-0.091900,51.528400,-98.22,146.02
RX_1439,-0.091900,51.528400,-102.36,150.16
RX_1439,-0.091900,51.528400,-104.49,152.29
RX_1444,-0.091900,51.528500,-103.87,151.67
RX_1444,-0.091900,51.528500,-101.88,149.68
RX_1444,-0.091900,51.528500,-100.03,147.83
RX_1444,-0.091900,51.528500,-104.19,151.99
RX_1446,-0.091900,51.528600,-106.15,153.95
RX_1446,-0.091900,51.528600,-106.55,154.35
RX_1446,-0.091900,51.528600,-106.73,154.53
RX_1446,-0.091900,51.528600,-103.22,151.02
RX_1446,-0.091900,51.528600,-104.36,152.16
RX_1453,-0.091900,51.528700,-104.67,152.47
RX_1453,-0.091900,51.528700,-104.52,152.32
RX_1453,-0.091900,51.528700,-104.19,151.99
RX_1454,-0.092000,51.528700,-103.27,151.07
RX_1456,-0.092000,51.528800,-97.55,145.35
RX_1456,-0.092000,51.528800,-101.28,149.08
RX_1456,-0.092000,51.528800,-103.19,150.99
RX_1458,-0.092000,51.528900,-102.70,150.50
RX_1458,-0.092000,51.528900,-103.31,151.11
RX_1458,-0.092000,51.528900,-105.47,153.27
RX_1458,-0.092000,51.528900,-103.79,151.59
RX_1464,-0.092000,51.529000,-106.00,153.80
RX_1464,-0.092000,51.529000,-101.96,149.76
RX_1464,-0.092000,51.529000,-103.40,151.20
RX_1465,-0.092000,51.529100,-104.19,151.99
RX_1468,-0.092100,51.529100,-103.04,150.84
RX_1468,-0.092100,51.529100,-103.08,150.88
RX_1468,-0.092100,51.529100,-105.03,152.83
RX_1471,-0.092100,51.529200,-107.75,155.55
RX_1471,-0.092100,51.529200,-104.12,151.92
RX_1471,-0.092100,51.529200,-104.27,152.07
RX_1475,-0.092100,51.529300,-103.26,151.06
RX_1475,-0.092100,51.529300,-104.61,152.41
RX_1475,-0.092100,51.529300,-108.26,156.06
RX_1475,-0.092100,51.529300,-107.69,155.49
RX_1476,-0.092100,51.529400,-109.87,157.67
RX_1477,-0.092200,51.529400,-110.07,157.87
RX_1477,-0.092200,51.529400,-109.25,157.05
RX_1479,-0.092200,51.529500,-110.69,158.49
RX_1479,-0.092200,51.529500,-110.07,157.87
RX_1479,-0.092200,51.529500,-109.04,156.84
RX_1483,-0.092200,51.529600,-110.59,158.39
RX_1483,-0.092200,51.529600,-109.76,157.56
RX_1483,-0.092200,51.529600,-112.50,160.30
RX_1483,-0.092200,51.529600,-110.09,157.89
RX_1486,-0.092200,51.529700,-111.72,159.52
RX_1486,-0.092200,51.529700,-111.13,158.93
RX_1488,-0.092300,51.529700,-110.64,158.44
RX_1491,-0.092300,51.529800,-111.03,158.83
RX_1491,-0.092300,51.529800,-111.56,159.36
RX_1491,-0.092300,51.529800,-108.98,156.78
RX_1492,-0.092300,51.529900,-108.35,156.15
RX_1494,-0.092400,51.529900,-110.33,158.13
RX_1494,-0.092400,51.529900,-106.27,154.07
RX_1497,-0.092400,51.530000,-107.63,155.43
RX_1497,-0.092400,51.530000,-110.08,157.88
RX_1497,-0.092400,51.530000,-108.03,155.83
RX_1497,-0.092400,51.530000,-107.05,154.85
RX_1499,-0.092400,51.530100,-109.55,157.35
RX_1499,-0.092400,51.530100,-107.23,155.03
RX_1499,-0.092400,51.530100,-108.96,156.76
RX_1499,-0.092400,51.530100,-108.36,156.16
RX_1504,-0.092400,51.530200,-105.09,152.89
RX_1504,-0.092400,51.530200,-102.58,150.38
RX_1504,-0.092400,51.530200,-103.66,151.46
RX_1506,-0.092500,51.530200,-104.58,152.38
RX_1506,-0.092500,51.530200,-108.01,155.81
RX_1508,-0.092500,51.530300,-109.81,157.61
RX_1508,-0.092500,51.530300,-107.09,154.89
RX_1508,-0.092500,51.530300,-110.72,158.52
RX_1508,-0.092500,51.530300,-108.28,156.08
RX_1508,-0.092500,51.530300,-102.92,150.72
RX_1515,-0.092500,51.530400,-106.56,154.36
RX_1515,-0.092500,51.530400,-111.20,159.00
RX_1515,-0.092500,51.530400,-109.95,157.75
RX_1518,-0.092500,51.530500,-109.75,157.55
RX_1518,-0.092500,51.530500,-106.61,154.41
RX_1518,-0.092500,51.530500,-107.36,155.16
RX_1521,-0.092600,51.530600,-108.44,156.24
RX_1521,-0.092600,51.530600,-107.00,154.80
RX_1521,-0.092600,51.530600,-107.25,155.05
RX_1521,-0.092600,51.530600,-111.14,158.94
RX_1521,-0.092600,51.530600,-111.29,159.09
RX_1524,-0.092600,51.530700,-102.28,150.08
RX_1524,-0.092600,51.530700,-106.28,154.08
RX_1524,-0.092600,51.530700,-109.91,157.71
RX_1527,-0.092600,51.530800,-109.32,157.12
RX_1528,-0.092700,51.530800,-110.95,158.75
RX_1528,-0.092700,51.530800,-111.04,158.84
RX_1531,-0.092700,51.530900,-111.87,159.67
RX_1531,-0.092700,51.530900,-112.79,160.59
RX_1531,-0.092700,51.530900,-109.27,157.07
RX_1536,-0.092700,51.531000,-108.03,155.83
RX_1536,-0.092700,51.531000,-107.88,155.68
RX_1536,-0.092700,51.531000,-109.17,156.97
RX_1536,-0.092700,51.531000,-112.18,159.98
RX_1537,-0.092700,51.531100,-110.41,158.21
RX_1540,-0.092800,51.531100,-109.64,157.44
RX_1540,-0.092800,51.531100,-109.21,157.01
RX_1540,-0.092800,51.531100,-105.08,152.88
RX_1543,-0.092800,51.531200,-109.09,156.89
RX_1543,-0.092800,51.531200,-109.37,157.17
RX_1543,-0.092800,51.531200,-106.92,154.72
RX_1544,-0.092800,51.531300,-106.47,154.27
RX_1544,-0.092800,51.531300,-104.57,152.37
RX_1544,-0.092800,51.531300,-101.18,148.98
RX_1547,-0.092800,51.531400,-100.31,148.11
RX_1548,-0.092900,51.531400,-104.86,152.66
RX_1552,-0.092900,51.531500,-104.45,152.25
RX_1552,-0.092900,51.531500,-104.30,152.10
RX_1552,-0.092900,51.531500,-107.48,155.28
RX_1552,-0.092900,51.531500,-104.23,152.03
RX_1554,-0.092900,51.531600,-105.63,153.43
RX_1554,-0.092900,51.531600,-105.41,153.21
RX_1554,-0.092900,51.531600,-105.19,152.99
RX_1554,-0.092900,51.531600,-105.48,153.28
RX_1559,-0.092900,51.531700,-105.05,152.85
RX_1559,-0.092900,51.531700,-108.73,156.53
RX_1559,-0.092900,51.531700,-107.74,155.54
RX_1563,-0.092900,51.531800,-106.41,154.21
RX_1563,-0.092900,51.531800,-107.05,154.85
RX_1563,-0.092900,51.531800,-108.83,156.63
RX_1563,-0.092900,51.531800,-106.67,154.47
RX_1567,-0.092900,51.531900,-106.94,154.74
RX_1567,-0.092900,51.531900,-105.58,153.38
RX_1567,-0.092900,51.531900,-106.89,154.69
RX_1567,-0.092900,51.531900,-106.76,154.56
RX_1570,-0.092900,51.532000,-109.98,157.78
RX_1570,-0.092900,51.532000,-107.97,155.77
RX_1570,-0.092900,51.532000,-109.06,156.86
RX_1573,-0.092900,51.532100,-110.61,158.41
RX_1573,-0.092900,51.532100,-108.95,156.75
RX_1573,-0.092900,51.532100,-108.63,156.43
RX_1574,-0.093000,51.532100,-106.11,153.91
RX_1577,-0.093000,51.532200,-107.70,155.50
RX_1577,-0.093000,51.532200,-107.96,155.76
RX_1577,-0.093000,51.532200,-106.63,154.43
RX_1578,-0.093000,51.532300,-106.99,154.79
RX_1578,-0.093000,51.532300,-108.17,155.97
RX_1578,-0.093000,51.532300,-109.18,156.98
RX_1581,-0.093000,51.532400,-108.58,156.38
RX_1583,-0.093100,51.532400,-111.79,159.59
RX_1583,-0.093100,51.532400,-113.12,160.92
RX_1583,-0.093100,51.532400,-108.19,155.99
RX_1585,-0.093100,51.532500,-111.20,159.00
RX_1585,-0.093100,51.532500,-110.50,158.30
RX_1585,-0.093100,51.532500,-109.38,157.18
RX_1585,-0.093100,51.532500,-111.18,158.98
RX_1591,-0.093200,51.532600,-109.50,157.30
RX_1591,-0.093200,51.532600,-110.49,158.29
RX_1591,-0.093200,51.532600,-106.60,154.40
RX_1591,-0.093200,51.532600,-107.40,155.20
RX_1593,-0.093200,51.532700,-107.15,154.95
RX_1593,-0.093200,51.532700,-105.58,153.38
RX_1593,-0.093200,51.532700,-104.54,152.34
RX_1596,-0.093300,51.532800,-105.29,153.09
RX_1596,-0.093300,51.532800,-106.84,154.64
RX_1596,-0.093300,51.532800,-108.32,156.12
RX_1596,-0.093300,51.532800,-105.97,153.77
RX_1600,-0.093300,51.532900,-103.31,151.11
RX_1602,-0.093400,51.532900,-102.47,150.27
RX_1602,-0.093400,51.532900,-108.25,156.05
RX_1602,-0.093400,51.532900,-110.01,157.81
RX_1604,-0.093400,51.533000,-105.37,153.17
RX_1606,-0.093500,51.533000,-105.21,153.01
RX_1606,-0.093500,51.533000,-107.77,155.57
RX_1607,-0.093500,51.533100,-108.18,155.98
RX_1607,-0.093500,51.533100,-105.38,153.18
RX_1609,-0.093600,51.533100,-103.86,151.66
RX_1611,-0.093600,51.533200,-106.28,154.08
RX_1611,-0.093600,51.533200,-105.24,153.04
RX_1611,-0.093600,51.533200,-105.80,153.60
RX_1611,-0.093600,51.533200,-104.29,152.09
RX_1616,-0.093600,51.533300,-105.30,153.10
RX_1616,-0.093600,51.533300,-106.00,153.80
RX_1616,-0.093600,51.533300,-104.92,152.72
RX_1616,-0.093600,51.533300,-109.06,156.86
RX_1618,-0.093500,51.533300,-107.73,155.53
RX_1619,-0.093500,51.533400,-104.98,152.78
RX_1619,-0.093500,51.533400,-106.74,154.54
RX_1623,-0.093400,51.533400,-107.72,155.52
RX_1623,-0.093400,51.533400,-109.35,157.15
RX_1623,-0.093400,51.533400,-104.35,152.15
RX_1624,-0.093300,51.533400,-105.16,152.96
RX_1624,-0.093300,51.533400,-109.73,157.53
RX_1624,-0.093300,51.533400,-105.35,153.15
RX_1627,-0.093200,51.533500,-106.16,153.96
RX_1627,-0.093200,51.533500,-104.97,152.77
RX_1630,-0.093100,51.533500,-110.40,158.20
RX_1630,-0.093100,51.533500,-108.00,155.80
RX_1631,-0.093000,51.533500,-107.31,155.11
RX_1631,-0.093000,51.533500,-105.99,153.79
RX_1633,-0.093000,51.533600,-107.50,155.30
RX_1635,-0.092900,51.533600,-110.38,158.18
RX_1635,-0.092900,51.533600,-107.23,155.03
RX_1637,-0.092800,51.533600,-108.85,156.65
RX_1637,-0.092800,51.533600,-108.78,156.58
RX_1638,-0.092700,51.533700,-106.57,154.37
RX_1638,-0.092700,51.533700,-104.81,152.61
RX_1640,-0.092600,51.533700,-107.44,155.24
RX_1640,-0.092600,51.533700,-108.97,156.77
RX_1640,-0.092600,51.533700,-110.36,158.16
RX_1643,-0.092500,51.533700,-108.56,156.36
RX_1644,-0.092500,51.533800,-109.94,157.74
RX_1647,-0.092400,51.533800,-106.85,154.65
RX_1647,-0.092400,51.533800,-105.96,153.76
RX_1647,-0.092400,51.533800,-108.00,155.80
RX_1649,-0.092300,51.533800,-107.59,155.39
RX_1649,-0.092300,51.533800,-108.81,156.61
RX_1649,-0.092300,51.533800,-108.31,156.11
RX_1651,-0.092200,51.533800,-108.57,156.37
RX_1652,-0.092200,51.533900,-110.61,158.41
RX_1653,-0.092100,51.533900,-111.72,159.52
RX_1653,-0.092100,51.533900,-108.69,156.49
RX_1653,-0.092100,51.533900,-107.43,155.23
RX_1658,-0.092000,51.533900,-107.13,154.93
RX_1658,-0.092000,51.533900,-106.32,154.12
RX_1658,-0.092000,51.533900,-108.93,156.73
RX_1659,-0.091900,51.534000,-111.21,159.01
RX_1659,-0.091900,51.534000,-108.21,156.01
RX_1659,-0.091900,51.534000,-107.64,155.44
RX_1662,-0.091800,51.534000,-108.15,155.95
RX_1662,-0.091800,51.534000,-109.51,157.31
RX_1664,-0.091700,51.534000,-109.03,156.83
RX_1665,-0.091700,51.534100,-108.42,156.22
RX_1665,-0.091700,51.534100,-108.24,156.04
RX_1669,-0.091600,51.534100,-108.29,156.09
RX_1669,-0.091600,51.534100,-104.64,152.44
RX_1669,-0.091600,51.534100,-107.28,155.08
RX_1670,-0.091500,51.534100,-106.04,153.84
RX_1671,-0.091500,51.534200,-104.96,152.76
RX_1673,-0.091400,51.534200,-106.64,154.44
RX_1673,-0.091400,51.534200,-105.77,153.57
RX_1673,-0.091400,51.534200,-104.88,152.68
RX_1675,-0.091300,51.534200,-104.73,152.53
RX_1676,-0.091300,51.534300,-104.08,151.88
RX_1677,-0.091200,51.534300,-103.11,150.91
RX_1677,-0.091200,51.534300,-107.79,155.59
RX_1677,-0.091200,51.534300,-109.15,156.95
RX_1681,-0.091100,51.534300,-109.15,156.95
RX_1681,-0.091100,51.534300,-106.75,154.55
RX_1681,-0.091100,51.534300,-106.54,154.34
RX_1684,-0.091000,51.534400,-107.11,154.91
RX_1684,-0.091000,51.534400,-108.52,156.32
RX_1686,-0.090900,51.534400,-105.76,153.56
RX_1686,-0.090900,51.534400,-104.57,152.37
RX_1686,-0.090900,51.534400,-107.20,155.00
RX_1689,-0.090800,51.534500,-108.21,156.01
RX_1689,-0.090800,51.534500,-108.16,155.96
RX_1689,-0.090800,51.534500,-108.53,156.33
RX_1692,-0.090700,51.534500,-109.02,156.82
RX_1692,-0.090700,51.534500,-106.49,154.29
RX_1692,-0.090700,51.534500,-106.88,154.68
RX_1694,-0.090600,51.534600,-108.68,156.48
RX_1694,-0.090600,51.534600,-106.36,154.16
RX_1694,-0.090600,51.534600,-105.98,153.78
RX_1697,-0.090500,51.534600,-104.52,152.32
RX_1697,-0.090500,51.534600,-104.70,152.50
RX_1700,-0.090400,51.534700,-106.14,153.94
RX_1700,-0.090400,51.534700,-107.20,155.00
RX_1700,-0.090400,51.534700,-106.43,154.23
RX_1703,-0.090300,51.534700,-104.31,152.11
RX_1703,-0.090300,51.534700,-106.73,154.53
RX_1703,-0.090300,51.534700,-106.15,153.95
RX_1705,-0.090200,51.534800,-104.61,152.41
RX_1705,-0.090200,51.534800,-106.41,154.21
RX_1705,-0.090200,51.534800,-107.30,155.10
RX_1709,-0.090100,51.534800,-106.83,154.63
RX_1709,-0.090100,51.534800,-104.50,152.30
RX_1710,-0.090100,51.534900,-108.02,155.82
RX_1712,-0.090000,51.534900,-106.13,153.93
RX_1712,-0.090000,51.534900,-108.89,156.69
RX_1713,-0.089900,51.534900,-109.59,157.39
RX_1713,-0.089900,51.534900,-108.29,156.09
RX_1715,-0.089900,51.535000,-106.78,154.58
RX_1717,-0.089800,51.535000,-106.05,153.85
RX_1717,-0.089800,51.535000,-105.17,152.97
RX_1719,-0.089700,51.535000,-106.69,154.49
RX_1719,-0.089700,51.535000,-108.04,155.84
RX_1721,-0.089600,51.535100,-106.17,153.97
RX_1721,-0.089600,51.535100,-106.07,153.87
RX_1721,-0.089600,51.535100,-105.29,153.09
RX_1721,-0.089600,51.535100,-107.29,155.09
RX_1724,-0.089500,51.535100,-105.82,153.62
RX_1724,-0.089500,51.535100,-105.47,153.27
RX_1727,-0.089400,51.535200,-104.59,152.39
RX_1727,-0.089400,51.535200,-107.25,155.05
RX_1729,-0.089300,51.535200,-104.34,152.14
RX_1729,-0.089300,51.535200,-104.30,152.10
RX_1733,-0.089200,51.535300,-106.62,154.42
RX_1733,-0.089200,51.535300,-105.01,152.81
RX_1733,-0.089200,51.535300,-106.19,153.99
RX_1733,-0.089200,51.535300,-104.84,152.64
RX_1733,-0.089200,51.535300,-105.98,153.78
RX_1737,-0.089200,51.535400,-108.08,155.88
RX_1737,-0.089200,51.535400,-108.71,156.51
RX_1737,-0.089200,51.535400,-106.51,154.31
RX_1737,-0.089200,51.535400,-107.93,155.73
RX_1737,-0.089200,51.535400,-107.96,155.76
RX_1740,-0.089200,51.535500,-107.61,155.41
RX_1743,-0.089300,51.535500,-107.11,154.91
RX_1743,-0.089300,51.535500,-107.69,155.49
RX_1743,-0.089300,51.535500,-107.06,154.86
RX_1744,-0.089300,51.535600,-107.20,155.00
RX_1744,-0.089300,51.535600,-106.53,154.33
RX_1744,-0.089300,51.535600,-107.77,155.57
RX_1747,-0.089400,51.535600,-107.71,155.51
RX_1751,-0.089400,51.535700,-107.43,155.23
RX_1751,-0.089400,51.535700,-106.43,154.23
RX_1751,-0.089400,51.535700,-104.71,152.51
RX_1751,-0.089400,51.535700,-104.32,152.12
RX_1754,-0.089500,51.535800,-105.46,153.26
RX_1754,-0.089500,51.535800,-105.89,153.69
RX_1754,-0.089500,51.535800,-107.77,155.57
RX_1756,-0.089500,51.535900,-106.46,154.26
RX_1756,-0.089500,51.535900,-106.05,153.85
RX_1758,-0.089600,51.535900,-106.06,153.86
RX_1758,-0.089600,51.535900,-108.55,156.35
RX_1759,-0.089600,51.536000,-108.38,156.18
RX_1759,-0.089600,51.536000,-109.57,157.37
RX_1761,-0.089700,51.536000,-107.32,155.12
RX_1761,-0.089700,51.536000,-108.62,156.42
RX_1763,-0.089700,51.536100,-108.91,156.71
RX_1763,-0.089700,51.536100,-107.88,155.68
RX_1765,-0.089800,51.536100,-109.06,156.86
RX_1765,-0.089800,51.536100,-111.50,159.30
RX_1768,-0.089800,51.536200,-110.62,158.42
RX_1768,-0.089800,51.536200,-108.25,156.05
RX_1769,-0.089900,51.536200,-108.10,155.90
RX_1769,-0.089900,51.536200,-108.83,156.63
RX_1771,-0.089900,51.536300,-111.53,159.33
RX_1774,-0.090000,51.536300,-111.84,159.64
RX_1774,-0.090000,51.536300,-114.21,162.01
RX_1774,-0.090000,51.536300,-113.78,161.58
RX_1775,-0.090000,51.536400,-110.86,158.66
RX_1778,-0.090100,51.536400,-114.67,162.47
RX_1778,-0.090100,51.536400,-110.33,158.13
RX_1778,-0.090100,51.536400,-111.73,159.53
RX_1781,-0.090200,51.536500,-115.69,163.49
RX_1781,-0.090200,51.536500,-115.45,163.25
RX_1781,-0.090200,51.536500,-114.93,162.73
RX_1781,-0.090200,51.536500,-112.33,160.13
RX_1786,-0.090300,51.536600,-112.40,160.20
RX_1786,-0.090300,51.536600,-114.92,162.72
RX_1786,-0.090300,51.536600,-116.85,164.65
RX_1786,-0.090300,51.536600,-113.52,161.32
RX_1790,-0.090400,51.536700,-111.27,159.07
RX_1790,-0.090400,51.536700,-114.85,162.65
RX_1790,-0.090400,51.536700,-114.49,162.29
RX_1790,-0.090400,51.536700,-113.67,161.47
RX_1794,-0.090500,51.536800,-115.66,163.46
RX_1794,-0.090500,51.536800,-115.07,162.87
RX_1794,-0.090500,51.536800,-113.98,161.78
RX_1794,-0.090500,51.536800,-110.56,158.36
RX_1795,-0.090600,51.536900,-112.19,159.99
RX_1795,-0.090600,51.536900,-112.87,160.67
RX_1795,-0.090600,51.536900,-110.81,158.61
RX_1795,-0.090600,51.536900,-111.25,159.05
RX_1799,-0.090700,51.537000,-115.63,163.43
RX_1799,-0.090700,51.537000,-114.07,161.87
RX_1799,-0.090700,51.537000,-111.73,159.53
RX_1799,-0.090700,51.537000,-108.38,156.18
RX_1804,-0.090800,51.537100,-108.59,156.39
RX_1804,-0.090800,51.537100,-109.37,157.17
RX_1804,-0.090800,51.537100,-109.79,157.59
RX_1806,-0.090900,51.537100,-111.96,159.76
RX_1808,-0.090900,51.537200,-113.95,161.75
RX_1808,-0.090900,51.537200,-116.61,164.41
RX_1808,-0.090900,51.537200,-116.83,164.63
RX_1810,-0.091000,51.537200,-114.38,162.18
RX_1813,-0.091000,51.537300,-113.49,161.29
RX_1813,-0.091000,51.537300,-116.23,164.03
RX_1813,-0.091000,51.537300,-116.19,163.99
RX_1814,-0.091100,51.537300,-116.64,164.44
RX_1815,-0.091100,51.537400,-114.21,162.01
RX_1815,-0.091100,51.537400,-117.99,165.79
RX_1817,-0.091200,51.537400,-115.83,163.63
RX_1817,-0.091200,51.537400,-112.75,160.55
RX_1819,-0.091200,51.537500,-113.08,160.88
RX_1819,-0.091200,51.537500,-113.64,161.44
RX_1822,-0.091300,51.537500,-112.68,160.48
RX_1822,-0.091300,51.537500,-115.82,163.62
RX_1823,-0.091300,51.537600,-116.55,164.35
RX_1823,-0.091300,51.537600,-114.83,162.63
RX_1826,-0.091400,51.537600,-115.63,163.43
RX_1826,-0.091400,51.537600,-116.95,164.75
RX_1826,-0.091400,51.537600,-115.42,163.22
RX_1830,-0.091500,51.537700,-113.90,161.70
RX_1830,-0.091500,51.537700,-112.55,160.35
RX_1830,-0.091500,51.537700,-113.10,160.90
RX_1831,-0.091500,51.537800,-113.88,161.68
RX_1834,-0.091600,51.537800,-109.80,157.60
RX_1834,-0.091600,51.537800,-113.30,161.10
RX_1834,-0.091600,51.537800,-115.68,163.48
RX_1837,-0.091700,51.537900,-116.61,164.41
RX_1837,-0.091700,51.537900,-116.01,163.81
RX_1837,-0.091700,51.537900,-117.68,165.48
RX_1837,-0.091700,51.537900,-117.56,165.36
RX_1839,-0.091800,51.537900,-115.35,163.15
RX_1841,-0.091800,51.538000,-115.22,163.02
RX_1841,-0.091800,51.538000,-115.60,163.40
RX_1841,-0.091800,51.538000,-114.28,162.08
RX_1844,-0.091900,51.538000,-115.92,163.72
RX_1844,-0.091900,51.538000,-116.54,164.34
RX_1846,-0.091900,51.538100,-118.42,166.22
RX_1846,-0.091900,51.538100,-115.48,163.28
RX_1848,-0.092000,51.538100,-117.29,165.09
RX_1848,-0.092000,51.538100,-115.92,163.72
RX_1848,-0.092000,51.538100,-115.55,163.35
RX_1850,-0.092000,51.538200,-115.90,163.70
RX_1851,-0.092100,51.538200,-114.72,162.52
RX_1851,-0.092100,51.538200,-116.76,164.56
RX_1851,-0.092100,51.538200,-117.59,165.39
RX_1854,-0.092100,51.538300,-116.18,163.98
RX_1857,-0.092200,51.538300,-116.43,164.23
RX_1857,-0.092200,51.538300,-117.79,165.59
RX_1857,-0.092200,51.538300,-118.90,166.70
RX_1858,-0.092200,51.538400,-116.81,164.61
RX_1862,-0.092300,51.538400,-118.28,166.08
RX_1862,-0.092300,51.538400,-117.45,165.25
RX_1862,-0.092300,51.538400,-116.17,163.97
RX_1862,-0.092300,51.538400,-115.75,163.55
RX_1863,-0.092400,51.538500,-115.42,163.22
RX_1863,-0.092400,51.538500,-115.52,163.32
RX_1863,-0.092400,51.538500,-116.26,164.06
RX_1866,-0.092500,51.538500,-114.43,162.23
RX_1868,-0.092500,51.538600,-115.35,163.15
RX_1868,-0.092500,51.538600,-115.61,163.41
RX_1868,-0.092500,51.538600,-116.87,164.67
RX_1870,-0.092600,51.538600,-116.10,163.90
RX_1871,-0.092600,51.538700,-115.87,163.67
RX_1871,-0.092600,51.538700,-115.18,162.98
RX_1875,-0.092700,51.538700,-114.23,162.03
RX_1875,-0.092700,51.538700,-115.92,163.72
RX_1875,-0.092700,51.538700,-115.87,163.67
RX_1876,-0.092800,51.538700,-113.64,161.44
RX_1878,-0.092800,51.538800,-114.67,162.47
RX_1878,-0.092800,51.538800,-114.59,162.39
RX_1879,-0.092900,51.538800,-117.05,164.85
RX_1879,-0.092900,51.538800,-115.89,163.69
RX_1879,-0.092900,51.538800,-117.79,165.59
RX_1882,-0.093000,51.538900,-115.36,163.16
RX_1882,-0.093000,51.538900,-116.44,164.24
RX_1882,-0.093000,51.538900,-118.14,165.94
RX_1885,-0.093100,51.538900,-116.91,164.71
RX_1887,-0.093100,51.539000,-116.22,164.02
RX_1887,-0.093100,51.539000,-114.35,162.15
RX_1889,-0.093200,51.539000,-113.35,161.15
RX_1889,-0.093200,51.539000,-113.29,161.09
RX_1890,-0.093200,51.539100,-112.20,160.00
RX_1892,-0.093300,51.539100,-113.85,161.65
RX_1892,-0.093300,51.539100,-113.68,161.48
RX_1894,-0.093400,51.539100,-114.53,162.33
RX_1894,-0.093400,51.539100,-114.28,162.08
RX_1895,-0.093400,51.539200,-113.68,161.48
RX_1896,-0.093500,51.539200,-111.92,159.72
RX_1896,-0.093500,51.539200,-112.52,160.32
RX_1898,-0.093600,51.539200,-113.69,161.49
RX_1899,-0.093600,51.539300,-114.05,161.85
RX_1902,-0.093700,51.539300,-112.63,160.43
RX_1902,-0.093700,51.539300,-110.93,158.73
RX_1902,-0.093700,51.539300,-114.46,162.26
RX_1903,-0.093800,51.539300,-113.77,161.57
RX_1903,-0.093800,51.539300,-114.60,162.40
RX_1905,-0.093800,51.539400,-114.19,161.99
RX_1908,-0.093900,51.539400,-114.41,162.21
RX_1908,-0.093900,51.539400,-113.35,161.15
RX_1908,-0.093900,51.539400,-116.15,163.95
RX_1909,-0.094000,51.539400,-114.50,162.30
RX_1910,-0.094000,51.539500,-116.68,164.48
RX_1910,-0.094000,51.539500,-114.22,162.02
RX_1910,-0.094000,51.539500,-116.43,164.23
RX_1913,-0.094100,51.539500,-115.95,163.75
RX_1913,-0.094100,51.539500,-114.46,162.26
RX_1913,-0.094100,51.539500,-114.48,162.28
RX_1919,-0.094200,51.539600,-113.05,160.85
RX_1919,-0.094200,51.539600,-113.94,161.74
RX_1919,-0.094200,51.539600,-113.59,161.39
RX_1919,-0.094200,51.539600,-115.13,162.93
RX_1920,-0.094300,51.539600,-113.32,161.12
RX_1922,-0.094300,51.539700,-113.51,161.31
RX_1922,-0.094300,51.539700,-112.02,159.82
RX_1925,-0.094400,51.539700,-113.58,161.38
RX_1925,-0.094400,51.539700,-111.64,159.44
RX_1925,-0.094400,51.539700,-113.40,161.20
RX_1925,-0.094400,51.539700,-112.72,160.52
RX_1927,-0.094500,51.539700,-114.09,161.89
RX_1928,-0.094500,51.539800,-114.70,162.50
RX_1928,-0.094500,51.539800,-113.54,161.34
RX_1931,-0.094600,51.539800,-112.77,160.57
RX_1931,-0.094600,51.539800,-116.20,164.00
RX_1931,-0.094600,51.539800,-116.09,163.89
RX_1935,-0.094700,51.539900,-115.66,163.46
RX_1935,-0.094700,51.539900,-116.64,164.44
RX_1935,-0.094700,51.539900,-116.97,164.77
RX_1935,-0.094700,51.539900,-118.04,165.84
RX_1937,-0.094800,51.539900,-118.50,166.30
RX_1938,-0.094800,51.540000,-118.48,166.28
RX_1938,-0.094800,51.540000,-118.87,166.67
RX_1942,-0.094900,51.540000,-118.69,166.49
RX_1942,-0.094900,51.540000,-118.25,166.05
RX_1942,-0.094900,51.540000,-118.17,165.97
RX_1943,-0.095000,51.540100,-118.71,166.51
RX_1943,-0.095000,51.540100,-119.80,167.60
RX_1943,-0.095000,51.540100,-118.68,166.48
RX_1947,-0.095100,51.540100,-117.46,165.26
RX_1947,-0.095100,51.540100,-118.48,166.28
RX_1949,-0.095200,51.540200,-118.16,165.96
RX_1949,-0.095200,51.540200,-118.40,166.20
RX_1949,-0.095200,51.540200,-117.92,165.72
RX_1952,-0.095300,51.540300,-119.46,167.26
RX_1952,-0.095300,51.540300,-119.64,167.44
RX_1954,-0.095400,51.540300,-119.73,167.53
RX_1954,-0.095400,51.540300,-119.37,167.17
RX_1956,-0.095500,51.540400,-119.60,167.40
RX_1956,-0.095500,51.540400,-122.14,169.94
RX_1957,-0.095600,51.540400,-120.43,168.23
RX_1960,-0.095600,51.540500,-114.85,162.65
RX_1960,-0.095600,51.540500,-115.98,163.78
RX_1960,-0.095600,51.540500,-113.34,161.14
RX_1960,-0.095600,51.540500,-109.44,157.24
RX_1963,-0.095700,51.540500,-112.51,160.31
RX_1963,-0.095700,51.540500,-110.93,158.73
RX_1963,-0.095700,51.540500,-112.51,160.31
RX_1967,-0.095800,51.540600,-112.86,160.66
RX_1967,-0.095800,51.540600,-114.35,162.15
RX_1967,-0.095800,51.540600,-113.52,161.32
RX_1967,-0.095800,51.540600,-115.35,163.15
RX_1970,-0.095900,51.540600,-112.01,159.81
RX_1970,-0.095900,51.540600,-111.98,159.78
RX_1970,-0.095900,51.540600,-109.71,157.51
RX_1972,-0.096000,51.540700,-112.22,160.02
RX_1972,-0.096000,51.540700,-111.65,159.45
RX_1972,-0.096000,51.540700,-110.51,158.31
RX_1976,-0.096100,51.540700,-109.12,156.92
RX_1976,-0.096100,51.540700,-111.10,158.90
RX_1979,-0.096200,51.540800,-116.34,164.14
RX_1979,-0.096200,51.540800,-115.84,163.64
RX_1979,-0.096200,51.540800,-115.33,163.13
RX_1980,-0.096300,51.540800,-116.61,164.41
RX_1980,-0.096300,51.540800,-117.12,164.92
RX_1982,-0.096300,51.540900,-117.34,165.14
RX_1985,-0.096400,51.540900,-118.36,166.16
RX_1985,-0.096400,51.540900,-114.02,161.82
RX_1985,-0.096400,51.540900,-116.43,164.23
RX_1986,-0.096500,51.540900,-115.66,163.46
RX_1988,-0.096500,51.541000,-114.75,162.55
RX_1988,-0.096500,51.541000,-114.70,162.50
RX_1990,-0.096600,51.541000,-116.17,163.97
RX_1990,-0.096600,51.541000,-116.31,164.11
RX_1990,-0.096600,51.541000,-114.12,161.92
RX_1992,-0.096700,51.541000,-114.08,161.88
RX_1994,-0.096700,51.541100,-114.63,162.43
RX_1994,-0.096700,51.541100,-116.38,164.18
RX_1996,-0.096800,51.541100,-114.12,161.92
RX_1996,-0.096800,51.541100,-115.45,163.25
RX_1996,-0.096800,51.541100,-115.05,162.85
RX_2000,-0.096900,51.541200,-115.09,162.89
RX_2000,-0.096900,51.541200,-114.85,162.65
RX_2000,-0.096900,51.541200,-114.71,162.51
RX_2001,-0.097000,51.541200,-113.74,161.54
RX_2001,-0.097000,51.541200,-111.52,159.32
RX_2001,-0.097000,51.541200,-112.94,160.74
RX_2004,-0.097100,51.541300,-112.87,160.67
RX_2004,-0.097100,51.541300,-111.40,159.20
RX_2004,-0.097100,51.541300,-110.88,158.68
RX_2007,-0.097200,51.541300,-112.44,160.24
RX_2007,-0.097200,51.541300,-114.43,162.23
RX_2009,-0.097200,51.541400,-110.72,158.52
RX_2010,-0.097300,51.541400,-112.66,160.46
RX_2010,-0.097300,51.541400,-110.48,158.28
RX_2010,-0.097300,51.541400,-111.28,159.08
RX_2013,-0.097400,51.541400,-111.76,159.56
RX_2014,-0.097400,51.541500,-113.83,161.63
RX_2017,-0.097500,51.541500,-113.77,161.57
RX_2017,-0.097500,51.541500,-113.39,161.19
RX_2017,-0.097500,51.541500,-112.26,160.06
RX_2018,-0.097600,51.541500,-112.32,160.12
RX_2019,-0.097600,51.541600,-112.68,160.48
RX_2021,-0.097700,51.541600,-112.95,160.75
RX_2021,-0.097700,51.541600,-113.21,161.01
RX_2021,-0.097700,51.541600,-111.39,159.19
RX_2023,-0.097800,51.541600,-113.13,160.93
RX_2024,-0.097800,51.541700,-111.78,159.58
RX_2024,-0.097800,51.541700,-112.07,159.87
RX_2026,-0.097900,51.541700,-113.10,160.90
RX_2026,-0.097900,51.541700,-111.75,159.55
RX_2026,-0.097900,51.541700,-112.91,160.71
RX_2029,-0.098000,51.541700,-113.57,161.37
RX_2031,-0.098000,51.541800,-112.51,160.31
RX_2031,-0.098000,51.541800,-114.29,162.09
RX_2032,-0.098100,51.541800,-113.94,161.74
RX_2032,-0.098100,51.541800,-113.62,161.42
RX_2032,-0.098100,51.541800,-112.00,159.80
RX_2036,-0.098200,51.541900,-112.63,160.43
RX_2036,-0.098200,51.541900,-114.27,162.07
RX_2039,-0.098300,51.541900,-113.53,161.33
RX_2039,-0.098300,51.541900,-113.62,161.42
RX_2039,-0.098300,51.541900,-114.17,161.97
RX_2041,-0.098400,51.542000,-115.42,163.22
RX_2041,-0.098400,51.542000,-114.08,161.88
RX_2041,-0.098400,51.542000,-114.37,162.17
RX_2043,-0.098500,51.542000,-113.60,161.40
RX_2043,-0.098500,51.542000,-114.80,162.60
RX_2045,-0.098500,51.542100,-115.02,162.82
RX_2048,-0.098600,51.542100,-114.41,162.21
RX_2048,-0.098600,51.542100,-115.43,163.23
RX_2048,-0.098600,51.542100,-118.29,166.09
RX_2050,-0.098700,51.542100,-117.98,165.78
RX_2050,-0.098700,51.542100,-117.09,164.89
RX_2051,-0.098700,51.542200,-114.98,162.78
RX_2054,-0.098800,51.542200,-116.68,164.48
RX_2054,-0.098800,51.542200,-116.84,164.64
RX_2054,-0.098800,51.542200,-116.32,164.12
RX_2056,-0.098900,51.542200,-114.99,162.79
RX_2056,-0.098900,51.542200,-115.50,163.30
RX_2057,-0.098900,51.542300,-114.79,162.59
RX_2059,-0.099000,51.542300,-113.92,161.72
RX_2059,-0.099000,51.542300,-115.42,163.22
RX_2059,-0.099000,51.542300,-110.13,157.93
RX_2061,-0.099100,51.542300,-110.94,158.74
RX_2062,-0.099100,51.542400,-115.23,163.03
RX_2063,-0.099200,51.542400,-114.13,161.93
RX_2063,-0.099200,51.542400,-115.73,163.53
RX_2063,-0.099200,51.542400,-117.06,164.86
RX_2066,-0.099300,51.542400,-115.62,163.42
RX_2067,-0.099300,51.542500,-115.76,163.56
RX_2067,-0.099300,51.542500,-117.21,165.01
RX_2071,-0.099400,51.542500,-115.29,163.09
RX_2071,-0.099400,51.542500,-117.54,165.34
RX_2071,-0.099400,51.542500,-118.61,166.41
RX_2072,-0.099500,51.542500,-118.76,166.56
RX_2074,-0.099500,51.542600,-117.24,165.04
RX_2074,-0.099500,51.542600,-116.41,164.21
RX_2075,-0.099600,51.542600,-114.10,161.90
RX_2075,-0.099600,51.542600,-112.26,160.06
RX_2078,-0.099700,51.542600,-113.84,161.64
RX_2078,-0.099700,51.542600,-115.24,163.04
RX_2079,-0.099700,51.542700,-115.83,163.63
RX_2081,-0.099800,51.542700,-114.52,162.32
RX_2081,-0.099800,51.542700,-114.71,162.51
RX_2081,-0.099800,51.542700,-114.97,162.77
RX_2083,-0.099900,51.542700,-115.21,163.01
RX_2084,-0.099900,51.542800,-116.61,164.41
RX_2084,-0.099900,51.542800,-115.45,163.25
RX_2087,-0.100000,51.542800,-116.11,163.91
RX_2087,-0.100000,51.542800,-114.12,161.92
RX_2087,-0.100000,51.542800,-113.53,161.33
RX_2089,-0.100000,51.542900,-113.42,161.22
RX_2092,-0.100100,51.542900,-114.84,162.64
RX_2092,-0.100100,51.542900,-112.83,160.63
RX_2092,-0.100100,51.542900,-112.56,160.36
RX_2093,-0.100100,51.543000,-112.83,160.63
RX_2093,-0.100100,51.543000,-112.03,159.83
RX_2095,-0.100200,51.543000,-113.80,161.60
RX_2095,-0.100200,51.543000,-113.19,160.99
RX_2100,-0.100200,51.543100,-111.35,159.15
RX_2100,-0.100200,51.543100,-112.05,159.85
RX_2100,-0.100200,51.543100,-112.73,160.53
RX_2100,-0.100200,51.543100,-113.35,161.15
RX_2102,-0.100200,51.543200,-113.69,161.49
RX_2102,-0.100200,51.543200,-113.09,160.89
RX_2103,-0.100300,51.543200,-113.14,160.94
RX_2103,-0.100300,51.543200,-112.89,160.69
RX_2105,-0.100300,51.543300,-111.98,159.78
RX_2105,-0.100300,51.543300,-112.90,160.70
RX_2105,-0.100300,51.543300,-112.19,159.99
RX_2105,-0.100300,51.543300,-113.11,160.91
RX_2109,-0.100300,51.543400,-111.68,159.48
RX_2110,-0.100400,51.543400,-112.94,160.74
RX_2110,-0.100400,51.543400,-111.95,159.75
RX_2110,-0.100400,51.543400,-112.78,160.58
RX_2113,-0.100400,51.543500,-111.77,159.57
RX_2114,-0.100500,51.543500,-111.66,159.46
RX_2114,-0.100500,51.543500,-111.14,158.94
RX_2114,-0.100500,51.543500,-112.64,160.44
RX_2117,-0.100500,51.543600,-111.47,159.27
RX_2119,-0.100600,51.543600,-111.69,159.49
RX_2119,-0.100600,51.543600,-112.14,159.94
RX_2121,-0.100600,51.543700,-111.23,159.03
RX_2121,-0.100600,51.543700,-112.31,160.11
RX_2124,-0.100700,51.543700,-114.09,161.89
RX_2124,-0.100700,51.543700,-115.97,163.77
RX_2124,-0.100700,51.543700,-115.03,162.83
RX_2127,-0.100700,51.543800,-114.48,162.28
RX_2127,-0.100700,51.543800,-116.15,163.95
RX_2127,-0.100700,51.543800,-114.35,162.15
RX_2129,-0.100800,51.543900,-114.64,162.44
RX_2129,-0.100800,51.543900,-115.42,163.22
RX_2129,-0.100800,51.543900,-115.20,163.00
RX_2129,-0.100800,51.543900,-116.11,163.91
RX_2134,-0.100800,51.544000,-116.72,164.52
RX_2134,-0.100800,51.544000,-117.39,165.19
RX_2134,-0.100800,51.544000,-117.28,165.08
RX_2135,-0.100900,51.544000,-115.94,163.74
RX_2138,-0.100900,51.544100,-116.38,164.18
RX_2138,-0.100900,51.544100,-117.29,165.09
RX_2138,-0.100900,51.544100,-116.74,164.54
RX_2141,-0.100900,51.544200,-116.84,164.64
RX_2141,-0.100900,51.544200,-116.84,164.64
RX_2141,-0.100900,51.544200,-117.70,165.50
RX_2142,-0.101000,51.544300,-115.16,162.96
RX_2142,-0.101000,51.544300,-118.28,166.08
RX_2142,-0.101000,51.544300,-118.76,166.56
RX_2142,-0.101000,51.544300,-118.66,166.46
RX_2147,-0.101000,51.544400,-116.85,164.65
RX_2147,-0.101000,51.544400,-118.75,166.55
RX_2149,-0.101100,51.544400,-119.11,166.91
RX_2149,-0.101100,51.544400,-118.06,165.86
RX_2150,-0.101100,51.544500,-120.47,168.27
RX_2150,-0.101100,51.544500,-117.45,165.25
RX_2152,-0.101200,51.544500,-116.34,164.14
RX_2152,-0.101200,51.544500,-117.36,165.16
RX_2154,-0.101200,51.544600,-115.45,163.25
RX_2155,-0.101300,51.544600,-116.39,164.19
RX_2155,-0.101300,51.544600,-116.98,164.78
RX_2155,-0.101300,51.544600,-115.73,163.53
RX_2155,-0.101300,51.544600,-114.88,162.68
RX_2159,-0.101400,51.544600,-114.54,162.34
RX_2161,-0.101400,51.544700,-114.71,162.51
RX_2161,-0.101400,51.544700,-114.16,161.96
RX_2163,-0.101500,51.544700,-112.84,160.64
RX_2163,-0.101500,51.544700,-114.23,162.03
RX_2164,-0.101500,51.544800,-114.37,162.17
RX_2164,-0.101500,51.544800,-114.57,162.37
RX_2167,-0.101600,51.544800,-112.96,160.76
RX_2167,-0.101600,51.544800,-113.91,161.71
RX_2168,-0.101600,51.544900,-116.30,164.10
RX_2169,-0.101700,51.544900,-114.04,161.84
RX_2169,-0.101700,51.544900,-113.30,161.10
RX_2169,-0.101700,51.544900,-113.78,161.58
RX_2174,-0.101800,51.545000,-114.43,162.23
RX_2174,-0.101800,51.545000,-115.56,163.36
RX_2174,-0.101800,51.545000,-115.34,163.14
RX_2175,-0.101900,51.545000,-117.45,165.25
RX_2178,-0.101900,51.545100,-116.85,164.65
RX_2178,-0.101900,51.545100,-116.29,164.09
RX_2178,-0.101900,51.545100,-115.96,163.76
RX_2181,-0.102000,51.545200,-114.75,162.55
RX_2181,-0.102000,51.545200,-116.06,163.86
RX_2181,-0.102000,51.545200,-116.57,164.37
RX_2182,-0.102100,51.545200,-114.62,162.42
RX_2183,-0.102100,51.545300,-115.11,162.91
RX_2183,-0.102100,51.545300,-116.24,164.04
RX_2183,-0.102100,51.545300,-115.79,163.59
RX_2187,-0.102100,51.545400,-116.11,163.91
RX_2187,-0.102100,51.545400,-115.85,163.65
RX_2187,-0.102100,51.545400,-114.32,162.12
RX_2189,-0.102200,51.545500,-116.07,163.87
RX_2189,-0.102200,51.545500,-114.52,162.32
RX_2192,-0.102300,51.545500,-115.01,162.81
RX_2192,-0.102300,51.545500,-113.61,161.41
RX_2192,-0.102300,51.545500,-114.68,162.48
RX_2192,-0.102300,51.545500,-112.79,160.59
RX_2195,-0.102400,51.545500,-113.84,161.64
RX_2195,-0.102400,51.545500,-116.55,164.35
RX_2197,-0.102500,51.545500,-116.52,164.32
RX_2198,-0.102600,51.545500,-115.80,163.60
RX_2198,-0.102600,51.545500,-116.87,164.67
RX_2198,-0.102600,51.545500,-115.37,163.17
RX_2201,-0.102700,51.545500,-113.55,161.35
RX_2202,-0.102700,51.545600,-114.70,162.50
RX_2203,-0.102800,51.545600,-114.02,161.82
RX_2203,-0.102800,51.545600,-115.07,162.87
RX_2206,-0.102900,51.545600,-114.38,162.18
RX_2206,-0.102900,51.545600,-111.16,158.96
RX_2206,-0.102900,51.545600,-115.18,162.98
RX_2208,-0.103000,51.545600,-116.61,164.41
RX_2209,-0.103100,51.545600,-117.21,165.01
RX_2209,-0.103100,51.545600,-114.62,162.42
RX_2209,-0.103100,51.545600,-112.84,160.64
RX_2214,-0.103100,51.545700,-113.58,161.38
RX_2214,-0.103100,51.545700,-112.54,160.34
RX_2214,-0.103100,51.545700,-114.48,162.28
RX_2214,-0.103100,51.545700,-113.40,161.20
RX_2214,-0.103100,51.545700,-114.42,162.22
RX_2214,-0.103100,51.545700,-113.96,161.76
RX_2221,-0.103100,51.545800,-113.76,161.56
RX_2221,-0.103100,51.545800,-113.15,160.95
RX_2221,-0.103100,51.545800,-111.54,159.34
RX_2221,-0.103100,51.545800,-111.15,158.95
RX_2224,-0.103100,51.545900,-110.82,158.62
RX_2224,-0.103100,51.545900,-114.39,162.19
RX_2224,-0.103100,51.545900,-112.57,160.37
RX_2225,-0.103100,51.546000,-113.00,160.80
RX_2225,-0.103100,51.546000,-113.07,160.87
RX_2225,-0.103100,51.546000,-114.64,162.44
RX_2228,-0.103100,51.546100,-111.27,159.07
RX_2229,-0.103000,51.546100,-108.66,156.46
RX_2229,-0.103000,51.546100,-108.63,156.43
RX_2229,-0.103000,51.546100,-108.02,155.82
RX_2234,-0.102900,51.546100,-110.27,158.07
RX_2234,-0.102900,51.546100,-108.51,156.31
RX_2234,-0.102900,51.546100,-106.98,154.78
RX_2236,-0.102800,51.546100,-111.70,159.50
RX_2236,-0.102800,51.546100,-113.46,161.26
RX_2237,-0.102700,51.546100,-110.39,158.19
RX_2237,-0.102700,51.546100,-112.02,159.82
RX_2239,-0.102600,51.546100,-111.11,158.91
RX_2239,-0.102600,51.546100,-111.02,158.82
RX_2241,-0.102500,51.546100,-115.29,163.09
RX_2242,-0.102400,51.546100,-115.36,163.16
RX_2244,-0.102300,51.546100,-117.55,165.35
RX_2244,-0.102300,51.546100,-116.41,164.21
RX_2245,-0.102200,51.546100,-115.50,163.30
RX_2245,-0.102200,51.546100,-115.68,163.48
RX_2245,-0.102200,51.546100,-116.25,164.05
RX_2250,-0.102100,51.546100,-118.04,165.84
RX_2250,-0.102100,51.546100,-116.98,164.78
RX_2250,-0.102100,51.546100,-118.79,166.59
RX_2252,-0.102000,51.546100,-117.48,165.28
RX_2252,-0.102000,51.546100,-115.47,163.27
RX_2254,-0.101900,51.546100,-119.84,167.64
RX_2254,-0.101900,51.546100,-120.26,168.06
RX_2255,-0.101800,51.546100,-121.18,168.98
RX_2255,-0.101800,51.546100,-121.54,169.34
RX_2255,-0.101800,51.546100,-121.11,168.91
RX_2259,-0.101700,51.546200,-120.34,168.14
RX_2259,-0.101700,51.546200,-123.26,171.06
RX_2260,-0.101600,51.546200,-120.76,168.56
RX_2260,-0.101600,51.546200,-119.20,167.00
RX_2262,-0.101500,51.546200,-119.62,167.42
RX_2262,-0.101500,51.546200,-118.57,166.37
RX_2265,-0.101400,51.546200,-122.32,170.12
RX_2265,-0.101400,51.546200,-122.37,170.17
RX_2265,-0.101400,51.546200,-117.73,165.53
RX_2267,-0.101300,51.546200,-122.66,170.46
RX_2267,-0.101300,51.546200,-119.69,167.49
RX_2269,-0.101200,51.546200,-118.50,166.30
RX_2270,-0.101100,51.546200,-119.77,167.57
RX_2270,-0.101100,51.546200,-119.91,167.71
RX_2270,-0.101100,51.546200,-120.13,167.93
RX_2273,-0.101000,51.546200,-118.77,166.57
RX_2273,-0.101000,51.546200,-119.04,166.84
RX_2276,-0.100900,51.546200,-116.48,164.28
RX_2276,-0.100900,51.546200,-118.94,166.74
RX_2276,-0.100900,51.546200,-117.91,165.71
RX_2279,-0.100800,51.546200,-118.00,165.80
RX_2279,-0.100800,51.546200,-118.04,165.84
RX_2280,-0.100700,51.546200,-120.11,167.91
RX_2280,-0.100700,51.546200,-118.65,166.45
RX_2282,-0.100600,51.546300,-120.57,168.37
RX_2282,-0.100600,51.546300,-122.09,169.89
RX_2284,-0.100500,51.546300,-117.30,165.10
RX_2284,-0.100500,51.546300,-119.98,167.78
RX_2284,-0.100500,51.546300,-122.48,170.28
RX_2287,-0.100400,51.546300,-121.28,169.08
RX_2287,-0.100400,51.546300,-119.71,167.51
RX_2290,-0.100300,51.546300,-121.97,169.77
RX_2290,-0.100300,51.546300,-121.15,168.95
RX_2292,-0.100200,51.546300,-120.76,168.56
RX_2292,-0.100200,51.546300,-121.38,169.18
RX_2293,-0.100200,51.546400,-118.63,166.43
RX_2295,-0.100100,51.546400,-122.80,170.60
RX_2295,-0.100100,51.546400,-121.86,169.66
RX_2297,-0.100000,51.546400,-122.62,170.42
RX_2297,-0.100000,51.546400,-121.22,169.02
RX_2298,-0.099900,51.546400,-120.84,168.64
RX_2298,-0.099900,51.546400,-122.17,169.97
RX_2298,-0.099900,51.546400,-120.31,168.11
RX_2302,-0.099800,51.546400,-119.61,167.41
RX_2302,-0.099800,51.546400,-119.54,167.34
RX_2304,-0.099700,51.546500,-121.90,169.70
RX_2304,-0.099700,51.546500,-119.53,167.33
RX_2305,-0.099600,51.546500,-117.96,165.76
RX_2305,-0.099600,51.546500,-120.72,168.52
RX_2309,-0.099500,51.546500,-123.19,170.99
RX_2309,-0.099500,51.546500,-120.44,168.24
RX_2309,-0.099500,51.546500,-118.06,165.86
RX_2310,-0.099400,51.546500,-120.35,168.15
RX_2311,-0.099300,51.546500,-121.54,169.34
RX_2311,-0.099300,51.546500,-122.29,170.09
RX_2313,-0.099200,51.546600,-121.72,169.52
RX_2313,-0.099200,51.546600,-121.12,168.92
RX_2315,-0.099100,51.546600,-120.82,168.62
RX_2315,-0.099100,51.546600,-121.02,168.82
RX_2318,-0.099000,51.546600,-120.34,168.14
RX_2318,-0.099000,51.546600,-119.17,166.97
RX_2319,-0.098900,51.546600,-119.23,167.03
RX_2323,-0.098800,51.546700,-120.44,168.24
RX_2323,-0.098800,51.546700,-120.68,168.48
RX_2323,-0.098800,51.546700,-121.98,169.78
RX_2323,-0.098800,51.546700,-120.13,167.93
RX_2326,-0.098700,51.546700,-120.69,168.49
RX_2326,-0.098700,51.546700,-119.91,167.71
RX_2326,-0.098700,51.546700,-118.25,166.05
RX_2327,-0.098600,51.546700,-117.45,165.25
RX_2327,-0.098600,51.546700,-114.47,162.27
RX_2329,-0.098500,51.546700,-118.61,166.41
RX_2329,-0.098500,51.546700,-120.84,168.64
RX_2331,-0.098500,51.546800,-117.62,165.42
RX_2333,-0.098400,51.546800,-117.90,165.70
RX_2333,-0.098400,51.546800,-117.77,165.57
RX_2333,-0.098400,51.546800,-118.94,166.74
RX_2336,-0.098300,51.546800,-118.82,166.62
RX_2336,-0.098300,51.546800,-121.12,168.92
RX_2337,-0.098200,51.546800,-118.55,166.35
RX_2337,-0.098200,51.546800,-118.23,166.03
RX_2337,-0.098200,51.546800,-119.00,166.80
RX_2341,-0.098100,51.546900,-117.53,165.33
RX_2341,-0.098100,51.546900,-118.02,165.82
RX_2343,-0.098000,51.546900,-119.24,167.04
RX_2343,-0.098000,51.546900,-117.05,164.85
RX_2343,-0.098000,51.546900,-118.83,166.63
RX_2346,-0.097900,51.546900,-119.22,167.02
RX_2346,-0.097900,51.546900,-116.56,164.36
RX_2347,-0.097800,51.546900,-113.62,161.42
RX_2347,-0.097800,51.546900,-114.68,162.48
RX_2351,-0.097700,51.547000,-116.07,163.87
RX_2351,-0.097700,51.547000,-117.30,165.10
RX_2351,-0.097700,51.547000,-116.89,164.69
RX_2352,-0.097600,51.547000,-116.16,163.96
RX_2352,-0.097600,51.547000,-118.20,166.00
RX_2354,-0.097500,51.547000,-119.06,166.86
RX_2354,-0.097500,51.547000,-119.41,167.21
RX_2356,-0.097400,51.547000,-117.01,164.81
RX_2358,-0.097400,51.547100,-116.70,164.50
RX_2358,-0.097400,51.547100,-114.98,162.78
RX_2360,-0.097300,51.547100,-119.45,167.25
RX_2360,-0.097300,51.547100,-119.26,167.06
RX_2362,-0.097200,51.547100,-118.28,166.08
RX_2362,-0.097200,51.547100,-120.18,167.98
RX_2363,-0.097100,51.547100,-118.87,166.67
RX_2364,-0.097100,51.547200,-120.47,168.27
RX_2364,-0.097100,51.547200,-119.12,166.92
RX_2366,-0.097000,51.547200,-121.12,168.92
RX_2366,-0.097000,51.547200,-118.74,166.54
RX_2368,-0.096900,51.547200,-120.52,168.32
RX_2368,-0.096900,51.547200,-120.26,168.06
RX_2368,-0.096900,51.547200,-121.73,169.53
RX_2371,-0.096800,51.547200,-120.98,168.78
RX_2371,-0.096800,51.547200,-120.31,168.11
RX_2373,-0.096700,51.547200,-123.07,170.87
RX_2374,-0.096700,51.547300,-123.78,171.58
RX_2375,-0.096600,51.547300,-125.90,173.70
RX_2375,-0.096600,51.547300,-125.15,172.95
RX_2379,-0.096500,51.547300,-123.07,170.87
RX_2379,-0.096500,51.547300,-124.06,171.86
RX_2379,-0.096500,51.547300,-122.98,170.78
RX_2380,-0.096400,51.547300,-121.69,169.49
RX_2380,-0.096400,51.547300,-124.03,171.83
RX_2382,-0.096300,51.547300,-123.17,170.97
RX_2382,-0.096300,51.547300,-123.59,171.39
RX_2385,-0.096200,51.547300,-124.16,171.96
RX_2385,-0.096200,51.547300,-125.01,172.81
RX_2387,-0.096100,51.547300,-126.25,174.05
RX_2387,-0.096100,51.547300,-125.15,172.95
RX_2387,-0.096100,51.547300,-122.86,170.66
RX_2389,-0.096000,51.547300,-124.69,172.49
RX_2389,-0.096000,51.547300,-125.92,173.72
RX_2392,-0.095900,51.547300,-125.96,173.76
RX_2392,-0.095900,51.547300,-125.20,173.00
RX_2393,-0.095800,51.547300,-126.27,174.07
RX_2394,-0.095800,51.547200,-125.31,173.11
RX_2395,-0.095700,51.547200,-126.14,173.94
RX_2395,-0.095700,51.547200,-124.29,172.09
RX_2399,-0.095600,51.547200,-125.82,173.62
RX_2399,-0.095600,51.547200,-125.71,173.51
RX_2399,-0.095600,51.547200,-125.48,173.28
RX_2401,-0.095500,51.547200,-124.38,172.18
RX_2401,-0.095500,51.547200,-124.87,172.67
RX_2402,-0.095400,51.547200,-124.29,172.09
RX_2402,-0.095400,51.547200,-123.70,171.50
RX_2404,-0.095300,51.547200,-124.64,172.44
RX_2404,-0.095300,51.547200,-123.33,171.13
RX_2406,-0.095200,51.547200,-122.23,170.03
RX_2406,-0.095200,51.547200,-120.31,168.11
RX_2406,-0.095200,51.547200,-122.58,170.38
RX_2409,-0.095100,51.547200,-124.00,171.80
RX_2409,-0.095100,51.547200,-122.77,170.57
RX_2411,-0.095000,51.547200,-124.22,172.02
RX_2411,-0.095000,51.547200,-122.55,170.35
RX_2413,-0.094900,51.547200,-123.42,171.22
RX_2413,-0.094900,51.547200,-122.10,169.90
RX_2415,-0.094800,51.547200,-122.19,169.99
RX_2415,-0.094800,51.547200,-120.64,168.44
RX_2418,-0.094700,51.547200,-121.27,169.07
RX_2418,-0.094700,51.547200,-119.30,167.10
RX_2420,-0.094600,51.547200,-120.31,168.11
RX_2420,-0.094600,51.547200,-122.34,170.14
RX_2422,-0.094500,51.547200,-121.66,169.46
RX_2422,-0.094500,51.547200,-121.68,169.48
RX_2422,-0.094500,51.547200,-121.34,169.14
RX_2424,-0.094400,51.547200,-119.98,167.78
RX_2424,-0.094400,51.547200,-118.19,165.99
RX_2426,-0.094300,51.547200,-116.49,164.29
RX_2426,-0.094300,51.547200,-119.17,166.97
RX_2429,-0.094200,51.547200,-121.18,168.98
RX_2429,-0.094200,51.547200,-120.74,168.54
RX_2430,-0.094100,51.547200,-121.25,169.05
RX_2430,-0.094100,51.547200,-120.86,168.66
RX_2434,-0.094000,51.547200,-123.87,171.67
RX_2434,-0.094000,51.547200,-122.75,170.55
RX_2434,-0.094000,51.547200,-123.14,170.94
RX_2435,-0.093900,51.547200,-124.88,172.68
RX_2435,-0.093900,51.547200,-121.77,169.57
RX_2438,-0.093800,51.547200,-118.54,166.34
RX_2438,-0.093800,51.547200,-116.02,163.82
RX_2440,-0.093700,51.547200,-118.80,166.60
RX_2440,-0.093700,51.547200,-121.35,169.15
RX_2441,-0.093600,51.547200,-123.56,171.36
RX_2441,-0.093600,51.547200,-124.06,171.86
RX_2444,-0.093500,51.547200,-121.63,169.43
RX_2444,-0.093500,51.547200,-118.64,166.44
RX_2447,-0.093400,51.547200,-118.54,166.34
RX_2447,-0.093400,51.547200,-117.53,165.33
RX_2447,-0.093400,51.547200,-120.95,168.75
RX_2448,-0.093300,51.547200,-121.90,169.70
RX_2449,-0.093200,51.547200,-120.44,168.24
RX_2449,-0.093200,51.547200,-121.78,169.58
RX_2449,-0.093200,51.547200,-120.76,168.56
RX_2452,-0.093100,51.547200,-120.89,168.69
RX_2452,-0.093100,51.547200,-121.30,169.10
RX_2454,-0.093000,51.547200,-123.22,171.02
RX_2454,-0.093000,51.547200,-121.68,169.48
RX_2456,-0.092900,51.547200,-120.03,167.83
RX_2457,-0.092900,51.547100,-120.68,168.48
RX_2459,-0.092800,51.547100,-120.50,168.30
RX_2459,-0.092800,51.547100,-122.49,170.29
RX_2461,-0.092700,51.547100,-121.54,169.34
RX_2461,-0.092700,51.547100,-120.64,168.44
RX_2464,-0.092600,51.547100,-119.54,167.34
RX_2464,-0.092600,51.547100,-118.37,166.17
RX_2464,-0.092600,51.547100,-118.35,166.15
RX_2465,-0.092500,51.547100,-118.80,166.60
RX_2468,-0.092400,51.547100,-118.56,166.36
RX_2468,-0.092400,51.547100,-118.57,166.37
RX_2468,-0.092400,51.547100,-120.82,168.62
RX_2470,-0.092300,51.547100,-120.63,168.43
RX_2470,-0.092300,51.547100,-121.42,169.22
RX_2472,-0.092200,51.547100,-121.30,169.10
RX_2472,-0.092200,51.547100,-119.89,167.69
RX_2473,-0.092100,51.547100,-119.91,167.71
RX_2473,-0.092100,51.547100,-120.08,167.88
RX_2477,-0.092000,51.547100,-121.11,168.91
RX_2477,-0.092000,51.547100,-120.22,168.02
RX_2477,-0.092000,51.547100,-120.41,168.21
RX_2478,-0.091900,51.547100,-122.28,170.08
RX_2478,-0.091900,51.547100,-121.05,168.85
RX_2481,-0.091800,51.547100,-121.79,169.59
RX_2481,-0.091800,51.547100,-120.04,167.84
RX_2482,-0.091700,51.547100,-119.40,167.20
RX_2482,-0.091700,51.547100,-120.54,168.34
RX_2486,-0.091600,51.547100,-121.97,169.77
RX_2486,-0.091600,51.547100,-121.01,168.81
RX_2486,-0.091600,51.547100,-117.20,165.00
RX_2488,-0.091500,51.547000,-114.91,162.71
RX_2488,-0.091500,51.547000,-118.16,165.96
RX_2490,-0.091400,51.547000,-119.99,167.79
RX_2490,-0.091400,51.547000,-117.89,165.69
RX_2492,-0.091300,51.547000,-116.63,164.43
RX_2492,-0.091300,51.547000,-117.28,165.08
RX_2494,-0.091200,51.547000,-117.97,165.77
RX_2494,-0.091200,51.547000,-117.29,165.09
RX_2495,-0.091100,51.547000,-120.16,167.96
RX_2495,-0.091100,51.547000,-119.78,167.58
RX_2498,-0.091000,51.547000,-120.25,168.05
RX_2498,-0.091000,51.547000,-117.68,165.48
RX_2500,-0.090900,51.547000,-120.49,168.29
RX_2500,-0.090900,51.547000,-116.75,164.55
RX_2500,-0.090900,51.547000,-117.22,165.02
RX_2503,-0.090800,51.547000,-124.30,172.10
RX_2503,-0.090800,51.547000,-120.88,168.68
RX_2504,-0.090700,51.547000,-121.73,169.53
RX_2504,-0.090700,51.547000,-123.54,171.34
RX_2507,-0.090600,51.547000,-122.02,169.82
RX_2507,-0.090600,51.547000,-120.76,168.56
RX_2508,-0.090500,51.547000,-120.80,168.60
RX_2510,-0.090500,51.546900,-122.64,170.44
RX_2510,-0.090500,51.546900,-124.03,171.83
RX_2511,-0.090400,51.546900,-126.36,174.16
RX_2511,-0.090400,51.546900,-122.73,170.53
RX_2514,-0.090300,51.546900,-121.46,169.26
RX_2514,-0.090300,51.546900,-123.55,171.35
RX_2515,-0.090200,51.546900,-124.99,172.79
RX_2515,-0.090200,51.546900,-123.50,171.30
RX_2517,-0.090100,51.546900,-123.59,171.39
RX_2517,-0.090100,51.546900,-123.25,171.05
RX_2520,-0.090000,51.546900,-122.67,170.47
RX_2520,-0.090000,51.546900,-121.62,169.42
RX_2523,-0.089900,51.546900,-124.08,171.88
RX_2523,-0.089900,51.546900,-122.25,170.05
RX_2523,-0.089900,51.546900,-119.90,167.70
RX_2524,-0.089800,51.546900,-118.97,166.77
RX_2524,-0.089800,51.546900,-120.04,167.84
RX_2526,-0.089700,51.546900,-121.67,169.47
RX_2526,-0.089700,51.546900,-121.06,168.86
RX_2529,-0.089600,51.546900,-120.75,168.55
RX_2529,-0.089600,51.546900,-120.65,168.45
RX_2531,-0.089500,51.546900,-118.41,166.21
RX_2531,-0.089500,51.546900,-115.80,163.60
RX_2533,-0.089400,51.546900,-116.44,164.24
RX_2533,-0.089400,51.546900,-118.88,166.68
RX_2534,-0.089300,51.546900,-118.83,166.63
RX_2535,-0.089300,51.546800,-119.56,167.36
RX_2535,-0.089300,51.546800,-120.17,167.97
RX_2538,-0.089200,51.546800,-120.07,167.87
RX_2538,-0.089200,51.546800,-118.75,166.55
RX_2540,-0.089100,51.546800,-115.62,163.42
RX_2540,-0.089100,51.546800,-114.63,162.43
RX_2541,-0.089000,51.546800,-114.31,162.11
RX_2541,-0.089000,51.546800,-112.56,160.36
RX_2541,-0.089000,51.546800,-111.58,159.38
RX_2544,-0.088900,51.546800,-111.81,159.61
RX_2547,-0.088800,51.546800,-113.05,160.85
RX_2547,-0.088800,51.546800,-115.67,163.47
RX_2547,-0.088800,51.546800,-119.80,167.60
RX_2548,-0.088700,51.546800,-115.03,162.83
RX_2548,-0.088700,51.546800,-112.93,160.73
RX_2550,-0.088600,51.546800,-111.34,159.14
RX_2550,-0.088600,51.546800,-112.00,159.80
RX_2552,-0.088500,51.546800,-113.63,161.43
RX_2552,-0.088500,51.546800,-110.84,158.64
RX_2554,-0.088400,51.546800,-108.51,156.31
RX_2554,-0.088400,51.546800,-110.59,158.39
RX_2556,-0.088300,51.546800,-113.64,161.44
RX_2556,-0.088300,51.546800,-113.72,161.52
RX_2558,-0.088200,51.546800,-114.73,162.53
RX_2558,-0.088200,51.546800,-116.15,163.95
RX_2560,-0.088100,51.546700,-114.55,162.35
RX_2560,-0.088100,51.546700,-116.11,163.91
RX_2562,-0.088000,51.546700,-115.51,163.31
RX_2562,-0.088000,51.546700,-116.93,164.73
RX_2562,-0.088000,51.546700,-119.59,167.39
RX_2565,-0.087900,51.546700,-120.40,168.20
RX_2565,-0.087900,51.546700,-119.64,167.44
RX_2567,-0.087800,51.546700,-118.95,166.75
RX_2569,-0.087700,51.546700,-117.76,165.56
RX_2569,-0.087700,51.546700,-117.86,165.66
RX_2570,-0.087600,51.546700,-117.44,165.24
RX_2572,-0.087500,51.546700,-118.35,166.15
RX_2572,-0.087500,51.546700,-120.42,168.22
RX_2572,-0.087500,51.546700,-120.09,167.89
RX_2575,-0.087400,51.546600,-120.05,167.85
RX_2575,-0.087400,51.546600,-119.07,166.87
RX_2575,-0.087400,51.546600,-118.83,166.63
RX_2578,-0.087300,51.546600,-117.52,165.32
RX_2578,-0.087300,51.546600,-117.38,165.18
RX_2580,-0.087200,51.546600,-117.68,165.48
RX_2580,-0.087200,51.546600,-115.38,163.18
RX_2580,-0.087200,51.546600,-116.05,163.85
RX_2583,-0.087100,51.546600,-116.73,164.53
RX_2583,-0.087100,51.546600,-118.71,166.51
RX_2585,-0.087000,51.546600,-117.20,165.00
RX_2585,-0.087000,51.546600,-116.15,163.95
RX_2585,-0.087000,51.546600,-119.44,167.24
RX_2588,-0.086900,51.546600,-119.76,167.56
RX_2588,-0.086900,51.546600,-119.34,167.14
RX_2590,-0.086800,51.546600,-120.72,168.52
RX_2590,-0.086800,51.546600,-120.23,168.03
RX_2592,-0.086700,51.546600,-121.61,169.41
RX_2592,-0.086700,51.546600,-119.58,167.38
RX_2595,-0.086600,51.546600,-119.04,166.84
RX_2595,-0.086600,51.546600,-122.51,170.31
RX_2595,-0.086600,51.546600,-120.07,167.87
RX_2596,-0.086500,51.546500,-120.61,168.41
RX_2596,-0.086500,51.546500,-123.08,170.88
RX_2599,-0.086400,51.546500,-121.36,169.16
RX_2599,-0.086400,51.546500,-118.21,166.01
RX_2601,-0.086300,51.546500,-120.66,168.46
RX_2601,-0.086300,51.546500,-121.44,169.24
RX_2602,-0.086200,51.546500,-120.85,168.65
RX_2602,-0.086200,51.546500,-120.26,168.06
RX_2602,-0.086200,51.546500,-121.18,168.98
RX_2605,-0.086100,51.546500,-121.65,169.45
RX_2605,-0.086100,51.546500,-120.38,168.18
RX_2608,-0.086000,51.546500,-120.74,168.54
RX_2608,-0.086000,51.546500,-117.11,164.91
RX_2610,-0.085900,51.546500,-116.82,164.62
RX_2610,-0.085900,51.546500,-117.38,165.18
RX_2611,-0.085800,51.546500,-118.45,166.25
RX_2611,-0.085800,51.546500,-120.64,168.44
RX_2611,-0.085800,51.546500,-118.11,165.91
RX_2615,-0.085700,51.546500,-118.56,166.36
RX_2615,-0.085700,51.546500,-118.33,166.13
RX_2616,-0.085600,51.546500,-119.19,166.99
RX_2616,-0.085600,51.546500,-119.34,167.14
RX_2618,-0.085500,51.546500,-120.43,168.23
RX_2618,-0.085500,51.546500,-117.79,165.59
RX_2621,-0.085400,51.546500,-117.12,164.92
RX_2621,-0.085400,51.546500,-116.14,163.94
RX_2623,-0.085300,51.546500,-113.53,161.33
RX_2623,-0.085300,51.546500,-115.97,163.77
RX_2624,-0.085200,51.546500,-119.62,167.42
RX_2624,-0.085200,51.546500,-117.25,165.05
RX_2628,-0.085100,51.546500,-116.99,164.79
RX_2628,-0.085100,51.546500,-114.72,162.52
RX_2628,-0.085100,51.546500,-117.48,165.28
RX_2630,-0.085000,51.546500,-116.42,164.22
RX_2630,-0.085000,51.546500,-118.57,166.37
RX_2631,-0.084900,51.546500,-117.51,165.31
RX_2631,-0.084900,51.546500,-119.16,166.96
RX_2634,-0.084800,51.546500,-118.35,166.15
RX_2634,-0.084800,51.546500,-118.62,166.42
RX_2635,-0.084700,51.546500,-114.57,162.37
RX_2635,-0.084700,51.546500,-116.67,164.47
RX_2635,-0.084700,51.546500,-117.27,165.07
RX_2638,-0.084600,51.546500,-116.56,164.36
RX_2638,-0.084600,51.546500,-117.62,165.42
RX_2640,-0.084500,51.546500,-114.82,162.62
RX_2640,-0.084500,51.546500,-118.15,165.95
RX_2642,-0.084400,51.546500,-115.92,163.72
RX_2642,-0.084400,51.546500,-117.82,165.62
RX_2644,-0.084300,51.546500,-118.40,166.20
RX_2644,-0.084300,51.546500,-118.43,166.23
RX_2648,-0.084200,51.546500,-117.16,164.96
RX_2648,-0.084200,51.546500,-116.95,164.75
RX_2648,-0.084200,51.546500,-118.54,166.34
RX_2649,-0.084100,51.546500,-116.76,164.56
RX_2651,-0.084000,51.546500,-114.69,162.49
RX_2651,-0.084000,51.546500,-115.27,163.07
RX_2652,-0.083900,51.546500,-112.56,160.36
RX_2652,-0.083900,51.546500,-116.09,163.89
RX_2654,-0.083800,51.546500,-115.51,163.31
RX_2654,-0.083800,51.546500,-116.32,164.12
RX_2656,-0.083700,51.546600,-115.28,163.08
RX_2656,-0.083700,51.546600,-117.44,165.24
RX_2659,-0.083600,51.546600,-116.54,164.34
RX_2659,-0.083600,51.546600,-116.58,164.38
RX_2660,-0.083500,51.546600,-117.11,164.91
RX_2661,-0.083500,51.546500,-115.02,162.82
RX_2662,-0.083400,51.546500,-117.67,165.47
RX_2662,-0.083400,51.546500,-119.63,167.43
RX_2665,-0.083300,51.546500,-117.11,164.91
RX_2665,-0.083300,51.546500,-116.63,164.43
RX_2666,-0.083200,51.546500,-117.61,165.41
RX_2666,-0.083200,51.546500,-116.87,164.67
RX_2669,-0.083100,51.546500,-116.14,163.94
RX_2669,-0.083100,51.546500,-114.71,162.51
RX_2671,-0.083000,51.546500,-114.04,161.84
RX_2671,-0.083000,51.546500,-114.43,162.23
RX_2672,-0.082900,51.546500,-117.41,165.21
RX_2672,-0.082900,51.546500,-115.75,163.55
RX_2674,-0.082800,51.546500,-114.19,161.99
RX_2674,-0.082800,51.546500,-114.48,162.28
RX_2674,-0.082800,51.546500,-116.40,164.20
RX_2678,-0.082700,51.546500,-115.07,162.87
RX_2678,-0.082700,51.546500,-112.43,160.23
RX_2680,-0.082600,51.546500,-117.82,165.62
RX_2680,-0.082600,51.546500,-115.55,163.35
RX_2680,-0.082600,51.546500,-116.74,164.54
RX_2682,-0.082500,51.546500,-118.02,165.82
RX_2682,-0.082500,51.546500,-116.55,164.35
RX_2685,-0.082400,51.546500,-117.98,165.78
RX_2685,-0.082400,51.546500,-117.24,165.04
RX_2688,-0.082300,51.546500,-114.41,162.21
RX_2688,-0.082300,51.546500,-111.90,159.70
RX_2688,-0.082300,51.546500,-112.95,160.75
RX_2689,-0.082200,51.546500,-116.50,164.30
RX_2689,-0.082200,51.546500,-115.61,163.41
RX_2691,-0.082100,51.546500,-114.69,162.49
RX_2691,-0.082100,51.546500,-114.59,162.39
RX_2694,-0.082000,51.546500,-113.75,161.55
RX_2694,-0.082000,51.546500,-114.89,162.69
RX_2695,-0.081900,51.546500,-116.76,164.56
RX_2695,-0.081900,51.546500,-117.46,165.26
RX_2697,-0.081800,51.546500,-116.88,164.68
RX_2697,-0.081800,51.546500,-116.62,164.42
RX_2699,-0.081700,51.546500,-117.68,165.48
RX_2699,-0.081700,51.546500,-116.08,163.88
RX_2699,-0.081700,51.546500,-115.16,162.96
RX_2703,-0.081600,51.546400,-113.62,161.42
RX_2703,-0.081600,51.546400,-114.26,162.06
RX_2705,-0.081500,51.546400,-114.89,162.69
RX_2705,-0.081500,51.546400,-116.34,164.14
RX_2706,-0.081400,51.546400,-116.29,164.09
RX_2706,-0.081400,51.546400,-115.75,163.55
RX_2709,-0.081300,51.546400,-111.52,159.32
RX_2709,-0.081300,51.546400,-116.53,164.33
RX_2711,-0.081200,51.546400,-107.79,155.59
RX_2711,-0.081200,51.546400,-109.98,157.78
RX_2714,-0.081100,51.546400,-114.70,162.50
RX_2714,-0.081100,51.546400,-109.98,157.78
RX_2714,-0.081100,51.546400,-116.75,164.55
RX_2715,-0.081000,51.546400,-111.39,159.19
RX_2715,-0.081000,51.546400,-107.71,155.51
RX_2717,-0.080900,51.546400,-105.90,153.70
RX_2717,-0.080900,51.546400,-108.66,156.46
RX_2720,-0.080800,51.546400,-108.69,156.49
RX_2720,-0.080800,51.546400,-111.26,159.06
RX_2721,-0.080700,51.546400,-113.70,161.50
RX_2721,-0.080700,51.546400,-110.28,158.08
RX_2721,-0.080700,51.546400,-109.57,157.37
RX_2725,-0.080600,51.546400,-115.47,163.27
RX_2725,-0.080600,51.546400,-109.10,156.90
RX_2726,-0.080500,51.546400,-108.41,156.21
RX_2726,-0.080500,51.546400,-113.48,161.28
RX_2726,-0.080500,51.546400,-113.46,161.26
RX_2730,-0.080400,51.546400,-110.67,158.47
RX_2730,-0.080400,51.546400,-110.70,158.50
RX_2731,-0.080300,51.546400,-104.72,152.52
RX_2732,-0.080300,51.546300,-109.06,156.86
RX_2734,-0.080200,51.546300,-107.88,155.68
RX_2734,-0.080200,51.546300,-108.91,156.71
RX_2735,-0.080100,51.546300,-109.30,157.10
RX_2735,-0.080100,51.546300,-108.55,156.35
RX_2739,-0.080000,51.546300,-106.53,154.33
RX_2739,-0.080000,51.546300,-110.87,158.67
RX_2739,-0.080000,51.546300,-106.18,153.98
RX_2741,-0.079900,51.546300,-108.76,156.56
RX_2741,-0.079900,51.546300,-106.85,154.65
RX_2742,-0.079800,51.546300,-110.88,158.68
RX_2744,-0.079700,51.546300,-110.08,157.88
RX_2744,-0.079700,51.546300,-109.12,156.92
RX_2746,-0.079600,51.546300,-105.97,153.77
RX_2746,-0.079600,51.546300,-109.46,157.26
RX_2747,-0.079500,51.546300,-110.18,157.98
RX_2748,-0.079400,51.546300,-111.76,159.56
RX_2748,-0.079400,51.546300,-113.54,161.34
RX_2751,-0.079300,51.546300,-115.95,163.75
RX_2751,-0.079300,51.546300,-113.36,161.16
RX_2752,-0.079200,51.546300,-112.71,160.51
RX_2752,-0.079200,51.546300,-113.96,161.76
RX_2754,-0.079100,51.546300,-116.29,164.09
RX_2754,-0.079100,51.546300,-113.55,161.35
RX_2754,-0.079100,51.546300,-116.03,163.83
RX_2757,-0.079000,51.546300,-116.58,164.38
RX_2757,-0.079000,51.546300,-117.73,165.53
RX_2761,-0.078900,51.546300,-115.69,163.49
RX_2761,-0.078900,51.546300,-111.66,159.46
RX_2761,-0.078900,51.546300,-115.65,163.45
RX_2762,-0.078800,51.546300,-113.75,161.55
RX_2762,-0.078800,51.546300,-113.59,161.39
RX_2764,-0.078700,51.546200,-110.64,158.44
RX_2764,-0.078700,51.546200,-113.33,161.13
RX_2766,-0.078600,51.546200,-110.84,158.64
RX_2766,-0.078600,51.546200,-112.44,160.24
RX_2769,-0.078500,51.546200,-113.27,161.07
RX_2769,-0.078500,51.546200,-115.13,162.93
RX_2770,-0.078400,51.546200,-111.92,159.72
RX_2770,-0.078400,51.546200,-113.42,161.22
RX_2774,-0.078300,51.546200,-109.72,157.52
RX_2774,-0.078300,51.546200,-113.73,161.53
RX_2774,-0.078300,51.546200,-112.09,159.89
RX_2775,-0.078200,51.546200,-113.82,161.62
RX_2775,-0.078200,51.546200,-116.11,163.91
RX_2777,-0.078100,51.546200,-118.28,166.08
RX_2777,-0.078100,51.546200,-116.38,164.18
RX_2779,-0.078000,51.546200,-116.67,164.47
RX_2779,-0.078000,51.546200,-116.85,164.65
RX_2781,-0.077900,51.546200,-113.01,160.81
RX_2781,-0.077900,51.546200,-114.97,162.77
RX_2783,-0.077800,51.546200,-115.89,163.69
RX_2784,-0.077800,51.546100,-114.39,162.19
RX_2785,-0.077700,51.546100,-114.94,162.74
RX_2787,-0.077600,51.546100,-112.74,160.54
RX_2787,-0.077600,51.546100,-114.45,162.25
RX_2787,-0.077600,51.546100,-115.31,163.11
RX_2790,-0.077500,51.546100,-115.11,162.91
RX_2790,-0.077500,51.546100,-115.33,163.13
RX_2790,-0.077500,51.546100,-112.53,160.33
RX_2792,-0.077400,51.546100,-116.57,164.37
RX_2792,-0.077400,51.546100,-115.05,162.85
RX_2794,-0.077300,51.546100,-113.28,161.08
RX_2794,-0.077300,51.546100,-112.67,160.47
RX_2794,-0.077300,51.546100,-111.49,159.29
RX_2797,-0.077200,51.546100,-113.17,160.97
RX_2797,-0.077200,51.546100,-114.08,161.88
RX_2800,-0.077100,51.546100,-111.40,159.20
RX_2800,-0.077100,51.546100,-112.94,160.74
RX_2802,-0.077000,51.546100,-113.61,161.41
RX_2802,-0.077000,51.546100,-114.49,162.29
RX_2802,-0.077000,51.546100,-113.69,161.49
RX_2804,-0.076900,51.546100,-113.31,161.11
RX_2804,-0.076900,51.546100,-112.30,160.10
RX_2806,-0.076800,51.546100,-111.73,159.53
RX_2806,-0.076800,51.546100,-109.28,157.08
RX_2809,-0.076700,51.546100,-109.75,157.55
RX_2809,-0.076700,51.546100,-110.37,158.17
RX_2810,-0.076600,51.546100,-112.20,160.00
RX_2811,-0.076600,51.546000,-110.99,158.79
RX_2812,-0.076500,51.546000,-110.43,158.23
RX_2813,-0.076500,51.546100,-112.07,159.87
RX_2815,-0.076400,51.546100,-112.44,160.24
RX_2815,-0.076400,51.546100,-113.54,161.34
RX_2816,-0.076300,51.546100,-112.93,160.73
RX_2817,-0.076200,51.546100,-112.73,160.53
RX_2817,-0.076200,51.546100,-113.88,161.68
RX_2817,-0.076200,51.546100,-109.11,156.91
RX_2820,-0.076100,51.546100,-107.84,155.64
RX_2820,-0.076100,51.546100,-110.58,158.38
RX_2823,-0.076000,51.546100,-112.14,159.94
RX_2823,-0.076000,51.546100,-115.28,163.08
RX_2825,-0.075900,51.546100,-115.45,163.25
RX_2825,-0.075900,51.546100,-115.24,163.04
RX_2825,-0.075900,51.546100,-115.62,163.42
RX_2827,-0.075800,51.546100,-113.75,161.55
RX_2827,-0.075800,51.546100,-110.40,158.20
RX_2829,-0.075700,51.546100,-108.94,156.74
RX_2829,-0.075700,51.546100,-108.01,155.81
RX_2831,-0.075700,51.546200,-111.69,159.49
RX_2832,-0.075600,51.546200,-111.43,159.23
RX_2832,-0.075600,51.546200,-109.92,157.72
RX_2834,-0.075500,51.546200,-109.72,157.52
RX_2834,-0.075500,51.546200,-110.11,157.91
RX_2834,-0.075500,51.546200,-111.92,159.72
RX_2837,-0.075400,51.546200,-112.66,160.46
RX_2837,-0.075400,51.546200,-114.34,162.14
RX_2840,-0.075300,51.546200,-114.72,162.52
RX_2840,-0.075300,51.546200,-113.34,161.14
RX_2842,-0.075200,51.546200,-114.51,162.31
RX_2842,-0.075200,51.546200,-112.10,159.90
RX_2842,-0.075200,51.546200,-111.05,158.85
RX_2844,-0.075100,51.546200,-108.65,156.45
RX_2844,-0.075100,51.546200,-109.41,157.21
RX_2846,-0.075000,51.546200,-109.45,157.25
RX_2846,-0.075000,51.546200,-109.56,157.36
RX_2848,-0.074900,51.546200,-111.86,159.66
RX_2848,-0.074900,51.546200,-110.99,158.79
RX_2850,-0.074800,51.546200,-112.10,159.90
RX_2850,-0.074800,51.546200,-111.33,159.13
RX_2852,-0.074700,51.546200,-113.26,161.06
RX_2852,-0.074700,51.546200,-113.16,160.96
RX_2854,-0.074600,51.546200,-113.12,160.92
RX_2854,-0.074600,51.546200,-112.53,160.33
RX_2854,-0.074600,51.546200,-111.95,159.75
RX_2857,-0.074500,51.546200,-111.10,158.90
RX_2857,-0.074500,51.546200,-114.40,162.20
RX_2860,-0.074400,51.546200,-115.77,163.57
RX_2860,-0.074400,51.546200,-115.12,162.92
RX_2862,-0.074300,51.546200,-114.83,162.63
RX_2862,-0.074300,51.546200,-114.80,162.60
RX_2864,-0.074200,51.546200,-115.47,163.27
RX_2864,-0.074200,51.546200,-115.40,163.20
RX_2865,-0.074100,51.546200,-113.84,161.64
RX_2866,-0.074000,51.546200,-115.61,163.41
RX_2867,-0.073900,51.546200,-117.33,165.13
RX_2867,-0.073900,51.546200,-114.50,162.30
RX_2871,-0.073800,51.546200,-115.67,163.47
RX_2871,-0.073800,51.546200,-116.05,163.85
RX_2871,-0.073800,51.546200,-113.59,161.39
RX_2871,-0.073800,51.546200,-115.24,163.04
RX_2873,-0.073700,51.546200,-116.51,164.31
RX_2873,-0.073700,51.546200,-116.18,163.98
RX_2877,-0.073600,51.546200,-118.80,166.60
RX_2877,-0.073600,51.546200,-119.27,167.07
RX_2877,-0.073600,51.546200,-120.67,168.47
RX_2879,-0.073500,51.546200,-118.72,166.52
RX_2879,-0.073500,51.546200,-119.87,167.67
RX_2880,-0.073400,51.546200,-120.62,168.42
RX_2880,-0.073400,51.546200,-120.37,168.17
RX_2882,-0.073300,51.546200,-118.33,166.13
RX_2882,-0.073300,51.546200,-119.95,167.75
RX_2882,-0.073300,51.546200,-117.72,165.52
RX_2885,-0.073200,51.546200,-117.92,165.72
RX_2885,-0.073200,51.546200,-120.23,168.03
RX_2887,-0.073100,51.546200,-120.55,168.35
RX_2887,-0.073100,51.546200,-121.53,169.33
RX_2889,-0.073000,51.546200,-122.57,170.37
RX_2889,-0.073000,51.546200,-121.70,169.50
RX_2889,-0.073000,51.546200,-121.75,169.55
RX_2893,-0.072900,51.546200,-120.43,168.23
RX_2893,-0.072900,51.546200,-121.95,169.75
RX_2894,-0.072800,51.546200,-120.55,168.35
RX_2894,-0.072800,51.546200,-121.16,168.96
RX_2897,-0.072700,51.546200,-121.01,168.81
RX_2897,-0.072700,51.546200,-118.86,166.66
RX_2898,-0.072600,51.546200,-118.27,166.07
RX_2898,-0.072600,51.546200,-119.48,167.28
RX_2898,-0.072600,51.546200,-117.84,165.64
RX_2901,-0.072500,51.546200,-118.50,166.30
RX_2901,-0.072500,51.546200,-120.80,168.60
RX_2903,-0.072400,51.546200,-119.33,167.13
RX_2903,-0.072400,51.546200,-117.33,165.13
RX_2905,-0.072300,51.546200,-117.12,164.92
RX_2905,-0.072300,51.546200,-117.63,165.43
RX_2908,-0.072200,51.546200,-117.69,165.49
RX_2908,-0.072200,51.546200,-118.04,165.84
RX_2910,-0.072100,51.546200,-117.54,165.34
RX_2910,-0.072100,51.546200,-118.90,166.70
RX_2911,-0.072000,51.546200,-118.85,166.65
RX_2911,-0.072000,51.546200,-119.01,166.81
RX_2913,-0.071900,51.546200,-119.11,166.91
RX_2913,-0.071900,51.546200,-117.16,164.96
RX_2915,-0.071800,51.546200,-117.89,165.69
RX_2915,-0.071800,51.546200,-118.43,166.23
RX_2915,-0.071800,51.546200,-122.10,169.90
RX_2919,-0.071700,51.546200,-119.76,167.56
RX_2919,-0.071700,51.546200,-120.28,168.08
RX_2920,-0.071600,51.546200,-120.05,167.85
RX_2920,-0.071600,51.546200,-120.98,168.78
RX_2922,-0.071500,51.546200,-120.34,168.14
RX_2922,-0.071500,51.546200,-119.80,167.60
RX_2924,-0.071400,51.546200,-121.58,169.38
RX_2924,-0.071400,51.546200,-120.74,168.54
RX_2924,-0.071400,51.546200,-119.72,167.52
RX_2927,-0.071300,51.546200,-121.03,168.83
RX_2930,-0.071200,51.546200,-120.45,168.25
RX_2930,-0.071200,51.546200,-120.93,168.73
RX_2930,-0.071200,51.546200,-120.40,168.20
RX_2931,-0.071100,51.546200,-119.40,167.20
RX_2931,-0.071100,51.546200,-118.76,166.56
RX_2934,-0.071000,51.546200,-118.47,166.27
RX_2934,-0.071000,51.546200,-120.83,168.63
RX_2936,-0.070900,51.546200,-120.45,168.25
RX_2936,-0.070900,51.546200,-114.44,162.24
RX_2938,-0.070800,51.546200,-116.47,164.27
RX_2938,-0.070800,51.546200,-118.48,166.28
RX_2941,-0.070700,51.546200,-117.97,165.77
RX_2941,-0.070700,51.546200,-119.20,167.00
RX_2941,-0.070700,51.546200,-117.02,164.82
RX_2942,-0.070600,51.546200,-116.70,164.50
RX_2942,-0.070600,51.546200,-117.30,165.10
RX_2944,-0.070500,51.546200,-116.33,164.13
RX_2944,-0.070500,51.546200,-116.44,164.24
RX_2946,-0.070400,51.546200,-117.20,165.00
RX_2946,-0.070400,51.546200,-121.10,168.90
RX_2948,-0.070300,51.546200,-121.20,169.00
RX_2948,-0.070300,51.546200,-120.15,167.95
RX_2950,-0.070200,51.546200,-121.78,169.58
RX_2950,-0.070200,51.546200,-120.57,168.37
RX_2952,-0.070100,51.546200,-122.69,170.49
RX_2953,-0.070100,51.546300,-121.36,169.16
RX_2954,-0.070000,51.546300,-119.69,167.49
RX_2954,-0.070000,51.546300,-117.66,165.46
RX_2958,-0.069900,51.546300,-121.94,169.74
RX_2958,-0.069900,51.546300,-121.00,168.80
RX_2958,-0.069900,51.546300,-121.81,169.61
RX_2959,-0.069800,51.546300,-121.86,169.66
RX_2960,-0.069800,51.546400,-122.38,170.18
RX_2961,-0.069700,51.546400,-122.10,169.90
RX_2961,-0.069700,51.546400,-123.11,170.91
RX_2961,-0.069700,51.546400,-122.94,170.74
RX_2964,-0.069600,51.546400,-123.98,171.78
RX_2965,-0.069600,51.546500,-123.07,170.87
RX_2965,-0.069600,51.546500,-122.06,169.86
RX_2967,-0.069500,51.546500,-122.88,170.68
RX_2967,-0.069500,51.546500,-121.32,169.12
RX_2967,-0.069500,51.546500,-121.78,169.58
RX_2970,-0.069500,51.546600,-124.49,172.29
RX_2973,-0.069400,51.546600,-124.66,172.46
RX_2973,-0.069400,51.546600,-125.02,172.82
RX_2973,-0.069400,51.546600,-125.13,172.93
RX_2974,-0.069400,51.546700,-124.15,171.95
RX_2974,-0.069400,51.546700,-124.47,172.27
RX_2974,-0.069400,51.546700,-124.57,172.37
RX_2979,-0.069300,51.546800,-124.56,172.36
RX_2979,-0.069300,51.546800,-125.19,172.99
RX_2979,-0.069300,51.546800,-122.89,170.69
RX_2979,-0.069300,51.546800,-124.02,171.82
RX_2981,-0.069300,51.546900,-124.22,172.02
RX_2981,-0.069300,51.546900,-124.89,172.69
RX_2981,-0.069300,51.546900,-124.78,172.58
RX_2984,-0.069300,51.547000,-124.23,172.03
RX_2984,-0.069300,51.547000,-124.40,172.20
RX_2986,-0.069200,51.547000,-125.81,173.61
RX_2989,-0.069200,51.547100,-125.51,173.31
RX_2989,-0.069200,51.547100,-123.58,171.38
RX_2989,-0.069200,51.547100,-121.70,169.50
RX_2990,-0.069200,51.547200,-118.12,165.92
RX_2990,-0.069200,51.547200,-118.85,166.65
RX_2990,-0.069200,51.547200,-118.41,166.21
RX_2995,-0.069200,51.547300,-121.94,169.74
RX_2995,-0.069200,51.547300,-120.33,168.13
RX_2995,-0.069200,51.547300,-118.94,166.74
RX_2995,-0.069200,51.547300,-118.44,166.24
RX_2997,-0.069200,51.547400,-119.16,166.96
RX_2997,-0.069200,51.547400,-116.90,164.70
RX_2997,-0.069200,51.547400,-117.33,165.13
RX_3000,-0.069200,51.547500,-116.54,164.34
RX_3001,-0.069100,51.547500,-113.14,160.94
RX_3001,-0.069100,51.547500,-113.58,161.38
RX_3001,-0.069100,51.547500,-114.39,162.19
RX_3004,-0.069100,51.547600,-115.05,162.85
RX_3004,-0.069100,51.547600,-114.48,162.28
RX_3006,-0.069000,51.547600,-114.64,162.44
RX_3006,-0.069000,51.547600,-113.67,161.47
RX_3009,-0.069000,51.547700,-116.59,164.39
RX_3009,-0.069000,51.547700,-117.77,165.57
RX_3011,-0.068900,51.547700,-119.00,166.80
RX_3011,-0.068900,51.547700,-118.26,166.06
RX_3012,-0.068900,51.547800,-121.40,169.20
RX_3012,-0.068900,51.547800,-120.69,168.49
RX_3012,-0.068900,51.547800,-121.47,169.27
RX_3012,-0.068900,51.547800,-122.75,170.55
RX_3016,-0.068800,51.547900,-122.47,170.27
RX_3016,-0.068800,51.547900,-121.29,169.09
RX_3016,-0.068800,51.547900,-124.38,172.18
RX_3019,-0.068800,51.548000,-123.71,171.51
RX_3019,-0.068800,51.548000,-120.03,167.83
RX_3022,-0.068700,51.548000,-117.91,165.71
RX_3022,-0.068700,51.548000,-120.06,167.86
RX_3025,-0.068700,51.548100,-118.61,166.41
RX_3025,-0.068700,51.548100,-114.91,162.71
RX_3025,-0.068700,51.548100,-110.79,158.59
RX_3026,-0.068600,51.548100,-112.52,160.32
RX_3026,-0.068600,51.548100,-109.20,157.00
RX_3029,-0.068600,51.548200,-111.50,159.30
RX_3029,-0.068600,51.548200,-112.73,160.53
RX_3030,-0.068500,51.548200,-117.00,164.80
RX_3030,-0.068500,51.548200,-112.44,160.24
RX_3033,-0.068400,51.548200,-115.70,163.50
RX_3033,-0.068400,51.548200,-118.03,165.83
RX_3035,-0.068300,51.548200,-116.37,164.17
RX_3035,-0.068300,51.548200,-117.54,165.34
RX_3036,-0.068200,51.548200,-118.95,166.75
RX_3037,-0.068200,51.548300,-121.89,169.69
RX_3037,-0.068200,51.548300,-121.88,169.68
RX_3039,-0.068100,51.548300,-122.40,170.20
RX_3039,-0.068100,51.548300,-122.76,170.56
RX_3042,-0.068000,51.548300,-121.24,169.04
RX_3042,-0.068000,51.548300,-121.97,169.77
RX_3045,-0.067900,51.548300,-120.33,168.13
RX_3045,-0.067900,51.548300,-117.72,165.52
RX_3045,-0.067900,51.548300,-117.76,165.56
RX_3046,-0.067800,51.548300,-119.46,167.26
RX_3046,-0.067800,51.548300,-116.56,164.36
RX_3049,-0.067700,51.548300,-113.15,160.95
RX_3049,-0.067700,51.548300,-114.15,161.95
RX_3050,-0.067600,51.548300,-112.96,160.76
RX_3050,-0.067600,51.548300,-115.41,163.21
RX_3052,-0.067500,51.548300,-116.01,163.81
RX_3052,-0.067500,51.548300,-115.95,163.75
RX_3054,-0.067400,51.548300,-115.87,163.67
RX_3054,-0.067400,51.548300,-118.29,166.09
RX_3057,-0.067300,51.548300,-120.11,167.91
RX_3057,-0.067300,51.548300,-118.01,165.81
RX_3058,-0.067200,51.548300,-114.50,162.30
RX_3058,-0.067200,51.548300,-113.99,161.79
RX_3061,-0.067100,51.548300,-118.46,166.26
RX_3061,-0.067100,51.548300,-118.97,166.77
RX_3063,-0.067000,51.548300,-117.60,165.40
RX_3063,-0.067000,51.548300,-114.11,161.91
RX_3063,-0.067000,51.548300,-114.28,162.08
RX_3065,-0.066900,51.548300,-117.19,164.99
RX_3065,-0.066900,51.548300,-118.56,166.36
RX_3067,-0.066800,51.548300,-116.37,164.17
RX_3067,-0.066800,51.548300,-113.99,161.79
RX_3067,-0.066800,51.548300,-117.71,165.51
RX_3070,-0.066700,51.548300,-120.93,168.73
RX_3070,-0.066700,51.548300,-121.07,168.87
RX_3073,-0.066600,51.548300,-118.76,166.56
RX_3073,-0.066600,51.548300,-115.54,163.34
RX_3075,-0.066500,51.548300,-114.61,162.41
RX_3075,-0.066500,51.548300,-118.18,165.98
RX_3076,-0.066400,51.548300,-121.53,169.33
RX_3076,-0.066400,51.548300,-115.63,163.43
RX_3076,-0.066400,51.548300,-116.34,164.14
RX_3080,-0.066300,51.548300,-119.74,167.54
RX_3080,-0.066300,51.548300,-117.62,165.42
RX_3081,-0.066200,51.548300,-117.38,165.18
RX_3081,-0.066200,51.548300,-121.36,169.16
RX_3084,-0.066100,51.548300,-123.44,171.24
RX_3084,-0.066100,51.548300,-124.48,172.28
RX_3086,-0.066000,51.548300,-123.05,170.85
RX_3086,-0.066000,51.548300,-123.43,171.23
RX_3087,-0.065900,51.548300,-120.66,168.46
RX_3087,-0.065900,51.548300,-118.89,166.69
RX_3090,-0.065800,51.548300,-120.96,168.76
RX_3090,-0.065800,51.548300,-120.59,168.39
RX_3092,-0.065700,51.548300,-121.12,168.92
RX_3092,-0.065700,51.548300,-122.35,170.15
RX_3095,-0.065600,51.548300,-121.76,169.56
RX_3095,-0.065600,51.548300,-121.30,169.10
RX_3095,-0.065600,51.548300,-121.22,169.02
RX_3096,-0.065500,51.548300,-123.66,171.46
RX_3096,-0.065500,51.548300,-121.00,168.80
RX_3098,-0.065400,51.548300,-119.51,167.31
RX_3098,-0.065400,51.548300,-121.15,168.95
RX_3101,-0.065300,51.548300,-120.93,168.73
RX_3101,-0.065300,51.548300,-119.93,167.73
RX_3103,-0.065200,51.548300,-118.28,166.08
RX_3103,-0.065200,51.548300,-118.63,166.43
RX_3104,-0.065100,51.548300,-117.09,164.89
RX_3104,-0.065100,51.548300,-119.73,167.53
RX_3106,-0.065000,51.548300,-117.65,165.45
RX_3106,-0.065000,51.548300,-117.20,165.00
RX_3109,-0.064900,51.548300,-116.07,163.87
RX_3109,-0.064900,51.548300,-117.84,165.64
RX_3112,-0.064800,51.548300,-117.98,165.78
RX_3112,-0.064800,51.548300,-119.41,167.21
RX_3112,-0.064800,51.548300,-119.65,167.45
RX_3113,-0.064700,51.548300,-118.58,166.38
RX_3115,-0.064600,51.548400,-118.27,166.07
RX_3115,-0.064600,51.548400,-119.42,167.22
RX_3115,-0.064600,51.548400,-120.25,168.05
RX_3118,-0.064500,51.548400,-119.84,167.64
RX_3118,-0.064500,51.548400,-118.61,166.41
RX_3119,-0.064400,51.548400,-118.95,166.75
RX_3119,-0.064400,51.548400,-120.64,168.44
RX_3122,-0.064300,51.548400,-120.48,168.28
RX_3122,-0.064300,51.548400,-118.98,166.78
RX_3124,-0.064200,51.548400,-119.19,166.99
RX_3124,-0.064200,51.548400,-118.93,166.73
RX_3125,-0.064100,51.548400,-119.73,167.53
RX_3125,-0.064100,51.548400,-119.55,167.35
RX_3125,-0.064100,51.548400,-120.28,168.08
RX_3128,-0.064000,51.548400,-118.46,166.26
RX_3129,-0.063900,51.548400,-120.61,168.41
RX_3129,-0.063900,51.548400,-120.92,168.72
RX_3131,-0.063900,51.548300,-122.54,170.34
RX_3133,-0.063800,51.548300,-122.86,170.66
RX_3133,-0.063800,51.548300,-118.56,166.36
RX_3134,-0.063700,51.548300,-121.87,169.67
RX_3134,-0.063700,51.548300,-122.89,170.69
RX_3137,-0.063600,51.548300,-124.37,172.17
RX_3137,-0.063600,51.548300,-122.51,170.31
RX_3137,-0.063600,51.548300,-119.72,167.52
RX_3139,-0.063500,51.548300,-120.16,167.96
RX_3139,-0.063500,51.548300,-118.58,166.38
RX_3141,-0.063400,51.548300,-119.01,166.81
RX_3141,-0.063400,51.548300,-122.20,170.00
RX_3144,-0.063300,51.548300,-121.71,169.51
RX_3144,-0.063300,51.548300,-120.55,168.35
RX_3144,-0.063300,51.548300,-117.68,165.48
RX_3146,-0.063200,51.548300,-119.26,167.06
RX_3146,-0.063200,51.548300,-122.26,170.06
RX_3148,-0.063100,51.548300,-120.70,168.50
RX_3148,-0.063100,51.548300,-121.54,169.34
RX_3150,-0.063000,51.548300,-120.00,167.80
RX_3151,-0.063000,51.548400,-121.83,169.63
RX_3151,-0.063000,51.548400,-121.95,169.75
RX_3154,-0.062900,51.548400,-121.00,168.80
RX_3154,-0.062900,51.548400,-121.72,169.52
RX_3156,-0.062800,51.548400,-122.02,169.82
RX_3156,-0.062800,51.548400,-122.99,170.79
RX_3157,-0.062700,51.548400,-122.88,170.68
RX_3157,-0.062700,51.548400,-122.33,170.13
RX_3160,-0.062600,51.548500,-121.54,169.34
RX_3160,-0.062600,51.548500,-119.18,166.98
RX_3160,-0.062600,51.548500,-120.03,167.83
RX_3163,-0.062500,51.548500,-120.66,168.46
RX_3163,-0.062500,51.548500,-120.93,168.73
RX_3166,-0.062400,51.548500,-120.33,168.13
RX_3166,-0.062400,51.548500,-117.72,165.52
RX_3166,-0.062400,51.548500,-119.47,167.27
RX_3168,-0.062300,51.548600,-119.58,167.38
RX_3168,-0.062300,51.548600,-118.95,166.75
RX_3169,-0.062200,51.548600,-121.35,169.15
RX_3169,-0.062200,51.548600,-119.26,167.06
RX_3172,-0.062100,51.548600,-118.70,166.50
RX_3172,-0.062100,51.548600,-119.49,167.29
RX_3174,-0.062000,51.548600,-118.91,166.71
RX_3174,-0.062000,51.548600,-120.68,168.48
RX_3175,-0.062000,51.548700,-121.24,169.04
RX_3176,-0.061900,51.548700,-120.60,168.40
RX_3176,-0.061900,51.548700,-121.19,168.99
RX_3180,-0.061800,51.548700,-120.44,168.24
RX_3180,-0.061800,51.548700,-120.75,168.55
RX_3180,-0.061800,51.548700,-121.79,169.59
RX_3181,-0.061700,51.548800,-122.48,170.28
RX_3181,-0.061700,51.548800,-122.36,170.16
RX_3184,-0.061600,51.548800,-118.44,166.24
RX_3184,-0.061600,51.548800,-120.37,168.17
RX_3184,-0.061600,51.548800,-121.70,169.50
RX_3186,-0.061500,51.548800,-121.59,169.39
RX_3186,-0.061500,51.548800,-122.57,170.37
RX_3188,-0.061400,51.548800,-122.52,170.32
RX_3189,-0.061400,51.548900,-120.51,168.31
RX_3190,-0.061300,51.548900,-122.00,169.80
RX_3190,-0.061300,51.548900,-119.42,167.22
RX_3194,-0.061200,51.548900,-120.61,168.41
RX_3194,-0.061200,51.548900,-120.90,168.70
RX_3194,-0.061200,51.548900,-123.54,171.34
RX_3196,-0.061100,51.548900,-122.91,170.71
RX_3196,-0.061100,51.548900,-124.03,171.83
RX_3198,-0.061000,51.549000,-122.33,170.13
RX_3198,-0.061000,51.549000,-125.12,172.92
RX_3200,-0.060900,51.549000,-121.89,169.69
RX_3200,-0.060900,51.549000,-121.31,169.11
RX_3201,-0.060800,51.549000,-123.88,171.68
RX_3201,-0.060800,51.549000,-123.94,171.74
RX_3203,-0.060700,51.549000,-122.53,170.33
RX_3203,-0.060700,51.549000,-115.84,163.64
RX_3205,-0.060600,51.549000,-118.07,165.87
RX_3205,-0.060600,51.549000,-120.71,168.51
RX_3207,-0.060500,51.549000,-120.66,168.46
RX_3207,-0.060500,51.549000,-120.40,168.20
RX_3209,-0.060400,51.549000,-121.11,168.91
RX_3210,-0.060400,51.549100,-120.14,167.94
RX_3210,-0.060400,51.549100,-118.77,166.57
RX_3212,-0.060300,51.549100,-119.99,167.79
RX_3213,-0.060300,51.549200,-120.33,168.13
RX_3214,-0.060200,51.549200,-121.28,169.08
RX_3218,-0.060200,51.549300,-123.82,171.62
RX_3218,-0.060200,51.549300,-125.77,173.57
RX_3218,-0.060200,51.549300,-124.79,172.59
RX_3218,-0.060200,51.549300,-123.72,171.52
RX_3218,-0.060200,51.549300,-121.92,169.72
RX_3220,-0.060100,51.549300,-122.83,170.63
RX_3220,-0.060100,51.549300,-121.18,168.98
RX_3222,-0.060100,51.549400,-121.01,168.81
RX_3225,-0.060000,51.549400,-122.78,170.58
RX_3225,-0.060000,51.549400,-121.80,169.60
RX_3225,-0.060000,51.549400,-121.96,169.76
RX_3225,-0.060000,51.549400,-122.15,169.95
RX_3227,-0.059900,51.549400,-123.35,171.15
RX_3894,-0.059900,51.549500,-123.03,170.83
RX_3229,-0.059800,51.549500,-123.65,171.45
RX_3229,-0.059800,51.549500,-123.21,171.01
RX_3229,-0.059800,51.549500,-123.80,171.60
RX_3888,-0.059700,51.549500,-122.75,170.55
RX_3888,-0.059700,51.549500,-122.19,169.99
RX_3888,-0.059700,51.549500,-124.23,172.03
RX_3235,-0.059600,51.549600,-121.36,169.16
RX_3235,-0.059600,51.549600,-123.21,171.01
RX_3237,-0.059500,51.549600,-122.31,170.11
RX_3237,-0.059500,51.549600,-120.74,168.54
RX_3237,-0.059500,51.549600,-120.97,168.77
RX_3242,-0.059400,51.549700,-122.46,170.26
RX_3242,-0.059400,51.549700,-120.79,168.59
RX_3242,-0.059400,51.549700,-119.97,167.77
RX_3244,-0.059300,51.549700,-118.08,165.88
RX_3244,-0.059300,51.549700,-120.24,168.04
RX_3247,-0.059300,51.549800,-119.20,167.00
RX_3247,-0.059300,51.549800,-118.88,166.68
RX_3247,-0.059300,51.549800,-119.24,167.04
RX_3250,-0.059200,51.549900,-120.70,168.50
RX_3250,-0.059200,51.549900,-121.54,169.34
RX_3250,-0.059200,51.549900,-120.25,168.05
RX_3252,-0.059200,51.550000,-121.13,168.93
RX_3252,-0.059200,51.550000,-119.02,166.82
RX_3252,-0.059200,51.550000,-119.38,167.18
RX_3255,-0.059200,51.550100,-118.95,166.75
RX_3255,-0.059200,51.550100,-118.88,166.68
RX_3255,-0.059200,51.550100,-119.74,167.54
RX_3257,-0.059100,51.550200,-121.14,168.94
RX_3257,-0.059100,51.550200,-120.19,167.99
RX_3257,-0.059100,51.550200,-120.45,168.25
RX_3257,-0.059100,51.550200,-120.13,167.93
RX_3262,-0.059100,51.550300,-119.45,167.25
RX_3262,-0.059100,51.550300,-121.41,169.21
RX_3262,-0.059100,51.550300,-120.42,168.22
RX_3262,-0.059100,51.550300,-119.37,167.17
RX_3266,-0.059000,51.550400,-120.71,168.51
RX_3266,-0.059000,51.550400,-120.35,168.15
RX_3266,-0.059000,51.550400,-121.19,168.99
RX_3271,-0.059000,51.550500,-121.77,169.57
RX_3271,-0.059000,51.550500,-122.26,170.06
RX_3271,-0.059000,51.550500,-122.34,170.14
RX_3271,-0.059000,51.550500,-123.23,171.03
RX_3274,-0.058900,51.550600,-121.88,169.68
RX_3274,-0.058900,51.550600,-123.52,171.32
RX_3274,-0.058900,51.550600,-124.84,172.64
RX_3276,-0.058900,51.550700,-123.44,171.24
RX_3276,-0.058900,51.550700,-124.31,172.11
RX_3276,-0.058900,51.550700,-124.99,172.79
RX_3276,-0.058900,51.550700,-123.24,171.04
RX_3279,-0.058900,51.550800,-124.67,172.47
RX_3280,-0.058800,51.550800,-124.46,172.26
RX_3280,-0.058800,51.550800,-125.18,172.98
RX_3285,-0.058800,51.550900,-124.73,172.53
RX_3285,-0.058800,51.550900,-125.65,173.45
RX_3285,-0.058800,51.550900,-124.54,172.34
RX_3285,-0.058800,51.550900,-126.59,174.39
RX_3286,-0.058800,51.551000,-125.68,173.48
RX_3286,-0.058800,51.551000,-126.03,173.83
RX_3286,-0.058800,51.551000,-126.44,174.24
RX_3290,-0.058700,51.551100,-125.24,173.04
RX_3290,-0.058700,51.551100,-125.07,172.87
RX_3290,-0.058700,51.551100,-127.11,174.91
RX_3290,-0.058700,51.551100,-126.77,174.57
RX_3293,-0.058700,51.551200,-126.65,174.45
RX_3293,-0.058700,51.551200,-126.32,174.12
RX_3293,-0.058700,51.551200,-125.69,173.49
RX_3298,-0.058600,51.551300,-125.75,173.55
RX_3298,-0.058600,51.551300,-125.21,173.01
RX_3298,-0.058600,51.551300,-125.91,173.71
RX_3298,-0.058600,51.551300,-125.15,172.95
RX_3302,-0.058600,51.551400,-126.67,174.47
RX_3302,-0.058600,51.551400,-126.41,174.21
RX_3302,-0.058600,51.551400,-124.95,172.75
RX_3303,-0.058600,51.551500,-126.16,173.96
RX_3304,-0.058500,51.551500,-126.30,174.10
RX_3304,-0.058500,51.551500,-125.41,173.21
RX_3304,-0.058500,51.551500,-126.14,173.94
RX_3310,-0.058500,51.551600,-125.84,173.64
RX_3310,-0.058500,51.551600,-124.24,172.04
RX_3310,-0.058500,51.551600,-124.93,172.73
RX_3310,-0.058500,51.551600,-124.86,172.66
RX_3311,-0.058500,51.551700,-126.29,174.09
RX_3311,-0.058500,51.551700,-125.89,173.69
RX_3313,-0.058400,51.551700,-123.35,171.15
RX_3314,-0.058400,51.551800,-125.40,173.20
RX_3314,-0.058400,51.551800,-126.59,174.39
RX_3314,-0.058400,51.551800,-127.02,174.82
RX_3318,-0.058400,51.551900,-127.13,174.93
RX_3318,-0.058400,51.551900,-125.35,173.15
RX_3318,-0.058400,51.551900,-125.57,173.37
RX_3320,-0.058300,51.551900,-125.97,173.77
RX_3321,-0.058300,51.552000,-126.61,174.41
RX_3321,-0.058300,51.552000,-126.47,174.27
RX_3321,-0.058300,51.552000,-126.28,174.08
RX_3326,-0.058300,51.552100,-124.23,172.03
RX_3326,-0.058300,51.552100,-124.46,172.26
RX_3326,-0.058300,51.552100,-126.46,174.26
RX_3327,-0.058200,51.552100,-125.87,173.67
RX_3329,-0.058200,51.552200,-126.55,174.35
RX_3329,-0.058200,51.552200,-124.79,172.59
RX_3330,-0.058200,51.552300,-125.43,173.23
RX_3330,-0.058200,51.552300,-125.49,173.29
RX_3330,-0.058200,51.552300,-124.33,172.13
RX_3330,-0.058200,51.552300,-124.74,172.54
RX_3334,-0.058200,51.552400,-123.24,171.04
RX_3337,-0.058100,51.552400,-124.05,171.85
RX_3337,-0.058100,51.552400,-123.52,171.32
RX_3337,-0.058100,51.552400,-123.17,170.97
RX_3337,-0.058100,51.552400,-123.77,171.57
RX_3341,-0.058100,51.552500,-122.54,170.34
RX_3341,-0.058100,51.552500,-122.77,170.57
RX_3341,-0.058100,51.552500,-124.61,172.41
RX_3341,-0.058100,51.552500,-122.54,170.34
RX_3345,-0.058000,51.552600,-124.16,171.96
RX_3345,-0.058000,51.552600,-122.98,170.78
RX_3345,-0.058000,51.552600,-124.71,172.51
RX_3346,-0.058000,51.552700,-122.34,170.14
RX_3346,-0.058000,51.552700,-122.57,170.37
RX_3346,-0.058000,51.552700,-123.14,170.94
RX_3346,-0.058000,51.552700,-123.17,170.97
RX_3350,-0.057900,51.552700,-121.83,169.63
RX_3351,-0.057900,51.552800,-121.94,169.74
RX_3351,-0.057900,51.552800,-121.84,169.64
RX_3351,-0.057900,51.552800,-123.67,171.47
RX_3354,-0.057800,51.552800,-120.34,168.14
RX_3357,-0.057800,51.552900,-121.94,169.74
RX_3357,-0.057800,51.552900,-124.31,172.11
RX_3357,-0.057800,51.552900,-123.80,171.60
RX_3358,-0.057700,51.552900,-123.70,171.50
RX_3359,-0.057700,51.553000,-124.57,172.37
RX_3359,-0.057700,51.553000,-124.72,172.52
RX_3362,-0.057600,51.553000,-125.25,173.05
RX_3362,-0.057600,51.553000,-125.55,173.35
RX_3363,-0.057600,51.553100,-126.55,174.35
RX_3363,-0.057600,51.553100,-127.12,174.92
RX_3365,-0.057500,51.553100,-124.87,172.67
RX_3365,-0.057500,51.553100,-126.11,173.91
RX_3365,-0.057500,51.553100,-126.75,174.55
RX_3368,-0.057500,51.553200,-126.41,174.21
RX_3369,-0.057400,51.553200,-125.48,173.28
RX_3369,-0.057400,51.553200,-125.46,173.26
RX_3369,-0.057400,51.553200,-126.80,174.60
RX_3375,-0.057300,51.553300,-126.19,173.99
RX_3375,-0.057300,51.553300,-127.74,175.54
RX_3375,-0.057300,51.553300,-128.13,175.93
RX_3375,-0.057300,51.553300,-127.73,175.53
RX_3376,-0.057300,51.553400,-126.26,174.06
RX_3377,-0.057200,51.553400,-128.96,176.76
RX_3377,-0.057200,51.553400,-128.81,176.61
RX_3377,-0.057200,51.553400,-127.90,175.70
RX_3381,-0.057200,51.553500,-128.23,176.03
RX_3381,-0.057200,51.553500,-126.49,174.29
RX_3382,-0.057100,51.553500,-128.65,176.45
RX_3383,-0.057100,51.553600,-128.54,176.34
RX_3383,-0.057100,51.553600,-127.27,175.07
RX_3383,-0.057100,51.553600,-127.00,174.80
RX_3383,-0.057100,51.553600,-125.70,173.50
RX_3387,-0.057100,51.553700,-127.92,175.72
RX_3387,-0.057100,51.553700,-126.13,173.93
RX_3387,-0.057100,51.553700,-126.59,174.39
RX_3390,-0.057100,51.553800,-128.28,176.08
RX_3391,-0.057000,51.553800,-128.02,175.82
RX_3391,-0.057000,51.553800,-125.91,173.71
RX_3391,-0.057000,51.553800,-127.09,174.89
RX_3396,-0.057000,51.553900,-127.19,174.99
RX_3396,-0.057000,51.553900,-127.02,174.82
RX_3396,-0.057000,51.553900,-127.78,175.58
RX_3397,-0.057000,51.554000,-129.13,176.93
RX_3397,-0.057000,51.554000,-129.08,176.88
RX_3397,-0.057000,51.554000,-127.45,175.25
RX_3397,-0.057000,51.554000,-126.26,174.06
RX_3401,-0.057000,51.554100,-127.49,175.29
RX_3401,-0.057000,51.554100,-127.25,175.05
RX_3401,-0.057000,51.554100,-128.88,176.68
RX_3407,-0.057000,51.554200,-128.91,176.71
RX_3407,-0.057000,51.554200,-128.98,176.78
RX_3407,-0.057000,51.554200,-129.04,176.84
RX_3407,-0.057000,51.554200,-128.54,176.34
RX_3410,-0.057000,51.554300,-129.03,176.83
RX_3410,-0.057000,51.554300,-128.52,176.32
RX_3410,-0.057000,51.554300,-127.71,175.51
RX_3411,-0.057000,51.554400,-128.51,176.31
RX_3411,-0.057000,51.554400,-128.61,176.41
RX_3411,-0.057000,51.554400,-128.17,175.97
RX_3411,-0.057000,51.554400,-127.49,175.29
RX_3418,-0.057000,51.554500,-126.35,174.15
RX_3418,-0.057000,51.554500,-125.48,173.28
RX_3418,-0.057000,51.554500,-126.56,174.36
RX_3418,-0.057000,51.554500,-126.84,174.64
RX_3420,-0.057000,51.554600,-129.04,176.84
RX_3420,-0.057000,51.554600,-129.40,177.20
RX_3420,-0.057000,51.554600,-128.30,176.10
RX_3422,-0.057000,51.554700,-129.01,176.81
RX_3423,-0.056900,51.554700,-128.67,176.47
RX_3423,-0.056900,51.554700,-128.39,176.19
RX_3428,-0.056900,51.554800,-129.67,177.47
RX_3428,-0.056900,51.554800,-128.55,176.35
RX_3428,-0.056900,51.554800,-129.27,177.07
RX_3428,-0.056900,51.554800,-130.00,177.80
RX_3431,-0.056900,51.554900,-130.07,177.87
RX_3431,-0.056900,51.554900,-129.44,177.24
RX_3431,-0.056900,51.554900,-130.56,178.36
RX_3435,-0.056900,51.555000,-130.10,177.90
RX_3435,-0.056900,51.555000,-129.26,177.06
RX_3435,-0.056900,51.555000,-130.59,178.39
RX_3435,-0.056900,51.555000,-129.79,177.59
RX_3437,-0.056900,51.555100,-128.74,176.54
RX_3437,-0.056900,51.555100,-128.98,176.78
RX_3437,-0.056900,51.555100,-130.22,178.02
RX_3442,-0.056900,51.555200,-129.48,177.28
RX_3442,-0.056900,51.555200,-129.59,177.39
RX_3442,-0.056900,51.555200,-130.17,177.97
RX_3442,-0.056900,51.555200,-129.17,176.97
RX_3445,-0.056900,51.555300,-129.93,177.73
RX_3445,-0.056900,51.555300,-129.64,177.44
RX_3445,-0.056900,51.555300,-128.34,176.14
RX_3447,-0.056900,51.555400,-128.98,176.78
RX_3447,-0.056900,51.555400,-128.45,176.25
RX_3447,-0.056900,51.555400,-128.70,176.50
RX_3450,-0.056900,51.555500,-129.25,177.05
RX_3450,-0.056900,51.555500,-129.43,177.23
RX_3451,-0.056800,51.555500,-128.54,176.34
RX_3453,-0.056800,51.555600,-128.54,176.34
RX_3453,-0.056800,51.555600,-127.75,175.55
RX_3453,-0.056800,51.555600,-126.82,174.62
RX_3453,-0.056800,51.555600,-127.16,174.96
RX_3456,-0.056800,51.555700,-128.59,176.39
RX_3458,-0.056700,51.555700,-127.67,175.47
RX_3458,-0.056700,51.555700,-125.79,173.59
RX_3458,-0.056700,51.555700,-126.49,174.29
RX_3462,-0.056600,51.555800,-124.29,172.09
RX_3462,-0.056600,51.555800,-125.66,173.46
RX_3462,-0.056600,51.555800,-125.97,173.77
RX_3463,-0.056500,51.555800,-127.37,175.17
RX_3463,-0.056500,51.555800,-126.71,174.51
RX_3465,-0.056400,51.555900,-127.74,175.54
RX_3465,-0.056400,51.555900,-127.87,175.67
RX_3467,-0.056300,51.555900,-127.23,175.03
RX_3469,-0.056200,51.555900,-127.84,175.64
RX_3469,-0.056200,51.555900,-127.25,175.05
RX_3469,-0.056200,51.555900,-127.47,175.27
RX_3469,-0.056200,51.555900,-126.75,174.55
RX_3472,-0.056100,51.555900,-126.88,174.68
RX_3473,-0.056100,51.556000,-126.65,174.45
RX_3474,-0.056000,51.556000,-126.37,174.17
RX_3474,-0.056000,51.556000,-126.29,174.09
RX_3474,-0.056000,51.556000,-126.43,174.23
RX_3478,-0.055900,51.556000,-125.89,173.69
RX_3478,-0.055900,51.556000,-127.39,175.19
RX_3480,-0.055800,51.556000,-127.03,174.83
RX_3480,-0.055800,51.556000,-127.71,175.51
RX_3480,-0.055800,51.556000,-128.13,175.93
RX_3484,-0.055700,51.556100,-127.37,175.17
RX_3484,-0.055700,51.556100,-127.64,175.44
RX_3484,-0.055700,51.556100,-127.72,175.52
RX_3485,-0.055600,51.556100,-127.18,174.98
RX_3485,-0.055600,51.556100,-126.10,173.90
RX_3488,-0.055500,51.556100,-125.24,173.04
RX_3488,-0.055500,51.556100,-127.09,174.89
RX_3488,-0.055500,51.556100,-125.12,172.92
RX_3491,-0.055400,51.556100,-125.84,173.64
RX_3491,-0.055400,51.556100,-125.45,173.25
RX_3494,-0.055300,51.556100,-126.90,174.70
RX_3494,-0.055300,51.556100,-125.69,173.49
RX_3494,-0.055300,51.556100,-127.39,175.19
RX_3495,-0.055200,51.556100,-127.41,175.21
RX_3495,-0.055200,51.556100,-127.32,175.12
RX_3495,-0.055200,51.556100,-124.49,172.29
RX_3499,-0.055200,51.556000,-126.10,173.90
RX_3499,-0.055200,51.556000,-124.10,171.90
RX_3499,-0.055200,51.556000,-125.02,172.82
RX_3501,-0.055100,51.556000,-125.03,172.83
RX_3505,-0.055100,51.555900,-127.09,174.89
RX_3505,-0.055100,51.555900,-125.65,173.45
RX_3505,-0.055100,51.555900,-127.53,175.33
RX_3505,-0.055100,51.555900,-127.18,174.98
RX_3506,-0.055100,51.555800,-126.81,174.61
RX_3507,-0.055000,51.555800,-127.19,174.99
RX_3507,-0.055000,51.555800,-126.91,174.71
RX_3507,-0.055000,51.555800,-127.92,175.72
RX_3510,-0.055000,51.555700,-127.75,175.55
RX_3510,-0.055000,51.555700,-127.73,175.53
RX_3510,-0.055000,51.555700,-128.27,176.07
RX_3510,-0.055000,51.555700,-126.59,174.39
RX_3514,-0.054900,51.555600,-128.20,176.00
RX_3514,-0.054900,51.555600,-128.02,175.82
RX_3514,-0.054900,51.555600,-126.56,174.36
RX_3514,-0.054900,51.555600,-126.31,174.11
RX_3518,-0.054900,51.555500,-127.32,175.12
RX_3518,-0.054900,51.555500,-128.13,175.93
RX_3518,-0.054900,51.555500,-128.12,175.92
RX_3523,-0.054800,51.555400,-128.65,176.45
RX_3523,-0.054800,51.555400,-128.81,176.61
RX_3523,-0.054800,51.555400,-129.11,176.91
RX_3523,-0.054800,51.555400,-128.93,176.73
RX_3525,-0.054800,51.555300,-128.16,175.96
RX_3525,-0.054800,51.555300,-128.55,176.35
RX_3527,-0.054700,51.555300,-127.81,175.61
RX_3530,-0.054700,51.555200,-128.11,175.91
RX_3530,-0.054700,51.555200,-128.49,176.29
RX_3530,-0.054700,51.555200,-128.22,176.02
RX_3530,-0.054700,51.555200,-127.84,175.64
RX_3533,-0.054700,51.555100,-127.80,175.60
RX_3533,-0.054700,51.555100,-126.19,173.99
RX_3534,-0.054600,51.555100,-126.82,174.62
RX_3535,-0.054600,51.555000,-127.14,174.94
RX_3535,-0.054600,51.555000,-127.24,175.04
RX_3535,-0.054600,51.555000,-127.41,175.21
RX_3538,-0.054600,51.554900,-127.57,175.37
RX_3541,-0.054500,51.554900,-127.05,174.85
RX_3541,-0.054500,51.554900,-128.32,176.12
RX_3541,-0.054500,51.554900,-128.05,175.85
RX_3542,-0.054500,51.554800,-127.54,175.34
RX_3542,-0.054500,51.554800,-127.94,175.74
RX_3544,-0.054400,51.554800,-127.37,175.17
RX_3545,-0.054400,51.554700,-125.64,173.44
RX_3545,-0.054400,51.554700,-126.65,174.45
RX_3545,-0.054400,51.554700,-127.00,174.80
RX_3548,-0.054300,51.554700,-127.18,174.98
RX_3549,-0.054300,51.554600,-127.93,175.73
RX_3549,-0.054300,51.554600,-128.10,175.90
RX_3549,-0.054300,51.554600,-127.83,175.63
RX_3552,-0.054300,51.554500,-128.27,176.07
RX_3553,-0.054200,51.554500,-126.32,174.12
RX_3553,-0.054200,51.554500,-126.95,174.75
RX_3553,-0.054200,51.554500,-126.43,174.23
RX_3556,-0.054200,51.554400,-125.31,173.11
RX_3556,-0.054200,51.554400,-125.79,173.59
RX_3558,-0.054100,51.554400,-127.03,174.83
RX_3558,-0.054100,51.554400,-127.09,174.89
RX_3558,-0.054100,51.554400,-126.60,174.40
RX_3561,-0.054100,51.554300,-126.60,174.40
RX_3561,-0.054100,51.554300,-126.14,173.94
RX_3563,-0.054000,51.554300,-125.05,172.85
RX_3563,-0.054000,51.554300,-126.55,174.35
RX_3566,-0.054000,51.554200,-126.76,174.56
RX_3566,-0.054000,51.554200,-128.29,176.09
RX_3568,-0.053900,51.554200,-128.07,175.87
RX_3568,-0.053900,51.554200,-126.23,174.03
RX_3569,-0.053900,51.554100,-125.91,173.71
RX_3569,-0.053900,51.554100,-124.23,172.03
RX_3569,-0.053900,51.554100,-123.92,171.72
RX_3572,-0.053800,51.554100,-124.00,171.80
RX_3574,-0.053800,51.554000,-125.87,173.67
RX_3574,-0.053800,51.554000,-126.56,174.36
RX_3574,-0.053800,51.554000,-127.50,175.30
RX_3574,-0.053800,51.554000,-128.11,175.91
RX_3580,-0.053700,51.553900,-126.40,174.20
RX_3580,-0.053700,51.553900,-125.23,173.03
RX_3580,-0.053700,51.553900,-126.24,174.04
RX_3580,-0.053700,51.553900,-126.45,174.25
RX_3581,-0.053700,51.553800,-126.46,174.26
RX_3583,-0.053600,51.553800,-127.09,174.89
RX_3583,-0.053600,51.553800,-127.30,175.10
RX_3583,-0.053600,51.553800,-126.86,174.66
RX_3587,-0.053600,51.553700,-126.14,173.94
RX_3587,-0.053600,51.553700,-125.30,173.10
RX_3587,-0.053600,51.553700,-126.27,174.07
RX_3588,-0.053500,51.553700,-127.56,175.36
RX_3590,-0.053500,51.553600,-127.99,175.79
RX_3590,-0.053500,51.553600,-128.50,176.30
RX_3590,-0.053500,51.553600,-128.85,176.65
RX_3592,-0.053400,51.553600,-127.51,175.31
RX_3594,-0.053400,51.553500,-127.90,175.70
RX_3594,-0.053400,51.553500,-129.08,176.88
RX_3594,-0.053400,51.553500,-128.86,176.66
RX_3594,-0.053400,51.553500,-128.30,176.10
RX_3599,-0.053300,51.553400,-128.05,175.85
RX_3599,-0.053300,51.553400,-125.67,173.47
RX_3599,-0.053300,51.553400,-122.46,170.26
RX_3601,-0.053300,51.553300,-122.74,170.54
RX_3601,-0.053300,51.553300,-122.57,170.37
RX_3602,-0.053200,51.553300,-122.44,170.24
RX_3602,-0.053200,51.553300,-123.87,171.67
RX_3605,-0.053200,51.553200,-125.30,173.10
RX_3605,-0.053200,51.553200,-126.79,174.59
RX_3605,-0.053200,51.553200,-125.94,173.74
RX_3607,-0.053200,51.553100,-124.96,172.76
RX_3609,-0.053100,51.553100,-125.01,172.81
RX_3609,-0.053100,51.553100,-126.93,174.73
RX_3609,-0.053100,51.553100,-127.52,175.32
RX_3611,-0.053100,51.553000,-128.19,175.99
RX_3611,-0.053100,51.553000,-127.59,175.39
RX_3613,-0.053000,51.553000,-127.67,175.47
RX_3617,-0.053000,51.552900,-125.97,173.77
RX_3617,-0.053000,51.552900,-126.89,174.69
RX_3617,-0.053000,51.552900,-125.89,173.69
RX_3617,-0.053000,51.552900,-126.27,174.07
RX_3620,-0.052900,51.552800,-127.64,175.44
RX_3620,-0.052900,51.552800,-127.92,175.72
RX_3620,-0.052900,51.552800,-127.43,175.23
RX_3621,-0.052900,51.552700,-128.13,175.93
RX_3621,-0.052900,51.552700,-128.18,175.98
RX_3623,-0.052800,51.552700,-128.62,176.42
RX_3623,-0.052800,51.552700,-128.14,175.94
RX_3625,-0.052800,51.552600,-127.69,175.49
RX_3625,-0.052800,51.552600,-126.45,174.25
RX_3628,-0.052700,51.552500,-127.90,175.70
RX_3628,-0.052700,51.552500,-126.70,174.50
RX_3628,-0.052700,51.552500,-126.56,174.36
RX_3628,-0.052700,51.552500,-126.05,173.85
RX_3628,-0.052700,51.552500,-125.28,173.08
RX_3632,-0.052700,51.552400,-124.29,172.09
RX_3633,-0.052600,51.552400,-124.91,172.71
RX_3633,-0.052600,51.552400,-124.14,171.94
RX_3633,-0.052600,51.552400,-123.42,171.22
RX_3633,-0.052600,51.552400,-123.64,171.44
RX_3639,-0.052500,51.552300,-122.89,170.69
RX_3639,-0.052500,51.552300,-124.57,172.37
RX_3639,-0.052500,51.552300,-123.88,171.68
RX_3639,-0.052500,51.552300,-123.30,171.10
RX_3641,-0.052500,51.552200,-122.82,170.62
RX_3644,-0.052400,51.552200,-121.58,169.38
RX_3644,-0.052400,51.552200,-120.91,168.71
RX_3644,-0.052400,51.552200,-120.98,168.78
RX_3645,-0.052400,51.552100,-121.44,169.24
RX_3647,-0.052300,51.552100,-120.87,168.67
RX_3647,-0.052300,51.552100,-120.84,168.64
RX_3647,-0.052300,51.552100,-122.70,170.50
RX_3649,-0.052300,51.552000,-123.23,171.03
RX_3650,-0.052200,51.552000,-122.21,170.01
RX_3650,-0.052200,51.552000,-123.45,171.25
RX_3650,-0.052200,51.552000,-122.49,170.29
RX_3653,-0.052200,51.551900,-123.18,170.98
RX_3654,-0.052100,51.551900,-123.17,170.97
RX_3654,-0.052100,51.551900,-125.56,173.36
RX_3654,-0.052100,51.551900,-126.26,174.06
RX_3659,-0.052000,51.551800,-126.37,174.17
RX_3659,-0.052000,51.551800,-125.85,173.65
RX_3659,-0.052000,51.551800,-127.17,174.97
RX_3660,-0.051900,51.551700,-126.87,174.67
RX_3660,-0.051900,51.551700,-128.77,176.57
RX_3660,-0.051900,51.551700,-126.84,174.64
RX_3660,-0.051900,51.551700,-127.05,174.85
RX_3664,-0.051800,51.551700,-127.99,175.79
RX_3664,-0.051800,51.551700,-127.27,175.07
RX_3666,-0.051800,51.551600,-128.38,176.18
RX_3666,-0.051800,51.551600,-127.90,175.70
RX_3669,-0.051700,51.551600,-128.86,176.66
RX_3669,-0.051700,51.551600,-128.46,176.26
RX_3670,-0.051800,51.551500,-128.07,175.87
RX_3670,-0.051800,51.551500,-128.87,176.67
RX_3670,-0.051800,51.551500,-127.74,175.54
RX_3673,-0.051800,51.551400,-129.99,177.79
RX_3676,-0.051700,51.551400,-128.89,176.69
RX_3676,-0.051700,51.551400,-127.50,175.30
RX_3676,-0.051700,51.551400,-128.75,176.55
RX_3679,-0.051700,51.551300,-128.48,176.28
RX_3679,-0.051700,51.551300,-128.24,176.04
RX_3679,-0.051700,51.551300,-128.38,176.18
RX_3680,-0.051600,51.551200,-127.82,175.62
RX_3680,-0.051600,51.551200,-128.09,175.89
RX_3682,-0.051600,51.551100,-128.11,175.91
RX_3682,-0.051600,51.551100,-128.15,175.95
RX_3682,-0.051600,51.551100,-127.26,175.06
RX_3685,-0.051500,51.551100,-126.97,174.77
RX_3686,-0.051500,51.551000,-127.31,175.11
RX_3686,-0.051500,51.551000,-126.46,174.26
RX_3686,-0.051500,51.551000,-126.56,174.36
RX_3686,-0.051500,51.551000,-125.90,173.70
RX_3686,-0.051500,51.551000,-126.28,174.08
RX_3692,-0.051500,51.550900,-127.06,174.86
RX_3692,-0.051500,51.550900,-126.75,174.55
RX_3694,-0.051600,51.550900,-126.27,174.07
RX_3694,-0.051600,51.550900,-126.55,174.35
RX_3694,-0.051600,51.550900,-126.91,174.71
RX_3697,-0.051700,51.550900,-126.79,174.59
RX_3697,-0.051700,51.550900,-126.98,174.78
RX_3698,-0.051800,51.550900,-125.65,173.45
RX_3699,-0.051800,51.550800,-126.82,174.62
RX_3701,-0.051900,51.550800,-126.94,174.74
RX_3701,-0.051900,51.550800,-128.09,175.89
RX_3703,-0.052000,51.550800,-127.50,175.30
RX_3703,-0.052000,51.550800,-125.99,173.79
RX_3705,-0.052100,51.550800,-125.27,173.07
RX_3705,-0.052100,51.550800,-126.63,174.43
RX_3706,-0.052200,51.550800,-127.21,175.01
RX_3706,-0.052200,51.550800,-126.97,174.77
RX_3709,-0.052300,51.550800,-127.01,174.81
RX_3709,-0.052300,51.550800,-126.72,174.52
RX_3710,-0.052400,51.550800,-126.00,173.80
RX_3710,-0.052400,51.550800,-128.44,176.24
RX_3710,-0.052400,51.550800,-126.00,173.80
RX_3713,-0.052500,51.550700,-128.37,176.17
RX_3713,-0.052500,51.550700,-127.33,175.13
RX_3717,-0.052600,51.550700,-126.98,174.78
RX_3717,-0.052600,51.550700,-123.46,171.26
RX_3717,-0.052600,51.550700,-125.15,172.95
RX_3718,-0.052700,51.550700,-125.27,173.07
RX_3718,-0.052700,51.550700,-124.47,172.27
RX_3721,-0.052800,51.550700,-124.45,172.25
RX_3721,-0.052800,51.550700,-124.43,172.23
RX_3722,-0.052900,51.550700,-125.66,173.46
RX_3722,-0.052900,51.550700,-126.32,174.12
RX_3724,-0.053000,51.550700,-124.39,172.19
RX_3725,-0.053100,51.550700,-125.02,172.82
RX_3726,-0.053100,51.550600,-125.58,173.38
RX_3728,-0.053200,51.550600,-125.52,173.32
RX_3728,-0.053200,51.550600,-125.57,173.37
RX_3728,-0.053200,51.550600,-124.41,172.21
RX_3730,-0.053300,51.550600,-124.01,171.81
RX_3730,-0.053300,51.550600,-123.90,171.70
RX_3733,-0.053400,51.550600,-124.48,172.28
RX_3733,-0.053400,51.550600,-123.95,171.75
RX_3734,-0.053400,51.550500,-123.61,171.41
RX_3737,-0.053500,51.550500,-123.53,171.33
RX_3737,-0.053500,51.550500,-122.70,170.50
RX_3737,-0.053500,51.550500,-122.35,170.15
RX_3740,-0.053600,51.550400,-121.41,169.21
RX_3740,-0.053600,51.550400,-121.88,169.68
RX_3740,-0.053600,51.550400,-121.50,169.30
RX_3740,-0.053600,51.550400,-120.95,168.75
RX_3740,-0.053600,51.550400,-121.25,169.05
RX_3743,-0.053700,51.550400,-120.76,168.56
RX_3747,-0.053700,51.550300,-121.60,169.40
RX_3747,-0.053700,51.550300,-123.00,170.80
RX_3747,-0.053700,51.550300,-120.74,168.54
RX_3747,-0.053700,51.550300,-123.02,170.82
RX_3748,-0.053800,51.550300,-122.43,170.23
RX_3749,-0.053800,51.550200,-122.89,170.69
RX_3749,-0.053800,51.550200,-122.00,169.80
RX_3749,-0.053800,51.550200,-122.33,170.13
RX_3752,-0.053900,51.550200,-121.49,169.29
RX_3752,-0.053900,51.550200,-122.58,170.38
RX_3754,-0.053900,51.550100,-122.54,170.34
RX_3755,-0.054000,51.550100,-122.62,170.42
RX_3755,-0.054000,51.550100,-123.15,170.95
RX_3755,-0.054000,51.550100,-123.50,171.30
RX_3758,-0.054000,51.550000,-123.64,171.44
RX_3761,-0.054100,51.550000,-122.69,170.49
RX_3761,-0.054100,51.550000,-122.04,169.84
RX_3761,-0.054100,51.550000,-123.26,171.06
RX_3762,-0.054200,51.550000,-124.04,171.84
RX_3764,-0.054200,51.549900,-125.06,172.86
RX_3764,-0.054200,51.549900,-126.92,174.72
RX_3765,-0.054300,51.549900,-124.74,172.54
RX_3765,-0.054300,51.549900,-125.87,173.67
RX_3768,-0.054300,51.549800,-125.53,173.33
RX_3768,-0.054300,51.549800,-126.36,174.16
RX_3770,-0.054400,51.549800,-125.85,173.65
RX_3770,-0.054400,51.549800,-125.50,173.30
RX_3771,-0.054400,51.549700,-127.16,174.96
RX_3773,-0.054500,51.549700,-126.25,174.05
RX_3773,-0.054500,51.549700,-125.37,173.17
RX_3773,-0.054500,51.549700,-125.96,173.76
RX_3775,-0.054600,51.549700,-128.37,176.17
RX_3776,-0.054600,51.549600,-126.28,174.08
RX_3779,-0.054700,51.549600,-126.17,173.97
RX_3779,-0.054700,51.549600,-127.64,175.44
RX_3779,-0.054700,51.549600,-128.24,176.04
RX_3781,-0.054800,51.549600,-127.36,175.16
RX_3781,-0.054800,51.549600,-128.63,176.43
RX_3782,-0.054900,51.549500,-127.42,175.22
RX_3782,-0.054900,51.549500,-127.08,174.88
RX_3784,-0.055000,51.549500,-126.77,174.57
RX_3784,-0.055000,51.549500,-126.95,174.75
RX_3786,-0.055100,51.549500,-126.98,174.78
RX_3786,-0.055100,51.549500,-126.63,174.43
RX_3786,-0.055100,51.549500,-126.16,173.96
RX_3789,-0.055200,51.549500,-127.01,174.81
RX_3789,-0.055200,51.549500,-125.77,173.57
RX_3792,-0.055300,51.549500,-125.89,173.69
RX_3792,-0.055300,51.549500,-126.17,173.97
RX_3795,-0.055400,51.549500,-127.07,174.87
RX_3795,-0.055400,51.549500,-127.55,175.35
RX_3795,-0.055400,51.549500,-126.03,173.83
RX_3797,-0.055500,51.549500,-126.25,174.05
RX_3797,-0.055500,51.549500,-125.40,173.20
RX_3798,-0.055600,51.549500,-126.20,174.00
RX_3798,-0.055600,51.549500,-126.62,174.42
RX_3801,-0.055700,51.549500,-127.16,174.96
RX_3801,-0.055700,51.549500,-127.79,175.59
RX_3804,-0.055800,51.549500,-126.73,174.53
RX_3804,-0.055800,51.549500,-125.56,173.36
RX_3804,-0.055800,51.549500,-126.36,174.16
RX_3805,-0.055900,51.549500,-126.69,174.49
RX_3805,-0.055900,51.549500,-124.70,172.50
RX_3808,-0.056000,51.549500,-127.34,175.14
RX_3808,-0.056000,51.549500,-126.42,174.22
RX_3811,-0.056100,51.549500,-126.81,174.61
RX_3811,-0.056100,51.549500,-127.24,175.04
RX_3811,-0.056100,51.549500,-125.94,173.74
RX_3813,-0.056200,51.549500,-126.67,174.47
RX_3813,-0.056200,51.549500,-125.05,172.85
RX_3815,-0.056300,51.549500,-126.02,173.82
RX_3815,-0.056300,51.549500,-126.11,173.91
RX_3817,-0.056400,51.549500,-126.45,174.25
RX_3817,-0.056400,51.549500,-125.64,173.44
RX_3818,-0.056500,51.549500,-124.40,172.20
RX_3818,-0.056500,51.549500,-124.45,172.25
RX_3822,-0.056600,51.549500,-123.69,171.49
RX_3822,-0.056600,51.549500,-125.27,173.07
RX_3822,-0.056600,51.549500,-122.13,169.93
RX_3823,-0.056700,51.549500,-119.99,167.79
RX_3826,-0.056800,51.549500,-120.54,168.34
RX_3826,-0.056800,51.549500,-120.66,168.46
RX_3826,-0.056800,51.549500,-120.75,168.55
RX_3828,-0.056900,51.549500,-119.31,167.11
RX_3828,-0.056900,51.549500,-120.18,167.98
RX_3829,-0.057000,51.549500,-122.43,170.23
RX_3829,-0.057000,51.549500,-122.23,170.03
RX_3831,-0.057100,51.549500,-122.51,170.31
RX_3831,-0.057100,51.549500,-121.22,169.02
RX_3834,-0.057200,51.549500,-122.27,170.07
RX_3834,-0.057200,51.549500,-119.83,167.63
RX_3834,-0.057200,51.549500,-120.06,167.86
RX_3836,-0.057300,51.549500,-120.04,167.84
RX_3836,-0.057300,51.549500,-120.70,168.50
RX_3838,-0.057400,51.549500,-121.86,169.66
RX_3838,-0.057400,51.549500,-122.19,169.99
RX_3840,-0.057500,51.549500,-121.43,169.23
RX_3840,-0.057500,51.549500,-122.68,170.48
RX_3844,-0.057600,51.549500,-121.32,169.12
RX_3844,-0.057600,51.549500,-121.78,169.58
RX_3844,-0.057600,51.549500,-122.46,170.26
RX_3845,-0.057700,51.549500,-121.41,169.21
RX_3846,-0.057800,51.549500,-122.40,170.20
RX_3846,-0.057800,51.549500,-123.29,171.09
RX_3846,-0.057800,51.549500,-122.50,170.30
RX_3849,-0.057900,51.549500,-122.83,170.63
RX_3849,-0.057900,51.549500,-122.40,170.20
RX_3852,-0.058000,51.549500,-122.15,169.95
RX_3852,-0.058000,51.549500,-120.62,168.42
RX_3853,-0.058100,51.549500,-122.95,170.75
RX_3853,-0.058100,51.549500,-121.62,169.42
RX_3856,-0.058200,51.549500,-123.33,171.13
RX_3856,-0.058200,51.549500,-123.08,170.88
RX_3857,-0.058300,51.549500,-123.42,171.22
RX_3859,-0.058400,51.549500,-122.63,170.43
RX_3859,-0.058400,51.549500,-123.21,171.01
RX_3861,-0.058500,51.549500,-123.97,171.77
RX_3861,-0.058500,51.549500,-122.89,170.69
RX_3863,-0.058600,51.549500,-123.37,171.17
RX_3863,-0.058600,51.549500,-122.49,170.29
RX_3864,-0.058700,51.549500,-122.63,170.43
RX_3864,-0.058700,51.549500,-122.40,170.20
RX_3868,-0.058800,51.549500,-121.17,168.97
RX_3868,-0.058800,51.549500,-123.52,171.32
RX_3868,-0.058800,51.549500,-123.07,170.87
RX_3869,-0.058900,51.549500,-122.59,170.39
RX_3869,-0.058900,51.549500,-122.22,170.02
RX_3871,-0.059000,51.549500,-122.78,170.58
RX_3871,-0.059000,51.549500,-122.22,170.02
RX_3873,-0.059100,51.549500,-122.25,170.05
RX_3874,-0.059200,51.549500,-123.48,171.28
RX_3874,-0.059200,51.549500,-124.21,172.01
RX_3874,-0.059200,51.549500,-124.18,171.98
RX_3874,-0.059200,51.549500,-122.37,170.17
RX_3878,-0.059300,51.549500,-124.70,172.50
RX_3878,-0.059300,51.549500,-122.32,170.12
RX_3878,-0.059300,51.549500,-122.82,170.62
RX_3882,-0.059400,51.549500,-124.48,172.28
RX_3882,-0.059400,51.549500,-123.37,171.17
RX_3885,-0.059500,51.549500,-120.77,168.57
RX_3885,-0.059500,51.549500,-119.37,167.17
RX_3885,-0.059500,51.549500,-118.89,166.69
RX_3886,-0.059600,51.549500,-121.82,169.62
RX_3886,-0.059600,51.549500,-120.85,168.65
RX_3888,-0.059700,51.549500,-122.58,170.38
RX_3888,-0.059700,51.549500,-122.20,170.00
RX_3229,-0.059800,51.549500,-121.13,168.93
RX_3229,-0.059800,51.549500,-121.45,169.25
RX_3229,-0.059800,51.549500,-121.83,169.63
RX_3894,-0.059900,51.549500,-122.48,170.28
RX_3894,-0.059900,51.549500,-122.47,170.27
RX_3895,-0.060000,51.549500,-124.77,172.57
RX_3895,-0.060000,51.549500,-124.29,172.09
RX_3897,-0.060100,51.549500,-124.99,172.79
RX_3897,-0.060100,51.549500,-125.14,172.94
RX_3899,-0.060200,51.549500,-124.70,172.50
RX_3899,-0.060200,51.549500,-119.92,167.72
RX_3901,-0.060300,51.549500,-124.81,172.61
RX_3901,-0.060300,51.549500,-124.91,172.71
RX_3901,-0.060300,51.549500,-125.64,173.44
RX_3904,-0.060400,51.549500,-125.53,173.33
RX_3904,-0.060400,51.549500,-125.33,173.13
RX_3906,-0.060500,51.549500,-124.31,172.11
RX_3906,-0.060500,51.549500,-124.94,172.74
RX_3909,-0.060600,51.549600,-125.43,173.23
RX_3909,-0.060600,51.549600,-124.19,171.99
RX_3911,-0.060700,51.549600,-123.14,170.94
RX_3911,-0.060700,51.549600,-124.14,171.94
RX_3911,-0.060700,51.549600,-123.99,171.79
RX_3913,-0.060800,51.549600,-124.63,172.43
RX_3913,-0.060800,51.549600,-125.85,173.65
RX_3915,-0.060900,51.549600,-125.66,173.46
RX_3915,-0.060900,51.549600,-125.89,173.69
RX_3917,-0.061000,51.549600,-126.91,174.71
RX_3917,-0.061000,51.549600,-126.68,174.48
RX_3921,-0.061100,51.549600,-126.59,174.39
RX_3921,-0.061100,51.549600,-126.53,174.33
RX_3921,-0.061100,51.549600,-126.51,174.31
RX_3923,-0.061200,51.549600,-127.39,175.19
RX_3923,-0.061200,51.549600,-127.21,175.01
RX_3924,-0.061300,51.549600,-127.00,174.80
RX_3924,-0.061300,51.549600,-125.18,172.98
RX_3928,-0.061400,51.549700,-128.36,176.16
RX_3928,-0.061400,51.549700,-128.24,176.04
RX_3928,-0.061400,51.549700,-127.23,175.03
RX_3930,-0.061500,51.549700,-128.41,176.21
RX_3930,-0.061500,51.549700,-127.27,175.07
RX_3932,-0.061600,51.549700,-126.37,174.17
RX_3932,-0.061600,51.549700,-128.20,176.00
RX_3935,-0.061700,51.549700,-128.30,176.10
RX_3935,-0.061700,51.549700,-127.56,175.36
RX_3935,-0.061700,51.549700,-127.98,175.78
RX_3937,-0.061800,51.549700,-128.30,176.10
RX_3937,-0.061800,51.549700,-128.39,176.19
RX_3938,-0.061900,51.549800,-127.55,175.35
RX_3938,-0.061900,51.549800,-126.84,174.64
RX_3942,-0.062000,51.549800,-128.02,175.82
RX_3942,-0.062000,51.549800,-126.82,174.62
RX_3942,-0.062000,51.549800,-127.37,175.17
RX_3943,-0.062100,51.549800,-127.29,175.09
RX_3943,-0.062100,51.549800,-128.06,175.86
RX_3945,-0.062200,51.549800,-127.20,175.00
RX_3945,-0.062200,51.549800,-126.73,174.53
RX_3947,-0.062300,51.549800,-127.78,175.58
RX_3949,-0.062300,51.549900,-126.04,173.84
RX_3949,-0.062300,51.549900,-124.64,172.44
RX_3951,-0.062400,51.549900,-125.74,173.54
RX_3951,-0.062400,51.549900,-125.84,173.64
RX_3952,-0.062500,51.549900,-124.66,172.46
RX_3952,-0.062500,51.549900,-123.19,170.99
RX_3954,-0.062600,51.549900,-124.72,172.52
RX_3954,-0.062600,51.549900,-124.71,172.51
RX_3957,-0.062700,51.550000,-125.21,173.01
RX_3957,-0.062700,51.550000,-125.31,173.11
RX_3957,-0.062700,51.550000,-123.07,170.87
RX_3959,-0.062800,51.550000,-124.43,172.23
RX_3959,-0.062800,51.550000,-123.14,170.94
RX_3961,-0.062900,51.550000,-123.05,170.85
RX_3961,-0.062900,51.550000,-123.69,171.49
RX_3963,-0.063000,51.550000,-121.68,169.48
RX_3965,-0.063000,51.550100,-121.90,169.70
RX_3965,-0.063000,51.550100,-123.50,171.30
RX_3966,-0.063100,51.550100,-120.30,168.10
RX_3969,-0.063200,51.550100,-119.93,167.73
RX_3969,-0.063200,51.550100,-119.23,167.03
RX_3969,-0.063200,51.550100,-118.88,166.68
RX_3970,-0.063300,51.550100,-118.34,166.14
RX_3971,-0.063300,51.550200,-117.62,165.42
RX_3972,-0.063400,51.550200,-117.36,165.16
RX_3972,-0.063400,51.550200,-119.13,166.93
RX_3974,-0.063500,51.550200,-119.91,167.71
RX_3974,-0.063500,51.550200,-117.98,165.78
RX_3974,-0.063500,51.550200,-117.51,165.31
RX_3978,-0.063600,51.550200,-117.03,164.83
RX_3978,-0.063600,51.550200,-117.80,165.60
RX_3979,-0.063600,51.550300,-118.63,166.43
RX_3982,-0.063700,51.550300,-118.89,166.69
RX_3982,-0.063700,51.550300,-118.73,166.53
RX_3982,-0.063700,51.550300,-118.45,166.25
RX_3983,-0.063800,51.550300,-119.83,167.63
RX_3984,-0.063800,51.550400,-120.03,167.83
RX_3984,-0.063800,51.550400,-119.76,167.56
RX_3986,-0.063900,51.550400,-119.51,167.31
RX_3986,-0.063900,51.550400,-120.58,168.38
RX_3989,-0.064000,51.550400,-121.51,169.31
RX_3989,-0.064000,51.550400,-124.51,172.31
RX_3990,-0.064000,51.550500,-125.17,172.97
RX_3993,-0.064100,51.550500,-123.71,171.51
RX_3993,-0.064100,51.550500,-123.47,171.27
RX_3993,-0.064100,51.550500,-122.33,170.13
RX_3994,-0.064200,51.550500,-124.08,171.88
RX_3994,-0.064200,51.550500,-123.65,171.45
RX_3996,-0.064200,51.550600,-120.49,168.29
RX_3998,-0.064300,51.550600,-123.03,170.83
RX_3998,-0.064300,51.550600,-123.04,170.84
RX_3998,-0.064300,51.550600,-122.67,170.47
RX_4000,-0.064400,51.550600,-124.48,172.28
