meas_lon,meas_lat,meas_pl_db,matched_rx_name,match_distance_m
-0.1349,51.5303,86.71000000000001,RX_1,4.618206471210652e-05
-0.1349,51.5303,87.35,RX_1,4.618206471210652e-05
-0.135,51.5303,86.88,RX_3,0.00018333795174502147
-0.135,51.5303,87.2,RX_3,0.00018333795174502147
-0.1351,51.5303,87.76,RX_5,2.1656217158867125e-05
-0.1351,51.5303,98.43,RX_5,2.1656217158867125e-05
-0.1352,51.5303,101.36,RX_7,0.0001398153218970508
-0.1352,51.5303,102.1,RX_7,0.0001398153218970508
-0.1352,51.5302,101.86,RX_11,0.00014995760795905527
-0.1352,51.5302,102.85,RX_11,0.00014995760795905527
-0.1352,51.5302,102.86,RX_11,0.00014995760795905527
-0.1352,51.5302,103.54,RX_11,0.00014995760795905527
-0.1352,51.5302,102.43,RX_11,0.00014995760795905527
-0.1352,51.5302,103.06,RX_11,0.00014995760795905527
-0.1353,51.5302,104.49,RX_19,1.3131180571897384e-05
-0.1353,51.5302,103.19,RX_19,1.3131180571897384e-05
-0.1353,51.5302,103.48,RX_19,1.3131180571897384e-05
-0.1353,51.5302,104.85,RX_19,1.3131180571897384e-05
-0.1353,51.5302,104.96,RX_19,1.3131180571897384e-05
-0.1353,51.5301,103.77,RX_22,6.320406782006085e-05
-0.1353,51.5301,104.14,RX_22,6.320406782006085e-05
-0.1353,51.5301,104.53,RX_22,6.320406782006085e-05
-0.1354,51.5301,102.31,RX_25,0.00017539756165658673
-0.1354,51.5301,101.8,RX_25,0.00017539756165658673
-0.1354,51.5301,101.85,RX_25,0.00017539756165658673
-0.1354,51.5301,103.71,RX_25,0.00017539756165658673
-0.1354,51.5301,102.99,RX_25,0.00017539756165658673
-0.1354,51.5301,100.84,RX_25,0.00017539756165658673
-0.1354,51.5301,101.01,RX_25,0.00017539756165658673
-0.1355,51.5301,101.76,RX_30,0.0001040440425127869
-0.1355,51.53,101.09,RX_31,7.750327596333425e-05
-0.1355,51.53,103.58,RX_31,7.750327596333425e-05
-0.1356,51.53,104.16,RX_35,9.83552930398675e-06
-0.1356,51.53,103.37,RX_35,9.83552930398675e-06
-0.1356,51.53,103.18,RX_35,9.83552930398675e-06
-0.1357,51.53,104.31,RX_36,9.698672171540544e-05
-0.1357,51.53,103.5,RX_36,9.698672171540544e-05
-0.1357,51.53,106.0,RX_36,9.698672171540544e-05
-0.1358,51.53,103.08,RX_40,0.0001838807678793482
-0.1358,51.53,101.26,RX_40,0.0001838807678793482
-0.1359,51.53,103.33,RX_41,0.00012083183652761978
-0.1359,51.53,102.69,RX_41,0.00012083183652761978
-0.136,51.5299,101.25,RX_43,0.0001308095139130972
-0.136,51.53,103.65,RX_44,3.438185487413211e-05
-0.1361,51.53,105.4,RX_46,5.1887917930381635e-05
-0.1361,51.53,106.09,RX_46,5.1887917930381635e-05
-0.1361,51.53,106.24,RX_46,5.1887917930381635e-05
-0.1361,51.53,104.51,RX_46,5.1887917930381635e-05
-0.1361,51.5299,103.46,RX_49,6.898999397084113e-05
-0.1361,51.5299,104.94,RX_49,6.898999397084113e-05
-0.1362,51.5299,102.36,RX_53,7.452281826080922e-06
-0.1362,51.5299,103.78,RX_53,7.452281826080922e-06
-0.1362,51.5299,107.17,RX_53,7.452281826080922e-06
-0.1363,51.5299,105.9,RX_54,5.4053464260222875e-05
-0.1365,51.5298,106.1,RX_56,4.3235040864233115e-05
-0.1365,51.5298,105.41,RX_56,4.3235040864233115e-05
-0.1366,51.5298,106.16,RX_57,6.923259529096601e-06
-0.1367,51.5298,109.83,RX_58,2.9230691677004815e-05
-0.1368,51.5298,108.69,RX_59,6.508859709662613e-05
-0.1368,51.5298,108.42,RX_59,6.508859709662613e-05
-0.1369,51.5298,107.02,RX_62,0.00010079007843319458
-0.1369,51.5298,108.16,RX_62,0.00010079007843319458
-0.1369,51.5298,108.78,RX_62,0.00010079007843319458
-0.137,51.5298,107.13,RX_64,0.00013621501506952735
-0.137,51.5298,107.77,RX_64,0.00013621501506952735
-0.1371,51.5298,107.86,RX_66,0.00017147334439162769
-0.1371,51.5299,107.4,RX_68,0.00014603467474699162
-0.1371,51.5299,106.24,RX_68,0.00014603467474699162
-0.1372,51.5299,106.45,RX_70,0.00018600507950210032
-0.1372,51.5299,107.63,RX_70,0.00018600507950210032
-0.1373,51.5299,106.82,RX_71,0.00012676706305659612
-0.1373,51.5299,107.68,RX_71,0.00012676706305659612
-0.1374,51.5299,108.44,RX_73,6.77518584454344e-05
-0.1374,51.5298,109.72,RX_74,0.00011548663294279865
-0.1374,51.5298,111.13,RX_74,0.00011548663294279865
-0.1374,51.5298,111.42,RX_74,0.00011548663294279865
-0.1374,51.5297,113.49,RX_77,0.00016411995060079662
-0.1375,51.5297,114.21,RX_78,0.00015415338188882118
-0.1375,51.5296,112.92,RX_81,0.00016311449385121273
-0.1375,51.5296,113.77,RX_81,0.00016311449385121273
-0.1375,51.5296,114.19,RX_81,0.00016311449385121273
-0.1375,51.5295,111.62,RX_82,8.811709751757984e-05
-0.1375,51.5295,112.97,RX_82,8.811709751757984e-05
-0.1374,51.5295,112.69,RX_84,0.0001268873302297921
-0.1374,51.5294,112.96,RX_89,7.544998887276955e-05
-0.1374,51.5294,111.43,RX_89,7.544998887276955e-05
-0.1374,51.5294,109.45,RX_89,7.544998887276955e-05
-0.1374,51.5294,109.42,RX_89,7.544998887276955e-05
-0.1374,51.5294,108.08,RX_89,7.544998887276955e-05
-0.1373,51.5294,110.51,RX_90,0.00013841005591053586
-0.1373,51.5294,109.91,RX_90,0.00013841005591053586
-0.1373,51.5294,113.03,RX_90,0.00013841005591053586
-0.1372,51.5294,111.57,RX_94,0.00019017910631553023
-0.1372,51.5294,111.05,RX_94,0.00019017910631553023
-0.1371,51.5294,109.99,RX_96,0.00012753815159823476
-0.1371,51.5294,109.49,RX_96,0.00012753815159823476
-0.137,51.5294,109.46,RX_97,6.525001598290655e-05
-0.137,51.5293,107.5,RX_99,2.028646270286891e-05
-0.137,51.5293,107.32,RX_99,2.028646270286891e-05
-0.1369,51.5293,109.51,RX_100,6.628838227661023e-05
-0.1369,51.5293,107.22,RX_100,6.628838227661023e-05
-0.1369,51.5293,107.4,RX_100,6.628838227661023e-05
-0.1368,51.5293,107.66,RX_103,0.00015261822079373904
-0.1368,51.5293,107.53,RX_103,0.00015261822079373904
-0.1368,51.5292,105.7,RX_105,0.00014597882719190176
-0.1367,51.5292,106.83,RX_106,3.534057198810878e-05
-0.1367,51.5292,105.52,RX_106,3.534057198810878e-05
-0.1367,51.5292,106.16,RX_106,3.534057198810878e-05
-0.1367,51.5292,104.82,RX_106,3.534057198810878e-05
-0.1366,51.5291,107.64,RX_113,0.00017588495125326573
-0.1366,51.5291,105.69,RX_113,0.00017588495125326573
-0.1366,51.5291,104.93,RX_113,0.00017588495125326573
-0.1366,51.5291,103.78,RX_113,0.00017588495125326573
-0.1365,51.529,105.77,RX_115,0.00012276073393589909
-0.1365,51.529,104.67,RX_115,0.00012276073393589909
-0.1365,51.529,104.95,RX_115,0.00012276073393589909
-0.1365,51.529,105.51,RX_115,0.00012276073393589909
-0.1364,51.529,104.04,RX_118,0.00010999276272609929
-0.1364,51.529,105.28,RX_118,0.00010999276272609929
-0.1364,51.5289,104.93,RX_120,7.761427447463096e-05
-0.1364,51.5289,103.56,RX_120,7.761427447463096e-05
-0.1363,51.5289,103.78,RX_124,0.00013084350639313327
-0.1363,51.5289,104.14,RX_124,0.00013084350639313327
-0.1363,51.5289,105.09,RX_124,0.00013084350639313327
-0.1363,51.5288,104.41,RX_125,8.026129224785841e-05
-0.1362,51.5288,103.41,RX_126,0.00010426863480624923
-0.1362,51.5288,102.32,RX_126,0.00010426863480624923
-0.1362,51.5287,103.76,RX_129,0.00013022093801021286
-0.1362,51.5287,103.87,RX_129,0.00013022093801021286
-0.1362,51.5287,104.52,RX_129,0.00013022093801021286
-0.1361,51.5287,101.6,RX_131,3.078479471440834e-05
-0.1361,51.5286,103.38,RX_133,0.00016383519308470798
-0.1361,51.5286,103.11,RX_133,0.00016383519308470798
-0.1361,51.5286,101.22,RX_133,0.00016383519308470798
-0.136,51.5286,100.4,RX_135,9.170175116254866e-05
-0.136,51.5285,101.81,RX_136,1.838748262938292e-05
-0.136,51.5285,100.87,RX_136,1.838748262938292e-05
-0.1359,51.5285,101.5,RX_138,0.00013037990894708743
-0.1359,51.5285,101.89,RX_138,0.00013037990894708743
-0.1359,51.5285,102.51,RX_138,0.00013037990894708743
-0.1359,51.5284,101.33,RX_141,0.00017444677096587198
-0.1358,51.5284,100.74,RX_142,8.720907842310002e-05
-0.1358,51.5284,100.17,RX_142,8.720907842310002e-05
-0.1358,51.5283,100.62,RX_144,2.428639878892502e-05
-0.1358,51.5283,100.84,RX_144,2.428639878892502e-05
-0.1357,51.5283,100.38,RX_146,4.067497857179221e-05
-0.1357,51.5282,100.06,RX_147,7.995610789192069e-05
-0.1357,51.5282,100.38,RX_147,7.995610789192069e-05
-0.1356,51.5282,100.39,RX_149,0.00011897204879677214
-0.1356,51.5282,99.88,RX_149,0.00011897204879677214
-0.1356,51.5281,100.26,RX_151,0.00013572839930572355
-0.1356,51.5281,98.86,RX_151,0.00013572839930572355
-0.1355,51.5281,98.61,RX_153,0.00015055171300332794
-0.1355,51.5281,98.78,RX_153,0.00015055171300332794
-0.1355,51.528,97.7,RX_155,0.00014347292591166704
-0.1355,51.528,98.25,RX_155,0.00014347292591166704
-0.1354,51.528,98.74,RX_159,0.00013437864705237334
-0.1354,51.528,97.71,RX_159,0.00013437864705237334
-0.1354,51.528,97.4,RX_159,0.00013437864705237334
-0.1354,51.528,99.55,RX_159,0.00013437864705237334
-0.1354,51.528,99.08,RX_159,0.00013437864705237334
-0.1353,51.5279,97.59,RX_162,7.072727370409914e-05
-0.1353,51.5279,97.79,RX_162,7.072727370409914e-05
-0.1353,51.5279,99.01,RX_162,7.072727370409914e-05
-0.1353,51.5279,98.51,RX_162,7.072727370409914e-05
-0.1352,51.5278,99.93,RX_167,4.1919788200147135e-05
-0.1352,51.5278,102.07,RX_167,4.1919788200147135e-05
-0.1351,51.5278,100.57,RX_168,9.785752457918588e-05
-0.1351,51.5277,100.56,RX_170,0.00019208353816641037
-0.1351,51.5277,101.4,RX_170,0.00019208353816641037
-0.135,51.5277,100.2,RX_171,0.00011150251004596993
-0.135,51.5276,102.22,RX_174,1.5426997284182107e-05
-0.135,51.5276,100.89,RX_174,1.5426997284182107e-05
-0.135,51.5276,100.35,RX_174,1.5426997284182107e-05
-0.1349,51.5276,99.26,RX_175,0.00012013724904315359
-0.1349,51.5275,97.94,RX_177,0.00012259826923757873
-0.1349,51.5275,98.39,RX_177,0.00012259826923757873
-0.1348,51.5275,97.8,RX_178,1.5551802992754843e-05
-0.1348,51.5274,97.67,RX_180,0.00017899289317366233
-0.1348,51.5274,97.03,RX_180,0.00017899289317366233
-0.1347,51.5274,100.06,RX_181,5.886947737513623e-05
-0.1347,51.5274,98.43,RX_181,5.886947737513623e-05
-0.1347,51.5273,96.23,RX_183,0.00013717210454427067
-0.1346,51.5273,96.69,RX_186,7.775118062142174e-05
-0.1346,51.5273,103.08,RX_186,7.775118062142174e-05
-0.1346,51.5273,103.81,RX_186,7.775118062142174e-05
-0.1346,51.5273,104.35,RX_186,7.775118062142174e-05
-0.1345,51.5272,104.77,RX_188,4.646256509136084e-05
-0.1345,51.5272,104.6,RX_188,4.646256509136084e-05
-0.1345,51.5272,104.73,RX_188,4.646256509136084e-05
-0.1345,51.5271,105.25,RX_191,0.00019551591659435565
-0.1344,51.5271,106.63,RX_194,3.098671303497784e-05
-0.1344,51.5271,106.04,RX_194,3.098671303497784e-05
-0.1344,51.5271,107.5,RX_194,3.098671303497784e-05
-0.1343,51.527,106.62,RX_197,0.00015639532840000696
-0.1343,51.527,105.94,RX_197,0.00015639532840000696
-0.1343,51.527,108.19,RX_197,0.00015639532840000696
-0.1343,51.527,107.11,RX_197,0.00015639532840000696
-0.1343,51.5269,107.94,RX_199,5.493953002342386e-05
-0.1342,51.5269,108.8,RX_201,6.341030970525296e-05
-0.1342,51.5269,109.06,RX_201,6.341030970525296e-05
-0.1342,51.5269,109.08,RX_201,6.341030970525296e-05
-0.1342,51.5269,109.3,RX_201,6.341030970525296e-05
-0.1341,51.5268,112.12,RX_207,0.00015718335530726403
-0.1341,51.5268,113.04,RX_207,0.00015718335530726403
-0.1341,51.5268,113.49,RX_207,0.00015718335530726403
-0.1341,51.5268,114.44,RX_207,0.00015718335530726403
-0.1341,51.5268,111.55,RX_207,0.00015718335530726403
-0.134,51.5267,114.92,RX_212,3.367135352183106e-05
-0.134,51.5267,112.86,RX_212,3.367135352183106e-05
-0.134,51.5267,112.32,RX_212,3.367135352183106e-05
-0.134,51.5267,112.68,RX_212,3.367135352183106e-05
-0.1339,51.5266,114.16,RX_214,4.401746484808605e-05
-0.1339,51.5266,110.21,RX_214,4.401746484808605e-05
-0.1338,51.5266,111.8,RX_217,8.649377806332017e-05
-0.1338,51.5266,112.97,RX_217,8.649377806332017e-05
-0.1338,51.5266,109.73,RX_217,8.649377806332017e-05
-0.1338,51.5265,113.81,RX_218,7.103791871753513e-05
-0.1337,51.5265,114.64,RX_221,9.066026235951145e-05
-0.1337,51.5265,113.49,RX_221,9.066026235951145e-05
-0.1337,51.5265,113.65,RX_221,9.066026235951145e-05
-0.1336,51.5264,115.13,RX_222,4.8422247382143936e-05
-0.1335,51.5264,116.39,RX_223,4.353115716255866e-05
-0.1335,51.5264,116.73,RX_223,4.353115716255866e-05
-0.1334,51.5264,116.09,RX_225,3.951961377291856e-05
-0.1334,51.5264,116.09,RX_225,3.951961377291856e-05
-0.1334,51.5264,116.8,RX_225,3.951961377291856e-05
-0.1333,51.5265,118.31,RX_229,0.00017321229213234946
-0.1333,51.5265,117.72,RX_229,0.00017321229213234946
-0.1333,51.5265,117.84,RX_229,0.00017321229213234946
-0.1332,51.5265,119.16,RX_232,0.00019373016439334855
-0.1332,51.5265,119.65,RX_232,0.00019373016439334855
-0.1331,51.5265,118.91,RX_235,0.00017615750022424286
-0.1331,51.5265,120.29,RX_235,0.00017615750022424286
-0.1331,51.5265,114.38,RX_235,0.00017615750022424286
-0.133,51.5266,116.55,RX_237,5.81869237492289e-05
-0.133,51.5266,115.58,RX_237,5.81869237492289e-05
-0.1329,51.5266,117.84,RX_238,0.00010251180480537136
-0.1329,51.5266,117.49,RX_238,0.00010251180480537136
-0.1328,51.5266,118.68,RX_241,0.00014977256820068982
-0.1328,51.5266,118.64,RX_241,0.00014977256820068982
-0.1328,51.5267,119.68,RX_242,1.887044331919925e-05
-0.1327,51.5267,119.19,RX_243,8.906486805989445e-05
-0.1326,51.5267,120.48,RX_244,0.00016035281848736819
-0.1326,51.5267,118.98,RX_244,0.00016035281848736819
-0.1325,51.5267,118.56,RX_246,0.0001596803569703194
-0.1325,51.5267,118.23,RX_246,0.0001596803569703194
-0.1325,51.5268,118.79,RX_248,0.00017617668380522883
-0.1324,51.5268,119.07,RX_250,0.00012157505807019706
-0.1324,51.5268,117.11,RX_250,0.00012157505807019706
-0.1324,51.5268,116.64,RX_250,0.00012157505807019706
-0.1324,51.5268,116.08,RX_250,0.00012157505807019706
-0.1323,51.5268,111.75,RX_253,2.5222640798827358e-05
-0.1323,51.5268,113.83,RX_253,2.5222640798827358e-05
-0.1322,51.5268,113.93,RX_255,7.271594516527462e-05
-0.1322,51.5269,113.95,RX_256,9.095091549237145e-05
-0.1321,51.5269,116.09,RX_258,0.0001798060679904408
-0.1321,51.5269,115.96,RX_258,0.0001798060679904408
-0.132,51.5269,118.85,RX_259,5.8828290735328546e-05
-0.132,51.5269,117.77,RX_259,5.8828290735328546e-05
-0.132,51.5269,116.62,RX_259,5.8828290735328546e-05
-0.1319,51.527,118.03,RX_262,0.00015553379404695792
-0.1319,51.527,116.45,RX_262,0.00015553379404695792
-0.1318,51.527,114.88,RX_265,9.187036961688336e-05
-0.1318,51.527,115.18,RX_265,9.187036961688336e-05
-0.1317,51.527,116.73,RX_266,5.86425523193393e-05
-0.1317,51.527,117.57,RX_266,5.86425523193393e-05
-0.1317,51.5271,118.65,RX_268,0.00019363436608964532
-0.1316,51.5271,117.67,RX_269,2.622019570177678e-05
-0.1316,51.5271,118.27,RX_269,2.622019570177678e-05
-0.1316,51.5271,118.7,RX_269,2.622019570177678e-05
-0.1315,51.5271,118.41,RX_274,0.00014859602476121464
-0.1315,51.5271,119.99,RX_274,0.00014859602476121464
-0.1315,51.5271,119.63,RX_274,0.00014859602476121464
-0.1314,51.5271,119.37,RX_275,7.136882370613103e-05
-0.1314,51.5272,118.49,RX_276,0.00014567245290256133
-0.1313,51.5272,115.12,RX_278,5.0699270687669264e-05
-0.1313,51.5272,117.17,RX_278,5.0699270687669264e-05
-0.1313,51.5272,117.39,RX_278,5.0699270687669264e-05
-0.1312,51.5272,114.16,RX_281,0.0001457389061071732
-0.1312,51.5272,115.88,RX_281,0.0001457389061071732
-0.1311,51.5272,116.21,RX_282,5.096849296791797e-05
-0.1311,51.5273,117.96,RX_283,0.00015048822773126372
-0.131,51.5273,120.05,RX_285,7.049603498443437e-05
-0.131,51.5273,120.67,RX_285,7.049603498443437e-05
-0.131,51.5273,121.32,RX_285,7.049603498443437e-05
-0.1309,51.5273,116.75,RX_287,9.976023875107515e-05
-0.1309,51.5273,113.66,RX_287,9.976023875107515e-05
-0.1309,51.5273,108.93,RX_287,9.976023875107515e-05
-0.1308,51.5274,102.63,RX_290,9.507002939272644e-05
-0.1308,51.5274,110.62,RX_290,9.507002939272644e-05
-0.1308,51.5274,112.38,RX_290,9.507002939272644e-05
-0.1307,51.5274,114.2,RX_293,5.035665805889057e-05
-0.1307,51.5274,116.86,RX_293,5.035665805889057e-05
-0.1306,51.5274,116.39,RX_296,0.0001952088074735162
-0.1306,51.5274,116.56,RX_296,0.0001952088074735162
-0.1306,51.5274,121.02,RX_296,0.0001952088074735162
-0.1305,51.5275,122.08,RX_298,9.90922045750558e-05
-0.1305,51.5275,123.48,RX_298,9.90922045750558e-05
-0.1305,51.5275,124.48,RX_298,9.90922045750558e-05
-0.1304,51.5275,125.14,RX_301,2.217080264651154e-05
-0.1304,51.5275,124.9,RX_301,2.217080264651154e-05
-0.1303,51.5275,126.15,RX_303,0.0001418812523727222
-0.1303,51.5275,126.34,RX_303,0.0001418812523727222
-0.1302,51.5276,125.83,RX_305,0.00014072428920306458
-0.1302,51.5276,126.27,RX_305,0.00014072428920306458
-0.1301,51.5276,124.9,RX_307,0.0001562719472694008
-0.1301,51.5276,124.24,RX_307,0.0001562719472694008
-0.13,51.5277,126.37,RX_309,0.0001589434946505715
-0.13,51.5277,126.78,RX_309,0.0001589434946505715
-0.1299,51.5277,126.5,RX_311,0.00016219869062982452
-0.1299,51.5277,126.47000000000004,RX_311,0.00016219869062982452
-0.1299,51.5277,124.9,RX_311,0.00016219869062982452
-0.1299,51.5277,125.52,RX_311,0.00016219869062982452
-0.1298,51.5277,123.65,RX_317,9.223852505067948e-05
-0.1298,51.5277,124.15,RX_317,9.223852505067948e-05
-0.1298,51.5277,125.86,RX_317,9.223852505067948e-05
-0.1297,51.5277,123.49,RX_318,2.3483027276593428e-05
-0.1297,51.5278,122.63,RX_320,0.00012414589015726792
-0.1297,51.5278,125.69,RX_320,0.00012414589015726792
-0.1296,51.5278,124.06,RX_321,0.00016868963900162296
-0.1296,51.5278,123.76,RX_321,0.00016868963900162296
-0.1296,51.5278,124.05,RX_321,0.00016868963900162296
-0.1295,51.5278,123.17,RX_325,0.00017754110874285928
-0.1295,51.5278,122.4,RX_325,0.00017754110874285928
-0.1295,51.5279,122.05,RX_326,8.124168574346321e-05
-0.1294,51.5279,121.84,RX_327,6.098413107840738e-05
-0.1294,51.5279,120.55,RX_327,6.098413107840738e-05
-0.1293,51.5279,115.62,RX_330,4.088965662482347e-05
-0.1293,51.5279,115.38,RX_330,4.088965662482347e-05
-0.1293,51.5279,117.41,RX_330,4.088965662482347e-05
-0.1292,51.5279,121.2,RX_332,2.129604345554575e-05
-0.1292,51.528,120.67,RX_333,5.968116735978656e-06
-0.1291,51.528,122.95,RX_335,5.243636473559917e-06
-0.1291,51.528,121.34,RX_335,5.243636473559917e-06
-0.129,51.528,120.98,RX_336,1.1458681508467169e-05
-0.129,51.528,121.68,RX_336,1.1458681508467169e-05
-0.129,51.528,121.13,RX_336,1.1458681508467169e-05
-0.1289,51.528,122.22,RX_339,1.379657953687347e-05
-0.1289,51.5281,121.9,RX_340,6.603826124843188e-05
-0.1289,51.5281,121.51,RX_340,6.603826124843188e-05
-0.1288,51.5281,120.53,RX_342,9.579473100082064e-05
-0.1288,51.5281,121.11,RX_342,9.579473100082064e-05
-0.1287,51.5281,124.35,RX_344,7.051357738588035e-05
-0.1287,51.5281,122.93,RX_344,7.051357738588035e-05
-0.1287,51.5282,122.81,RX_346,3.158045164805079e-05
-0.1286,51.5282,122.49,RX_349,8.618699626054667e-05
-0.1286,51.5282,123.37,RX_349,8.618699626054667e-05
-0.1286,51.5282,124.08,RX_349,8.618699626054667e-05
-0.1285,51.5282,121.85,RX_351,5.46896696271775e-05
-0.1285,51.5282,125.66,RX_351,5.46896696271775e-05
-0.1284,51.5282,123.6,RX_352,6.385851961360315e-06
-0.1284,51.5283,124.05,RX_353,1.997358451457187e-05
-0.1283,51.5283,124.65,RX_354,6.056342708030223e-05
-0.1283,51.5283,123.89,RX_354,6.056342708030223e-05
-0.1282,51.5283,124.85,RX_356,5.533676293583468e-05
-0.1282,51.5283,125.08,RX_356,5.533676293583468e-05
-0.1282,51.5283,125.53,RX_356,5.533676293583468e-05
-0.1281,51.5284,125.47,RX_360,7.932315669682392e-05
-0.1281,51.5284,125.54,RX_360,7.932315669682392e-05
-0.128,51.5284,124.21,RX_362,1.158313263416422e-05
-0.128,51.5284,125.93,RX_362,1.158313263416422e-05
-0.1279,51.5284,126.55,RX_363,9.390806967588298e-05
-0.1279,51.5285,125.08,RX_365,4.23411163802222e-06
-0.1279,51.5285,125.54,RX_365,4.23411163802222e-06
-0.1278,51.5285,127.0,RX_367,6.461433373017078e-05
-0.1278,51.5285,127.73000000000002,RX_367,6.461433373017078e-05
-0.1277,51.5285,126.72000000000004,RX_368,6.571347119882896e-05
-0.1277,51.5285,126.54000000000002,RX_368,6.571347119882896e-05
-0.1277,51.5286,126.84,RX_370,2.4338879179906326e-05
-0.1276,51.5286,126.54000000000002,RX_371,1.759689653902384e-05
-0.1276,51.5286,125.47,RX_371,1.759689653902384e-05
-0.1276,51.5286,126.33,RX_371,1.759689653902384e-05
-0.1275,51.5286,127.04000000000002,RX_374,5.8387393246687873e-05
-0.1275,51.5286,125.64,RX_374,5.8387393246687873e-05
-0.1274,51.5286,127.37,RX_377,9.686648323859176e-05
-0.1274,51.5286,125.99,RX_377,9.686648323859176e-05
-0.1274,51.5286,125.77,RX_377,9.686648323859176e-05
-0.1273,51.5287,124.25,RX_379,8.249978151076009e-05
-0.1273,51.5287,123.73,RX_379,8.249978151076009e-05
-0.1272,51.5287,123.92,RX_381,9.763455510289133e-05
-0.1272,51.5287,123.76,RX_381,9.763455510289133e-05
-0.1272,51.5287,123.32,RX_381,9.763455510289133e-05
-0.1271,51.5287,125.14,RX_384,8.142416811895098e-05
-0.1271,51.5288,124.52,RX_385,7.986810022156613e-06
-0.1271,51.5288,122.52,RX_385,7.986810022156613e-06
-0.127,51.5288,123.66,RX_388,4.054476095574103e-06
-0.127,51.5288,122.74,RX_388,4.054476095574103e-06
-0.1269,51.5288,123.19,RX_391,1.0535262413877752e-05
-0.1269,51.5288,123.92,RX_391,1.0535262413877752e-05
-0.1269,51.5288,124.24,RX_391,1.0535262413877752e-05
-0.1268,51.5289,124.85,RX_392,5.593615995461714e-06
-0.1268,51.5289,121.48,RX_392,5.593615995461714e-06
-0.1267,51.5289,123.4,RX_396,3.92628749637874e-05
-0.1267,51.5289,122.77,RX_396,3.92628749637874e-05
-0.1267,51.5289,123.99,RX_396,3.92628749637874e-05
-0.1266,51.5289,121.55,RX_397,7.331098309236763e-05
-0.1266,51.529,121.38,RX_398,8.742611651281906e-05
-0.1265,51.529,122.85,RX_399,2.8738965807560996e-05
-0.1265,51.529,121.37,RX_399,2.8738965807560996e-05
-0.1264,51.529,122.99,RX_401,3.0487323095142144e-05
-0.1264,51.529,123.45,RX_401,3.0487323095142144e-05
-0.1264,51.529,121.78,RX_401,3.0487323095142144e-05
-0.1263,51.529,119.81,RX_405,8.977122156948427e-05
-0.1263,51.529,120.08,RX_405,8.977122156948427e-05
-0.1262,51.5291,123.65,RX_407,8.712764854337929e-05
-0.1262,51.5291,121.95,RX_407,8.712764854337929e-05
-0.1262,51.5291,124.96,RX_407,8.712764854337929e-05
-0.1261,51.5291,125.72,RX_411,2.4627839096384426e-05
-0.1261,51.5291,128.06,RX_411,2.4627839096384426e-05
-0.1261,51.5291,127.34,RX_411,2.4627839096384426e-05
-0.126,51.5292,127.98000000000002,RX_412,4.736107278294033e-05
-0.126,51.5292,126.60000000000002,RX_412,4.736107278294033e-05
-0.126,51.5292,125.98,RX_412,4.736107278294033e-05
-0.1259,51.5292,126.23000000000002,RX_415,3.946508652217174e-05
-0.1259,51.5292,126.93,RX_415,3.946508652217174e-05
-0.1258,51.5293,128.24,RX_419,8.846564076310439e-05
-0.1258,51.5293,127.51,RX_419,8.846564076310439e-05
-0.1258,51.5293,129.38,RX_419,8.846564076310439e-05
-0.1257,51.5293,125.26,RX_420,4.530065412116568e-05
-0.1257,51.5293,125.25,RX_420,4.530065412116568e-05
-0.1256,51.5294,128.44,RX_422,7.089428125122849e-05
-0.1256,51.5294,127.56,RX_422,7.089428125122849e-05
-0.1256,51.5294,127.5,RX_422,7.089428125122849e-05
-0.1255,51.5294,126.4,RX_425,3.3946140789878335e-05
-0.1255,51.5294,123.96,RX_425,3.3946140789878335e-05
-0.1254,51.5294,124.99,RX_428,3.428889222243527e-06
-0.1254,51.5294,125.96,RX_428,3.428889222243527e-06
-0.1254,51.5295,124.11,RX_429,6.16517172231428e-05
-0.1253,51.5295,125.57,RX_430,7.393779263079727e-05
-0.1253,51.5295,126.02,RX_430,7.393779263079727e-05
-0.1252,51.5295,126.7,RX_432,8.591117746990536e-05
-0.1252,51.5295,125.72,RX_432,8.591117746990536e-05
-0.1251,51.5295,126.8,RX_434,9.775175247824236e-05
-0.125,51.5296,128.5,RX_435,6.929318051972557e-05
-0.125,51.5296,129.33,RX_435,6.929318051972557e-05
-0.1249,51.5296,130.52,RX_440,5.627254797788284e-05
-0.1249,51.5296,128.05,RX_440,5.627254797788284e-05
-0.1249,51.5296,130.74,RX_440,5.627254797788284e-05
-0.1249,51.5296,130.5,RX_440,5.627254797788284e-05
-0.1248,51.5296,129.7,RX_442,4.2953485035656916e-05
-0.1248,51.5296,132.64,RX_442,4.2953485035656916e-05
-0.1248,51.5296,128.65,RX_442,4.2953485035656916e-05
-0.1247,51.5296,129.83,RX_444,2.9480470326400763e-05
-0.1247,51.5297,130.66000000000005,RX_445,8.472977031287888e-05
-0.1247,51.5297,131.43,RX_445,8.472977031287888e-05
-0.1246,51.5297,130.33,RX_447,7.287972878044848e-05
-0.1246,51.5297,129.94,RX_447,7.287972878044848e-05
-0.1246,51.5297,132.36,RX_447,7.287972878044848e-05
-0.1245,51.5297,130.99,RX_450,3.45522479008057e-05
-0.1245,51.5297,131.5,RX_450,3.45522479008057e-05
-0.1244,51.5297,131.51,RX_452,3.996843385271581e-06
-0.1244,51.5298,133.27,RX_453,3.3475026283758094e-06
-0.1244,51.5298,134.08,RX_453,3.3475026283758094e-06
-0.1243,51.5298,133.67000000000002,RX_455,5.9841874288763916e-05
-0.1243,51.5298,133.88,RX_455,5.9841874288763916e-05
-0.1243,51.5298,132.28,RX_455,5.9841874288763916e-05
-0.1242,51.5298,133.29000000000002,RX_459,7.246046438750364e-05
-0.1242,51.5298,132.87,RX_459,7.246046438750364e-05
-0.1242,51.5299,132.22000000000003,RX_460,2.9996628802995565e-05
-0.1241,51.5299,130.51,RX_463,5.802798517865164e-05
-0.1241,51.5299,131.03,RX_463,5.802798517865164e-05
-0.1241,51.5299,134.38,RX_463,5.802798517865164e-05
-0.124,51.5299,132.32,RX_464,4.943486776014569e-05
-0.124,51.53,133.56,RX_466,4.2815580606927746e-05
-0.124,51.53,133.73000000000002,RX_466,4.2815580606927746e-05
-0.1239,51.53,132.91000000000005,RX_468,3.999543841567422e-05
-0.1239,51.53,132.57,RX_468,3.999543841567422e-05
-0.1239,51.53,129.74,RX_468,3.999543841567422e-05
-0.1238,51.53,132.17000000000002,RX_470,7.306143166295649e-05
-0.1238,51.5301,130.12,RX_471,1.9408829087554447e-05
-0.1238,51.5301,129.44,RX_471,1.9408829087554447e-05
-0.1237,51.5301,127.12,RX_475,3.85504421257567e-05
-0.1237,51.5301,131.09,RX_475,3.85504421257567e-05
-0.1237,51.5301,128.3,RX_475,3.85504421257567e-05
-0.1236,51.5302,130.19,RX_476,9.550932737324387e-05
-0.1236,51.5302,131.42000000000002,RX_476,9.550932737324387e-05
-0.1235,51.5302,132.82,RX_478,6.243137522015432e-05
-0.1235,51.5302,133.53,RX_478,6.243137522015432e-05
-0.1235,51.5302,132.17000000000002,RX_478,6.243137522015432e-05
-0.1234,51.5303,132.19,RX_483,7.54444059340781e-05
-0.1234,51.5303,132.66000000000005,RX_483,7.54444059340781e-05
-0.1234,51.5303,132.16000000000005,RX_483,7.54444059340781e-05
-0.1233,51.5303,134.22,RX_484,6.705324849044046e-05
-0.1233,51.5303,131.25,RX_484,6.705324849044046e-05
-0.1232,51.5303,131.89,RX_486,5.897459779596073e-05
-0.1232,51.5303,134.23000000000002,RX_486,5.897459779596073e-05
-0.1232,51.5304,132.29000000000002,RX_488,4.098737120618437e-05
-0.1231,51.5304,132.99,RX_489,2.4577643410779098e-05
-0.1231,51.5304,132.65,RX_489,2.4577643410779098e-05
-0.123,51.5304,130.78,RX_492,7.83497491445902e-06
-0.123,51.5304,133.98000000000002,RX_492,7.83497491445902e-06
-0.123,51.5305,133.89,RX_493,5.78821022356829e-05
-0.1229,51.5305,133.82,RX_494,1.6489587462154386e-05
-0.1229,51.5305,135.07999999999998,RX_494,1.6489587462154386e-05
-0.1228,51.5305,135.29000000000002,RX_496,2.532218406046382e-05
-0.1228,51.5305,134.79000000000002,RX_496,2.532218406046382e-05
-0.1227,51.5305,134.29000000000002,RX_498,6.702283411957416e-05
-0.1227,51.5306,134.35000000000002,RX_499,9.095707664226441e-05
-0.1227,51.5306,133.11,RX_499,9.095707664226441e-05
-0.1226,51.5306,134.9,RX_501,3.824769634623975e-05
-0.1226,51.5306,134.74,RX_501,3.824769634623975e-05
-0.1226,51.5306,135.13,RX_501,3.824769634623975e-05
-0.1225,51.5306,132.34,RX_504,2.844184784883172e-05
-0.1225,51.5307,132.94,RX_505,9.367865827191488e-05
-0.1224,51.5307,132.91000000000005,RX_506,3.4899967804453727e-06
-0.1224,51.5307,135.45,RX_506,3.4899967804453727e-06
-0.1224,51.5307,133.38,RX_506,3.4899967804453727e-06
-0.1223,51.5307,133.31,RX_511,8.931648595287243e-05
-0.1223,51.5307,134.24,RX_511,8.931648595287243e-05
-0.1223,51.5307,134.05,RX_511,8.931648595287243e-05
-0.1222,51.5308,133.21,RX_512,6.228570185088546e-05
-0.1222,51.5308,132.22000000000003,RX_512,6.228570185088546e-05
-0.1221,51.5308,134.26999999999998,RX_514,5.4324249233165075e-05
-0.1221,51.5308,133.83,RX_514,5.4324249233165075e-05
-0.122,51.5308,135.11,RX_516,2.5308003294203952e-05
-0.122,51.5308,134.96,RX_516,2.5308003294203952e-05
-0.1219,51.5308,136.65,RX_518,9.174795029364664e-05
-0.1219,51.5308,133.38,RX_518,9.174795029364664e-05
-0.1219,51.5308,135.10000000000002,RX_518,9.174795029364664e-05
-0.1218,51.5308,137.97,RX_522,1.3310849308360302e-05
-0.1218,51.5308,138.18,RX_522,1.3310849308360302e-05
-0.1217,51.5308,140.32999999999998,RX_524,6.54519968649738e-05
-0.1217,51.5308,138.41,RX_524,6.54519968649738e-05
-0.1216,51.5308,138.37,RX_525,5.216385809184402e-05
-0.1216,51.5308,139.48000000000002,RX_525,5.216385809184402e-05
-0.1215,51.5308,138.7,RX_528,2.5920504793202006e-05
-0.1215,51.5308,140.34,RX_528,2.5920504793202006e-05
-0.1215,51.5308,139.2,RX_528,2.5920504793202006e-05
-0.1214,51.5308,136.09,RX_531,9.23441391332547e-05
-0.1214,51.5308,135.07,RX_531,9.23441391332547e-05
-0.1213,51.5308,138.32999999999998,RX_532,1.4554013935961722e-05
-0.1213,51.5309,139.51999999999998,RX_533,8.224114776491603e-06
-0.1212,51.5309,137.44,RX_534,6.111858505820946e-05
-0.1212,51.5309,139.43,RX_534,6.111858505820946e-05
-0.1211,51.5309,141.67000000000002,RX_537,8.19535725225315e-05
-0.1211,51.5309,141.95,RX_537,8.19535725225315e-05
-0.121,51.5309,140.65,RX_538,2.935982058436996e-05
-0.121,51.5309,141.09,RX_538,2.935982058436996e-05
-0.1209,51.5309,138.44,RX_541,2.3305087586575018e-05
-0.1209,51.5309,139.11,RX_541,2.3305087586575018e-05
-0.1208,51.5309,139.04000000000002,RX_542,7.504420423373792e-05
-0.1208,51.5309,139.19,RX_542,7.504420423373792e-05
-0.1207,51.5309,143.85000000000002,RX_544,6.88671854396369e-05
-0.1206,51.5309,144.37,RX_545,1.7427256302980312e-05
-0.1205,51.5309,143.85000000000002,RX_547,3.407040354023181e-05
-0.1205,51.5309,139.93,RX_547,3.407040354023181e-05
-0.1205,51.5309,143.79000000000002,RX_547,3.407040354023181e-05
-0.1204,51.5309,141.61,RX_549,8.52001428205558e-05
-0.1204,51.5309,140.17000000000002,RX_549,8.52001428205558e-05
-0.1203,51.5309,140.35000000000002,RX_553,5.975491159333971e-05
-0.1203,51.5309,140.74,RX_553,5.975491159333971e-05
-0.1203,51.5309,142.31,RX_553,5.975491159333971e-05
-0.1202,51.5309,142.9,RX_555,1.0193405084767783e-05
-0.1202,51.5309,140.45,RX_555,1.0193405084767783e-05
-0.1202,51.5309,143.01,RX_555,1.0193405084767783e-05
-0.1201,51.5309,141.36,RX_557,4.180010178501596e-05
-0.1201,51.5309,143.11,RX_557,4.180010178501596e-05
-0.12,51.5309,144.05,RX_560,9.250251461398587e-05
-0.12,51.5309,143.76,RX_560,9.250251461398587e-05
-0.1199,51.5309,141.42000000000002,RX_561,5.374665475718698e-05
-0.1199,51.5309,140.0,RX_561,5.374665475718698e-05
-0.1199,51.5309,140.99,RX_561,5.374665475718698e-05
-0.1198,51.5309,145.05,RX_564,3.8016954466365264e-06
-0.1198,51.5309,142.03,RX_564,3.8016954466365264e-06
-0.1197,51.5309,144.04000000000002,RX_568,4.605214924394525e-05
-0.1197,51.5309,144.32,RX_568,4.605214924394525e-05
-0.1197,51.5309,146.7,RX_568,4.605214924394525e-05
-0.1196,51.5309,144.57999999999998,RX_570,9.525489155476585e-05
-0.1196,51.5309,143.94,RX_570,9.525489155476585e-05
-0.1195,51.5309,146.06,RX_571,5.156291508777173e-05
-0.1195,51.5308,147.94,RX_572,2.6480886991961078e-05
-0.1195,51.5308,147.71,RX_572,2.6480886991961078e-05
-0.1194,51.5308,148.47,RX_575,4.7128871852265384e-05
-0.1194,51.5308,150.3,RX_575,4.7128871852265384e-05
-0.1193,51.5308,149.3,RX_577,7.535670785694176e-05
-0.1193,51.5308,149.57,RX_577,7.535670785694176e-05
-0.1193,51.5308,148.18,RX_577,7.535670785694176e-05
-0.1192,51.5308,150.43,RX_579,2.6007900540315747e-06
-0.1192,51.5308,150.67000000000002,RX_579,2.6007900540315747e-06
-0.1191,51.5308,152.11,RX_581,7.018534379168095e-05
-0.1191,51.5308,151.82,RX_581,7.018534379168095e-05
-0.119,51.5307,152.51999999999998,RX_584,9.309112261664934e-05
-0.119,51.5307,153.11,RX_584,9.309112261664934e-05
-0.1189,51.5307,152.49,RX_586,6.086718739858556e-06
-0.1189,51.5307,150.2,RX_586,6.086718739858556e-06
-0.1189,51.5307,151.88,RX_586,6.086718739858556e-06
-0.1188,51.5307,154.49,RX_588,9.051817063297707e-05
-0.1188,51.5307,150.69,RX_588,9.051817063297707e-05
-0.1187,51.5307,152.03,RX_590,9.07830115304296e-06
-0.1187,51.5307,150.8,RX_590,9.07830115304296e-06
-0.1186,51.5307,150.34,RX_593,8.706390642495819e-05
-0.1186,51.5307,150.15,RX_593,8.706390642495819e-05
-0.1185,51.5306,150.38,RX_595,5.879987039684226e-05
-0.1185,51.5306,147.85000000000002,RX_595,5.879987039684226e-05
-0.1185,51.5306,152.39,RX_595,5.879987039684226e-05
-0.1184,51.5306,152.24,RX_597,1.7113576963449805e-05
-0.1184,51.5306,151.43,RX_597,1.7113576963449805e-05
-0.1183,51.5306,151.47,RX_599,9.30875629799563e-05
-0.1183,51.5306,153.26999999999998,RX_599,9.30875629799563e-05
-0.1182,51.5306,152.88,RX_601,2.6529753049283053e-05
-0.1182,51.5306,152.99,RX_601,2.6529753049283053e-05
-0.1181,51.5306,152.54000000000002,RX_603,5.017190996900694e-05
-0.1181,51.5305,152.14,RX_604,7.767702985272315e-05
-0.1181,51.5305,154.19,RX_604,7.767702985272315e-05
-0.118,51.5305,150.86,RX_606,6.612246415137618e-05
-0.118,51.5305,153.07999999999998,RX_606,6.612246415137618e-05
-0.1179,51.5305,150.41,RX_608,1.3835723924853811e-05
-0.1179,51.5305,149.29000000000002,RX_608,1.3835723924853811e-05
-0.1178,51.5305,148.57,RX_610,3.947428745944499e-05
-0.1178,51.5305,150.44,RX_610,3.947428745944499e-05
-0.1178,51.5305,150.79000000000002,RX_610,3.947428745944499e-05
-0.1177,51.5305,152.01999999999998,RX_613,9.206137072397199e-05
-0.1177,51.5304,150.89,RX_614,2.297992452338428e-05
-0.1176,51.5304,149.23000000000002,RX_616,5.173262287604214e-05
-0.1176,51.5304,147.97,RX_616,5.173262287604214e-05
-0.1175,51.5304,151.51999999999998,RX_618,8.066855211545952e-05
-0.1175,51.5304,150.14,RX_618,8.066855211545952e-05
-0.1175,51.5304,150.46,RX_618,8.066855211545952e-05
-0.1174,51.5304,150.34,RX_620,8.597019838097059e-05
-0.1174,51.5304,150.97,RX_620,8.597019838097059e-05
-0.1173,51.5304,151.60000000000002,RX_622,5.6846966429203494e-05
-0.1173,51.5303,150.99,RX_623,2.6570775886425432e-05
-0.1173,51.5303,150.12,RX_623,2.6570775886425432e-05
-0.1172,51.5303,148.88,RX_626,2.1575697722506733e-05
-0.1172,51.5303,149.89,RX_626,2.1575697722506733e-05
-0.1171,51.5303,146.49,RX_627,1.657790361756765e-05
-0.1171,51.5303,146.01,RX_627,1.657790361756765e-05
-0.117,51.5303,146.59,RX_630,1.058422589888627e-05
-0.117,51.5303,146.2,RX_630,1.058422589888627e-05
-0.117,51.5302,148.74,RX_631,5.2674697060827277e-05
-0.1169,51.5302,146.56,RX_632,7.122849208563109e-05
-0.1169,51.5302,148.55,RX_632,7.122849208563109e-05
-0.1168,51.5302,148.76999999999998,RX_634,8.949426684716446e-05
-0.1168,51.5302,151.0,RX_634,8.949426684716446e-05
-0.1167,51.5302,151.45,RX_637,8.812177795606643e-05
-0.1167,51.5302,151.49,RX_637,8.812177795606643e-05
-0.1166,51.5301,149.62,RX_638,6.874972939352936e-05
-0.1166,51.5301,151.24,RX_638,6.874972939352936e-05
-0.1166,51.5301,150.67000000000002,RX_638,6.874972939352936e-05
-0.1165,51.5301,151.60000000000002,RX_642,8.488353020566188e-05
-0.1165,51.5301,151.10000000000002,RX_642,8.488353020566188e-05
-0.1164,51.5301,153.06,RX_643,4.311676700240849e-05
-0.1164,51.5301,150.26,RX_643,4.311676700240849e-05
-0.1163,51.53,149.29000000000002,RX_647,1.398871723630315e-05
-0.1163,51.53,146.31,RX_647,1.398871723630315e-05
-0.1163,51.53,148.07,RX_647,1.398871723630315e-05
-0.1162,51.53,147.86,RX_648,7.991137482303696e-05
-0.1162,51.53,149.11,RX_648,7.991137482303696e-05
-0.1161,51.5299,148.37,RX_652,1.2936792692163496e-05
-0.1161,51.5299,149.97,RX_652,1.2936792692163496e-05
-0.1161,51.5299,149.64,RX_652,1.2936792692163496e-05
-0.116,51.5299,148.68,RX_655,9.29729053605992e-05
-0.116,51.5299,151.38,RX_655,9.29729053605992e-05
-0.116,51.5299,152.76999999999998,RX_655,9.29729053605992e-05
-0.1159,51.5298,150.98000000000002,RX_658,8.80402549196143e-05
-0.1159,51.5298,150.32999999999998,RX_658,8.80402549196143e-05
-0.1159,51.5298,148.56,RX_658,8.80402549196143e-05
-0.1159,51.5298,149.64,RX_658,8.80402549196143e-05
-0.1159,51.5297,148.45,RX_660,2.198229227904688e-05
-0.1158,51.5297,149.93,RX_663,3.5562627829272975e-05
-0.1158,51.5297,149.32999999999998,RX_663,3.5562627829272975e-05
-0.1158,51.5297,148.35000000000002,RX_663,3.5562627829272975e-05
-0.1158,51.5296,148.97,RX_666,9.779856450274757e-05
-0.1158,51.5296,149.43,RX_666,9.779856450274757e-05
-0.1158,51.5296,146.93,RX_666,9.779856450274757e-05
-0.1158,51.5296,149.13,RX_666,9.779856450274757e-05
-0.1157,51.5295,148.55,RX_671,2.5755789223249074e-05
-0.1157,51.5295,148.74,RX_671,2.5755789223249074e-05
-0.1157,51.5295,148.07999999999998,RX_671,2.5755789223249074e-05
-0.1157,51.5295,148.36,RX_671,2.5755789223249074e-05
-0.1157,51.5294,149.23000000000002,RX_672,1.4044857639623704e-05
-0.1157,51.5294,149.23000000000002,RX_672,1.4044857639623704e-05
-0.1157,51.5294,151.51,RX_672,1.4044857639623704e-05
-0.1157,51.5293,151.68,RX_678,5.491694048162791e-05
-0.1157,51.5293,151.78,RX_678,5.491694048162791e-05
-0.1157,51.5293,150.51999999999998,RX_678,5.491694048162791e-05
-0.1157,51.5293,153.18,RX_678,5.491694048162791e-05
-0.1157,51.5292,152.93,RX_679,9.665749411010454e-05
-0.1157,51.5292,152.39,RX_679,9.665749411010454e-05
-0.1157,51.5292,152.35000000000002,RX_679,9.665749411010454e-05
-0.1157,51.5291,152.04000000000002,RX_683,5.633444929288111e-05
-0.1157,51.5291,152.17000000000002,RX_683,5.633444929288111e-05
-0.1157,51.529,153.76999999999998,RX_684,1.262515540880972e-05
-0.1157,51.529,151.89,RX_684,1.262515540880972e-05
-0.1157,51.529,149.92000000000002,RX_684,1.262515540880972e-05
-0.1157,51.529,151.99,RX_684,1.262515540880972e-05
-0.1157,51.5289,151.89,RX_690,3.207723409074764e-05
-0.1157,51.5289,151.32,RX_690,3.207723409074764e-05
-0.1157,51.5289,151.89,RX_690,3.207723409074764e-05
-0.1157,51.5289,150.60000000000002,RX_690,3.207723409074764e-05
-0.1157,51.5288,151.04000000000002,RX_692,7.775047217504375e-05
-0.1157,51.5288,152.63,RX_692,7.775047217504375e-05
-0.1157,51.5288,151.10000000000002,RX_692,7.775047217504375e-05
-0.1157,51.5288,151.19,RX_692,7.775047217504375e-05
-0.1157,51.5287,152.81,RX_696,7.133313862556044e-05
-0.1157,51.5287,153.66,RX_696,7.133313862556044e-05
-0.1157,51.5287,155.28,RX_696,7.133313862556044e-05
-0.1156,51.5287,155.62,RX_699,6.174570221032164e-05
-0.1156,51.5286,155.07999999999998,RX_702,3.866656357433035e-05
-0.1156,51.5286,154.37,RX_702,3.866656357433035e-05
-0.1156,51.5286,154.31,RX_702,3.866656357433035e-05
-0.1156,51.5285,152.7,RX_704,1.421058043115374e-05
-0.1156,51.5285,151.79000000000002,RX_704,1.421058043115374e-05
-0.1156,51.5285,152.78,RX_704,1.421058043115374e-05
-0.1156,51.5284,149.5,RX_706,1.2808993444949109e-05
-0.1156,51.5284,148.59,RX_706,1.2808993444949109e-05
-0.1156,51.5284,149.46,RX_706,1.2808993444949109e-05
-0.1156,51.5284,154.11,RX_706,1.2808993444949109e-05
-0.1156,51.5283,154.66,RX_713,3.822188102806649e-05
-0.1156,51.5283,154.97,RX_713,3.822188102806649e-05
-0.1156,51.5283,157.10000000000002,RX_713,3.822188102806649e-05
-0.1156,51.5283,155.96,RX_713,3.822188102806649e-05
-0.1156,51.5282,153.66,RX_716,6.492830545395075e-05
-0.1156,51.5282,153.60000000000002,RX_716,6.492830545395075e-05
-0.1156,51.5282,154.41,RX_716,6.492830545395075e-05
-0.1156,51.5281,154.01,RX_719,9.289250535102664e-05
-0.1156,51.5281,152.41,RX_719,9.289250535102664e-05
-0.1156,51.5281,152.8,RX_719,9.289250535102664e-05
-0.1155,51.528,152.31,RX_720,3.914115782019339e-05
-0.1155,51.528,150.84,RX_720,3.914115782019339e-05
-0.1155,51.528,151.73000000000002,RX_720,3.914115782019339e-05
-0.1155,51.5279,149.9,RX_726,3.330036697555685e-05
-0.1155,51.5279,151.51,RX_726,3.330036697555685e-05
-0.1155,51.5279,150.43,RX_726,3.330036697555685e-05
-0.1155,51.5279,151.39,RX_726,3.330036697555685e-05
-0.1155,51.5279,153.21,RX_726,3.330036697555685e-05
-0.1155,51.5278,151.69,RX_728,2.6634906326244634e-05
-0.1154,51.5278,151.85000000000002,RX_730,4.1360208529183894e-05
-0.1154,51.5278,149.48000000000002,RX_730,4.1360208529183894e-05
-0.1154,51.5278,153.05,RX_730,4.1360208529183894e-05
-0.1154,51.5277,153.66,RX_732,5.716094664931922e-05
-0.1154,51.5277,153.47,RX_732,5.716094664931922e-05
-0.1153,51.5277,151.56,RX_735,9.510253095710677e-05
-0.1153,51.5277,152.11,RX_735,9.510253095710677e-05
-0.1153,51.5277,155.47,RX_735,9.510253095710677e-05
-0.1153,51.5276,147.89,RX_738,6.045517470039983e-05
-0.1153,51.5276,145.91,RX_738,6.045517470039983e-05
-0.1152,51.5276,148.03,RX_739,5.735893468089898e-06
-0.1152,51.5275,147.18,RX_740,6.528505238407369e-05
-0.1152,51.5275,146.4,RX_740,6.528505238407369e-05
-0.1151,51.5275,147.71,RX_744,4.396013661190971e-05
-0.1151,51.5275,146.37,RX_744,4.396013661190971e-05
-0.1151,51.5275,149.21,RX_744,4.396013661190971e-05
-0.115,51.5274,152.2,RX_745,4.242111540163896e-05
-0.115,51.5274,150.38,RX_745,4.242111540163896e-05
-0.115,51.5274,153.04000000000002,RX_745,4.242111540163896e-05
-0.1149,51.5274,153.51999999999998,RX_748,6.825665009944252e-05
-0.1149,51.5273,155.82,RX_750,9.149614536576039e-06
-0.1149,51.5273,154.54000000000002,RX_750,9.149614536576039e-06
-0.1148,51.5273,151.57,RX_751,5.4503093233953635e-05
-0.1148,51.5273,155.46,RX_751,5.4503093233953635e-05
-0.1148,51.5273,151.76999999999998,RX_751,5.4503093233953635e-05
-0.1147,51.5272,150.92000000000002,RX_756,6.88060420200463e-05
-0.1147,51.5272,152.07999999999998,RX_756,6.88060420200463e-05
-0.1147,51.5272,151.34,RX_756,6.88060420200463e-05
-0.1146,51.5272,152.76999999999998,RX_757,3.1909997756885856e-05
-0.1146,51.5271,152.99,RX_759,4.1915609911306526e-05
-0.1146,51.5271,150.19,RX_759,4.1915609911306526e-05
-0.1145,51.5271,148.91,RX_762,2.763813973201841e-05
-0.1145,51.5271,148.51,RX_762,2.763813973201841e-05
-0.1145,51.5271,150.13,RX_762,2.763813973201841e-05
-0.1144,51.527,148.75,RX_764,2.834009360867717e-05
-0.1144,51.527,147.21,RX_764,2.834009360867717e-05
-0.1143,51.527,150.41,RX_765,1.870859323717326e-05
-0.1143,51.5269,150.13,RX_766,3.217393384912748e-05
-0.1142,51.5269,148.76,RX_767,6.092614911860245e-06
-0.1142,51.5269,149.05,RX_767,6.092614911860245e-06
-0.1142,51.5269,148.18,RX_767,6.092614911860245e-06
-0.1141,51.5269,147.89,RX_771,4.013421446661638e-05
-0.1141,51.5269,147.87,RX_771,4.013421446661638e-05
-0.1141,51.5269,147.44,RX_771,4.013421446661638e-05
-0.1141,51.5269,148.82,RX_771,4.013421446661638e-05
-0.114,51.5269,148.71,RX_776,2.4853682857520224e-05
-0.114,51.5269,150.94,RX_776,2.4853682857520224e-05
-0.114,51.5269,149.96,RX_776,2.4853682857520224e-05
-0.1139,51.5269,149.87,RX_777,1.3205717538679113e-05
-0.1139,51.5268,149.94,RX_778,6.940161565982523e-06
-0.1139,51.5268,149.51999999999998,RX_778,6.940161565982523e-06
-0.1139,51.5268,148.0,RX_778,6.940161565982523e-06
-0.1138,51.5268,150.53,RX_781,4.7015191793546244e-05
-0.1138,51.5268,150.01,RX_781,4.7015191793546244e-05
-0.1138,51.5268,147.55,RX_781,4.7015191793546244e-05
-0.1137,51.5268,147.31,RX_785,1.3222036922677682e-05
-0.1137,51.5268,147.42000000000002,RX_785,1.3222036922677682e-05
-0.1136,51.5267,149.19,RX_787,2.7368230378232946e-05
-0.1136,51.5267,147.82999999999998,RX_787,2.7368230378232946e-05
-0.1135,51.5267,146.82999999999998,RX_788,1.5057217635876514e-05
-0.1135,51.5267,147.19,RX_788,1.5057217635876514e-05
-0.1134,51.5267,141.95,RX_790,1.0164879722435293e-05
-0.1134,51.5267,143.19,RX_790,1.0164879722435293e-05
-0.1133,51.5266,145.18,RX_792,1.0737841089507347e-05
-0.1133,51.5266,143.98000000000002,RX_792,1.0737841089507347e-05
-0.1132,51.5266,145.19,RX_794,2.3085755988622658e-05
-0.1132,51.5266,143.48000000000002,RX_794,2.3085755988622658e-05
-0.1132,51.5267,147.76,RX_796,3.769642084006386e-05
-0.1131,51.5267,147.12,RX_800,4.6920127130938024e-05
-0.1131,51.5267,149.25,RX_800,4.6920127130938024e-05
-0.1131,51.5267,149.31,RX_800,4.6920127130938024e-05
-0.1131,51.5267,150.05,RX_800,4.6920127130938024e-05
-0.1131,51.5268,151.4,RX_803,3.40203105279724e-05
-0.1131,51.5268,150.85000000000002,RX_803,3.40203105279724e-05
-0.1131,51.5268,150.23000000000002,RX_803,3.40203105279724e-05
-0.113,51.5268,148.73000000000002,RX_804,2.382092948683491e-05
-0.113,51.5268,149.34,RX_804,2.382092948683491e-05
-0.113,51.5268,152.10000000000002,RX_804,2.382092948683491e-05
-0.113,51.5269,150.25,RX_809,1.882593389032212e-05
-0.113,51.5269,149.07999999999998,RX_809,1.882593389032212e-05
-0.113,51.5269,145.96,RX_809,1.882593389032212e-05
-0.113,51.5269,149.22,RX_809,1.882593389032212e-05
-0.113,51.527,149.88,RX_811,1.6262902576955667e-05
-0.113,51.527,148.44,RX_811,1.6262902576955667e-05
-0.1129,51.527,152.43,RX_814,1.7795396961648843e-05
-0.1129,51.527,148.45,RX_814,1.7795396961648843e-05
-0.1129,51.5271,145.47,RX_815,1.544821883628162e-05
-0.1129,51.5271,147.89,RX_815,1.544821883628162e-05
-0.1129,51.5271,146.64,RX_815,1.544821883628162e-05
-0.1129,51.5272,147.39,RX_818,4.944282020340731e-05
-0.1128,51.5272,147.92000000000002,RX_819,9.724945117412108e-06
-0.1128,51.5272,147.26999999999998,RX_819,9.724945117412108e-06
-0.1128,51.5273,149.32999999999998,RX_822,4.660908065256038e-05
-0.1128,51.5273,149.93,RX_822,4.660908065256038e-05
-0.1128,51.5273,151.78,RX_822,4.660908065256038e-05
-0.1127,51.5274,150.95,RX_827,8.29574122305281e-06
-0.1127,51.5274,149.76999999999998,RX_827,8.29574122305281e-06
-0.1127,51.5274,149.47,RX_827,8.29574122305281e-06
-0.1127,51.5274,149.38,RX_827,8.29574122305281e-06
-0.1127,51.5274,150.13,RX_827,8.29574122305281e-06
-0.1127,51.5275,151.31,RX_829,7.115997512190336e-06
-0.1127,51.5275,150.59,RX_829,7.115997512190336e-06
-0.1127,51.5275,152.56,RX_829,7.115997512190336e-06
-0.1126,51.5275,151.01999999999998,RX_833,1.1939038614687135e-05
-0.1126,51.5275,149.73000000000002,RX_833,1.1939038614687135e-05
-0.1126,51.5276,148.55,RX_834,2.3645822437886737e-05
-0.1126,51.5276,145.95,RX_834,2.3645822437886737e-05
-0.1125,51.5276,148.22,RX_836,3.308468625922693e-05
-0.1125,51.5276,148.74,RX_836,3.308468625922693e-05
-0.1125,51.5277,148.96,RX_838,6.102266859560518e-06
-0.1125,51.5277,148.62,RX_838,6.102266859560518e-06
-0.1124,51.5277,148.35000000000002,RX_840,2.5747123993254506e-05
-0.1124,51.5277,149.29000000000002,RX_840,2.5747123993254506e-05
-0.1124,51.5278,145.85000000000002,RX_842,3.832652775132795e-05
-0.1123,51.5278,148.32,RX_846,3.109433721334232e-05
-0.1123,51.5278,145.89,RX_846,3.109433721334232e-05
-0.1123,51.5278,147.07999999999998,RX_846,3.109433721334232e-05
-0.1123,51.5278,147.06,RX_846,3.109433721334232e-05
-0.1122,51.5279,145.98000000000002,RX_848,4.044411441355564e-05
-0.1122,51.5279,145.39,RX_848,4.044411441355564e-05
-0.1122,51.5279,146.49,RX_848,4.044411441355564e-05
-0.1122,51.5279,144.76,RX_848,4.044411441355564e-05
-0.1121,51.5279,144.31,RX_851,3.994465859182432e-05
-0.1121,51.528,142.96,RX_852,1.4690264014201976e-06
-0.1121,51.528,142.60000000000002,RX_852,1.4690264014201976e-06
-0.112,51.528,142.72,RX_854,4.4488418861429656e-05
-0.112,51.528,140.05,RX_854,4.4488418861429656e-05
-0.112,51.5281,141.8,RX_856,1.2626538989188099e-05
-0.1119,51.5281,140.11,RX_858,1.8306307929080977e-05
-0.1119,51.5281,139.94,RX_858,1.8306307929080977e-05
-0.1119,51.5281,139.82999999999998,RX_858,1.8306307929080977e-05
-0.1118,51.5282,137.59,RX_860,3.0443423412374985e-05
-0.1118,51.5282,134.82,RX_860,3.0443423412374985e-05
-0.1118,51.5282,135.51999999999998,RX_860,3.0443423412374985e-05
-0.1117,51.5282,137.37,RX_863,3.6488310592867465e-05
-0.1117,51.5282,136.75,RX_863,3.6488310592867465e-05
-0.1117,51.5283,137.67000000000002,RX_865,8.101150238960591e-06
-0.1117,51.5283,137.69,RX_865,8.101150238960591e-06
-0.1116,51.5283,138.24,RX_867,2.6671451565890775e-05
-0.1116,51.5283,137.71,RX_867,2.6671451565890775e-05
-0.1116,51.5283,137.62,RX_867,2.6671451565890775e-05
-0.1115,51.5284,138.05,RX_872,4.1593977775189184e-05
-0.1115,51.5284,138.01999999999998,RX_872,4.1593977775189184e-05
-0.1115,51.5284,140.26,RX_872,4.1593977775189184e-05
-0.1114,51.5284,138.38,RX_873,1.2965500610767394e-05
-0.1114,51.5284,138.93,RX_873,1.2965500610767394e-05
-0.1114,51.5285,138.38,RX_875,9.046318026513779e-06
-0.1113,51.5285,139.57,RX_877,2.1509072704370156e-05
-0.1113,51.5285,140.38,RX_877,2.1509072704370156e-05
-0.1113,51.5286,141.53,RX_878,2.5376888742107843e-05
-0.1112,51.5286,140.99,RX_879,2.049460366647663e-05
-0.1112,51.5286,141.36,RX_879,2.049460366647663e-05
-0.1112,51.5286,141.35000000000002,RX_879,2.049460366647663e-05
-0.1111,51.5286,141.89,RX_883,1.5577416125709252e-05
-0.1111,51.5286,141.46,RX_883,1.5577416125709252e-05
-0.1111,51.5287,140.10000000000002,RX_884,1.4112388243778484e-05
-0.111,51.5287,139.73000000000002,RX_886,3.4038903057559045e-05
-0.111,51.5287,140.19,RX_886,3.4038903057559045e-05
-0.111,51.5287,139.56,RX_886,3.4038903057559045e-05
-0.1109,51.5287,138.74,RX_888,4.408646317359418e-05
-0.1109,51.5288,141.12,RX_889,4.999882523301056e-06
-0.1108,51.5288,142.14,RX_891,4.8798223390441124e-05
-0.1108,51.5288,144.60000000000002,RX_891,4.8798223390441124e-05
-0.1107,51.5288,142.63,RX_893,5.144228949402327e-06
-0.1107,51.5288,144.67000000000002,RX_893,5.144228949402327e-06
-0.1106,51.5288,144.67000000000002,RX_894,4.127040246929491e-05
-0.1106,51.5289,144.9,RX_896,3.2053444459665354e-05
-0.1106,51.5289,145.73000000000002,RX_896,3.2053444459665354e-05
-0.1105,51.5289,144.96,RX_897,3.793372359215504e-05
-0.1105,51.5289,146.60000000000002,RX_897,3.793372359215504e-05
-0.1104,51.5289,145.06,RX_900,1.0454560278339074e-05
-0.1104,51.5289,146.51,RX_900,1.0454560278339074e-05
-0.1103,51.529,147.66,RX_901,1.6687937014179854e-05
-0.1103,51.529,145.48000000000002,RX_901,1.6687937014179854e-05
-0.1103,51.529,146.99,RX_901,1.6687937014179854e-05
-0.1103,51.529,150.49,RX_901,1.6687937014179854e-05
-0.1102,51.529,152.45,RX_906,1.9743904930584118e-05
-0.1102,51.529,152.32999999999998,RX_906,1.9743904930584118e-05
-0.1103,51.5291,154.88,RX_907,1.475647985659394e-05
-0.1103,51.5291,153.57,RX_907,1.475647985659394e-05
-0.1103,51.5291,157.67000000000002,RX_907,1.475647985659394e-05
-0.1103,51.5292,155.53,RX_911,1.1617451141260572e-05
-0.1103,51.5292,157.09,RX_911,1.1617451141260572e-05
-0.1103,51.5292,154.01,RX_911,1.1617451141260572e-05
-0.1103,51.5292,153.03,RX_911,1.1617451141260572e-05
-0.1103,51.5293,155.11,RX_914,7.540182265379431e-06
-0.1103,51.5293,153.68,RX_914,7.540182265379431e-06
-0.1103,51.5293,154.43,RX_914,7.540182265379431e-06
-0.1103,51.5294,155.37,RX_917,2.549027320522088e-06
-0.1103,51.5294,154.85000000000002,RX_917,2.549027320522088e-06
-0.1104,51.5294,154.25,RX_919,1.0874449929857286e-06
-0.1104,51.5294,154.01,RX_919,1.0874449929857286e-06
-0.1104,51.5295,154.42000000000002,RX_922,1.7423065818564343e-05
-0.1104,51.5295,153.85000000000002,RX_922,1.7423065818564343e-05
-0.1104,51.5295,153.17000000000002,RX_922,1.7423065818564343e-05
-0.1104,51.5295,152.24,RX_922,1.7423065818564343e-05
-0.1104,51.5296,151.41,RX_926,3.4846556176128215e-05
-0.1104,51.5296,151.69,RX_926,3.4846556176128215e-05
-0.1104,51.5296,150.78,RX_926,3.4846556176128215e-05
-0.1104,51.5297,152.3,RX_929,4.657743701694904e-05
-0.1104,51.5297,152.14,RX_929,4.657743701694904e-05
-0.1104,51.5297,152.78,RX_929,4.657743701694904e-05
-0.1104,51.5297,151.41,RX_929,4.657743701694904e-05
-0.1105,51.5298,152.03,RX_934,3.5080243072433454e-05
-0.1105,51.5298,151.24,RX_934,3.5080243072433454e-05
-0.1105,51.5298,149.86,RX_934,3.5080243072433454e-05
-0.1105,51.5299,150.10000000000002,RX_937,3.999678270450784e-06
-0.1105,51.5299,147.26999999999998,RX_937,3.999678270450784e-06
-0.1105,51.5299,147.15,RX_937,3.999678270450784e-06
-0.1105,51.5299,146.92000000000002,RX_937,3.999678270450784e-06
-0.1105,51.53,149.10000000000002,RX_939,4.160895703519616e-05
-0.1105,51.53,150.92000000000002,RX_939,4.160895703519616e-05
-0.1105,51.53,151.21,RX_939,4.160895703519616e-05
-0.1105,51.5301,152.82999999999998,RX_942,1.9390617012819495e-05
-0.1106,51.5301,151.94,RX_943,4.826880447221399e-05
-0.1106,51.5301,151.36,RX_943,4.826880447221399e-05
-0.1106,51.5302,153.46,RX_945,1.2616697649724499e-05
-0.1106,51.5302,154.24,RX_945,1.2616697649724499e-05
-0.1106,51.5302,153.10000000000002,RX_945,1.2616697649724499e-05
-0.1106,51.5303,154.85000000000002,RX_950,2.634207506906111e-05
-0.1106,51.5303,150.94,RX_950,2.634207506906111e-05
-0.1106,51.5303,154.86,RX_950,2.634207506906111e-05
-0.1107,51.5303,152.97,RX_952,6.7031670807410645e-06
-0.1107,51.5303,154.4,RX_952,6.7031670807410645e-06
-0.1107,51.5304,152.51,RX_954,2.171082488177285e-05
-0.1107,51.5304,154.01999999999998,RX_954,2.171082488177285e-05
-0.1107,51.5304,155.28,RX_954,2.171082488177285e-05
-0.1107,51.5305,152.39,RX_957,3.7954229121109444e-05
-0.1107,51.5305,152.10000000000002,RX_957,3.7954229121109444e-05
-0.1107,51.5305,153.65,RX_957,3.7954229121109444e-05
-0.1108,51.5305,153.19,RX_959,3.0645785610658676e-05
-0.1108,51.5306,152.65,RX_962,3.789723995303741e-05
-0.1108,51.5306,152.39,RX_962,3.789723995303741e-05
-0.1108,51.5306,152.9,RX_962,3.789723995303741e-05
-0.1108,51.5306,152.0,RX_962,3.789723995303741e-05
-0.1108,51.5307,152.32999999999998,RX_964,4.4828753303537094e-05
-0.1108,51.5307,151.88,RX_964,4.4828753303537094e-05
-0.1108,51.5307,152.76,RX_964,4.4828753303537094e-05
-0.1108,51.5307,151.11,RX_964,4.4828753303537094e-05
-0.1109,51.5308,151.85000000000002,RX_970,5.365886396063801e-06
-0.1109,51.5308,153.82999999999998,RX_970,5.365886396063801e-06
-0.1109,51.5308,150.79000000000002,RX_970,5.365886396063801e-06
-0.1109,51.5308,151.66,RX_970,5.365886396063801e-06
-0.1109,51.5309,151.12,RX_972,2.4522540628245317e-05
-0.1109,51.5309,151.5,RX_972,2.4522540628245317e-05
-0.1109,51.5309,151.57999999999998,RX_972,2.4522540628245317e-05
-0.1109,51.531,149.98000000000002,RX_975,4.5999778906838616e-05
-0.111,51.531,151.54000000000002,RX_976,4.617207286724644e-05
-0.111,51.531,149.29000000000002,RX_976,4.617207286724644e-05
-0.111,51.5311,149.78,RX_978,6.440501506162614e-06
-0.111,51.5311,150.28,RX_978,6.440501506162614e-06
-0.111,51.5311,148.86,RX_978,6.440501506162614e-06
-0.111,51.5311,148.76,RX_978,6.440501506162614e-06
-0.1111,51.5312,148.91,RX_985,6.621676740698334e-06
-0.1111,51.5312,147.26999999999998,RX_985,6.621676740698334e-06
-0.1111,51.5312,149.32,RX_985,6.621676740698334e-06
-0.1111,51.5312,146.96,RX_985,6.621676740698334e-06
-0.1111,51.5313,148.71,RX_986,2.9691359475265426e-05
-0.1111,51.5314,147.63,RX_988,4.309024619120832e-05
-0.1111,51.5314,147.55,RX_988,4.309024619120832e-05
-0.1111,51.5314,148.01,RX_988,4.309024619120832e-05
-0.1112,51.5314,145.34,RX_990,3.6789870128912055e-05
-0.1112,51.5314,146.51999999999998,RX_990,3.6789870128912055e-05
-0.1112,51.5315,144.61,RX_994,3.506791644009674e-05
-0.1112,51.5315,143.2,RX_994,3.506791644009674e-05
-0.1112,51.5315,141.55,RX_994,3.506791644009674e-05
-0.1112,51.5315,140.37,RX_994,3.506791644009674e-05
-0.1112,51.5316,139.69,RX_998,3.241760184828496e-05
-0.1112,51.5316,137.31,RX_998,3.241760184828496e-05
-0.1112,51.5316,139.31,RX_998,3.241760184828496e-05
-0.1112,51.5316,137.76999999999998,RX_998,3.241760184828496e-05
-0.1111,51.5316,138.37,RX_1000,1.0653627177561384e-05
-0.1111,51.5316,135.67000000000002,RX_1000,1.0653627177561384e-05
-0.111,51.5316,136.94,RX_1003,4.504975690200358e-05
-0.111,51.5316,138.92000000000002,RX_1003,4.504975690200358e-05
-0.111,51.5316,138.57,RX_1003,4.504975690200358e-05
-0.1109,51.5316,136.23000000000002,RX_1005,2.2423834443968667e-06
-0.1109,51.5317,138.25,RX_1006,2.4374812705969166e-05
-0.1108,51.5317,138.92000000000002,RX_1007,4.446846785682984e-05
-0.1108,51.5317,138.24,RX_1007,4.446846785682984e-05
-0.1108,51.5317,138.39,RX_1007,4.446846785682984e-05
-0.1107,51.5317,137.26999999999998,RX_1011,1.4242388111241264e-05
-0.1107,51.5317,135.67000000000002,RX_1011,1.4242388111241264e-05
-0.1106,51.5317,141.7,RX_1012,1.5976816724465182e-05
-0.1106,51.5317,142.46,RX_1012,1.5976816724465182e-05
-0.1105,51.5317,138.76,RX_1015,4.5519056700343445e-05
-0.1105,51.5317,142.25,RX_1015,4.5519056700343445e-05
-0.1104,51.5317,141.96,RX_1016,2.2904712857300346e-05
-0.1104,51.5317,144.9,RX_1016,2.2904712857300346e-05
-0.1103,51.5317,144.10000000000002,RX_1019,8.075051540938006e-06
-0.1103,51.5317,143.88,RX_1019,8.075051540938006e-06
-0.1102,51.5317,142.19,RX_1020,3.541002797205449e-05
-0.1102,51.5317,142.96,RX_1020,3.541002797205449e-05
-0.1102,51.5317,140.14,RX_1020,3.541002797205449e-05
-0.1101,51.5318,140.87,RX_1023,1.3262723607092282e-05
-0.1101,51.5318,144.8,RX_1023,1.3262723607092282e-05
-0.11,51.5318,147.14,RX_1026,1.1567764237663352e-05
-0.11,51.5318,145.19,RX_1026,1.1567764237663352e-05
-0.1099,51.5318,145.63,RX_1027,7.941886931879632e-06
-0.1099,51.5318,141.9,RX_1027,7.941886931879632e-06
-0.1098,51.5318,142.11,RX_1029,1.0909953215410174e-05
-0.1098,51.5318,143.51,RX_1029,1.0909953215410174e-05
-0.1097,51.5318,145.14,RX_1032,6.437989054888873e-06
-0.1097,51.5318,143.36,RX_1032,6.437989054888873e-06
-0.1096,51.5318,143.38,RX_1034,1.0039493394212395e-05
-0.1096,51.5318,146.36,RX_1034,1.0039493394212395e-05
-0.1096,51.5318,144.32999999999998,RX_1034,1.0039493394212395e-05
-0.1095,51.5318,147.69,RX_1036,8.872155495413165e-06
-0.1095,51.5318,146.55,RX_1036,8.872155495413165e-06
-0.1094,51.5318,146.97,RX_1039,1.239666099567604e-05
-0.1094,51.5318,147.99,RX_1039,1.239666099567604e-05
-0.1093,51.5318,145.86,RX_1041,1.9972691315783005e-05
-0.1093,51.5318,147.35000000000002,RX_1041,1.9972691315783005e-05
-0.1092,51.5318,147.62,RX_1043,1.844335460037882e-05
-0.1092,51.5318,148.01999999999998,RX_1043,1.844335460037882e-05
-0.1091,51.5318,147.48000000000002,RX_1044,2.0751212664412808e-05
-0.1091,51.5318,148.8,RX_1044,2.0751212664412808e-05
-0.1091,51.5318,148.43,RX_1044,2.0751212664412808e-05
-0.109,51.5318,148.79000000000002,RX_1047,2.4059437302419704e-05
-0.109,51.5318,149.56,RX_1047,2.4059437302419704e-05
-0.1089,51.5318,148.97,RX_1050,2.4016833769341958e-05
-0.1089,51.5318,148.4,RX_1050,2.4016833769341958e-05
-0.1088,51.5318,149.54000000000002,RX_1052,2.5104491149539464e-05
-0.1088,51.5318,151.29000000000002,RX_1052,2.5104491149539464e-05
-0.1087,51.5318,150.55,RX_1053,2.9465556098468923e-05
-0.1087,51.5318,149.03,RX_1053,2.9465556098468923e-05
-0.1086,51.5318,148.69,RX_1055,2.6751094755649445e-05
-0.1086,51.5318,151.11,RX_1055,2.6751094755649445e-05
-0.1086,51.5318,152.2,RX_1055,2.6751094755649445e-05
-0.1085,51.5318,150.41,RX_1058,2.7641404283461358e-05
-0.1085,51.5318,147.22,RX_1058,2.7641404283461358e-05
-0.1084,51.5318,147.06,RX_1061,2.8584418042401432e-05
-0.1084,51.5318,150.14,RX_1061,2.8584418042401432e-05
-0.1083,51.5318,151.41,RX_1063,3.061197454870832e-05
-0.1083,51.5318,151.21,RX_1063,3.061197454870832e-05
-0.1082,51.5318,152.10000000000002,RX_1065,3.2321978053334087e-05
-0.1082,51.5318,150.18,RX_1065,3.2321978053334087e-05
-0.1082,51.5318,150.43,RX_1065,3.2321978053334087e-05
-0.1081,51.5318,150.48000000000002,RX_1067,3.136343325429527e-05
-0.1081,51.5318,155.07,RX_1067,3.136343325429527e-05
-0.108,51.5318,153.37,RX_1069,2.873916959738608e-05
-0.108,51.5319,153.56,RX_1070,2.4987483343263223e-05
-0.1079,51.5319,149.01999999999998,RX_1071,5.774121246648593e-06
-0.1079,51.5319,147.65,RX_1071,5.774121246648593e-06
-0.1078,51.5319,148.51999999999998,RX_1074,2.555985613978352e-05
-0.1078,51.5319,147.79000000000002,RX_1074,2.555985613978352e-05
-0.1077,51.5319,152.63,RX_1076,4.83046226588691e-05
-0.1077,51.5319,151.75,RX_1076,4.83046226588691e-05
-0.1076,51.5319,152.71,RX_1077,2.201265216049091e-05
-0.1076,51.5319,152.47,RX_1077,2.201265216049091e-05
-0.1075,51.5319,150.47,RX_1080,4.798199945289105e-06
-0.1075,51.5319,149.37,RX_1080,4.798199945289105e-06
-0.1074,51.5319,150.3,RX_1081,3.0169652887083374e-05
-0.1073,51.5319,153.84,RX_1083,4.2088170236100296e-05
-0.1073,51.5319,155.61,RX_1083,4.2088170236100296e-05
-0.1072,51.5319,154.07999999999998,RX_1085,1.7095453258685503e-05
-0.1072,51.5319,156.61,RX_1085,1.7095453258685503e-05
-0.1071,51.5319,149.42000000000002,RX_1087,1.1111709468034959e-05
-0.1071,51.5319,149.95,RX_1087,1.1111709468034959e-05
-0.107,51.5319,151.01999999999998,RX_1088,4.108586373469115e-05
-0.1069,51.5319,153.38,RX_1089,3.535089308870593e-05
-0.1069,51.5319,149.7,RX_1089,3.535089308870593e-05
-0.1068,51.5319,148.72,RX_1093,1.450506047269364e-05
-0.1068,51.5319,151.78,RX_1093,1.450506047269364e-05
-0.1068,51.5319,152.03,RX_1093,1.450506047269364e-05
-0.1067,51.5319,151.15,RX_1094,2.1916664032011192e-05
-0.1067,51.5319,151.68,RX_1094,2.1916664032011192e-05
-0.1067,51.5319,151.47,RX_1094,2.1916664032011192e-05
-0.1066,51.5319,148.82999999999998,RX_1098,5.407886932842961e-06
-0.1066,51.5319,149.26,RX_1098,5.407886932842961e-06
-0.1065,51.5319,151.63,RX_1100,2.027331336117745e-05
-0.1065,51.5319,150.82999999999998,RX_1100,2.027331336117745e-05
-0.1065,51.5319,150.91,RX_1100,2.027331336117745e-05
-0.1064,51.5319,150.63,RX_1102,1.2854171978283717e-05
-0.1064,51.5319,151.07999999999998,RX_1102,1.2854171978283717e-05
-0.1063,51.5319,151.34,RX_1104,1.2824757367312099e-05
-0.1063,51.5319,149.59,RX_1104,1.2824757367312099e-05
-0.1062,51.5319,146.38,RX_1106,1.6203960892462577e-05
-0.1062,51.5319,145.7,RX_1106,1.6203960892462577e-05
-0.1061,51.5319,146.94,RX_1109,1.4411522756517503e-05
-0.1061,51.5319,148.94,RX_1109,1.4411522756517503e-05
-0.106,51.5319,147.94,RX_1111,2.425948409297343e-05
-0.106,51.5319,148.65,RX_1111,2.425948409297343e-05
-0.1059,51.5319,147.49,RX_1112,5.737503373440129e-06
-0.1059,51.5319,146.22,RX_1112,5.737503373440129e-06
-0.1058,51.5319,148.26,RX_1115,1.8064057955823675e-05
-0.1058,51.5319,146.78,RX_1115,1.8064057955823675e-05
-0.1057,51.5319,148.76999999999998,RX_1116,1.5828322495799473e-05
-0.1057,51.5319,147.57,RX_1116,1.5828322495799473e-05
-0.1057,51.5318,147.60000000000002,RX_1118,1.1572995854791692e-05
-0.1056,51.5318,150.17000000000002,RX_1119,5.885022415240706e-06
-0.1056,51.5318,151.85000000000002,RX_1119,5.885022415240706e-06
-0.1055,51.5318,152.60000000000002,RX_1121,5.705509693633367e-06
-0.1055,51.5318,153.53,RX_1121,5.705509693633367e-06
-0.1054,51.5318,152.01,RX_1124,1.0639613724450644e-05
-0.1054,51.5318,154.26999999999998,RX_1124,1.0639613724450644e-05
-0.1053,51.5318,152.59,RX_1126,1.843370717455569e-05
-0.1053,51.5318,152.24,RX_1126,1.843370717455569e-05
-0.1053,51.5317,154.57999999999998,RX_1127,1.608508675251025e-05
-0.1052,51.5317,155.67000000000002,RX_1128,1.7870509261055374e-05
-0.1051,51.5317,154.61,RX_1130,1.043044113309355e-05
-0.1051,51.5317,157.05,RX_1130,1.043044113309355e-05
-0.1051,51.5317,155.43,RX_1130,1.043044113309355e-05
-0.105,51.5317,152.5,RX_1134,1.8567018067828416e-05
-0.105,51.5317,154.26,RX_1134,1.8567018067828416e-05
-0.105,51.5317,155.9,RX_1134,1.8567018067828416e-05
-0.1049,51.5316,152.8,RX_1135,1.1351898178947694e-05
-0.1048,51.5316,151.26,RX_1137,6.701105497744402e-06
-0.1048,51.5316,153.88,RX_1137,6.701105497744402e-06
-0.1048,51.5316,155.57,RX_1137,6.701105497744402e-06
-0.1047,51.5316,155.36,RX_1139,4.154187130595898e-06
-0.1047,51.5316,152.65,RX_1139,4.154187130595898e-06
-0.1047,51.5316,152.76,RX_1139,4.154187130595898e-06
-0.1047,51.5316,153.38,RX_1139,4.154187130595898e-06
-0.1046,51.5316,155.92000000000002,RX_1143,1.204466349305017e-05
-0.1046,51.5316,151.96,RX_1143,1.204466349305017e-05
-0.1046,51.5315,150.76999999999998,RX_1145,1.487922225728411e-05
-0.1045,51.5315,152.48000000000002,RX_1146,5.289878688294007e-06
-0.1045,51.5315,151.96,RX_1146,5.289878688294007e-06
-0.1045,51.5315,152.12,RX_1146,5.289878688294007e-06
-0.1044,51.5315,150.85000000000002,RX_1149,2.0211668237430858e-05
-0.1044,51.5315,151.85000000000002,RX_1149,2.0211668237430858e-05
-0.1043,51.5315,154.81,RX_1151,1.5561751896337065e-05
-0.1043,51.5315,154.89,RX_1151,1.5561751896337065e-05
-0.1043,51.5315,154.74,RX_1151,1.5561751896337065e-05
-0.1042,51.5314,154.03,RX_1155,6.231283612252683e-06
-0.1042,51.5314,153.46,RX_1155,6.231283612252683e-06
-0.1041,51.5314,154.63,RX_1156,9.875440534356198e-06
-0.1041,51.5314,153.9,RX_1156,9.875440534356198e-06
-0.104,51.5314,154.13,RX_1158,1.9632186232721645e-05
-0.104,51.5314,153.34,RX_1158,1.9632186232721645e-05
-0.104,51.5314,153.76,RX_1158,1.9632186232721645e-05
-0.1039,51.5314,157.29000000000002,RX_1161,2.0865278944510747e-05
-0.1039,51.5314,153.4,RX_1161,2.0865278944510747e-05
-0.1038,51.5313,156.42000000000002,RX_1163,8.564192010499078e-06
-0.1038,51.5313,156.26,RX_1163,8.564192010499078e-06
-0.1038,51.5313,157.37,RX_1163,8.564192010499078e-06
-0.1037,51.5313,157.24,RX_1166,2.3185502441350297e-05
-0.1037,51.5313,154.92000000000002,RX_1166,2.3185502441350297e-05
-0.1036,51.5313,155.51,RX_1169,1.3374123324963019e-05
-0.1036,51.5313,154.64,RX_1169,1.3374123324963019e-05
-0.1035,51.5313,154.09,RX_1170,4.298877994183234e-06
-0.1035,51.5313,153.64,RX_1170,4.298877994183234e-06
-0.1035,51.5312,154.18,RX_1172,2.1852059947713016e-05
-0.1034,51.5312,157.4,RX_1173,1.0334242156098201e-05
-0.1034,51.5312,157.13,RX_1173,1.0334242156098201e-05
-0.1033,51.5312,156.37,RX_1175,2.225603603154602e-06
-0.1033,51.5312,158.41,RX_1175,2.225603603154602e-06
-0.1032,51.5312,158.68,RX_1177,1.1911849357448823e-05
-0.1032,51.5312,155.34,RX_1177,1.1911849357448823e-05
-0.1031,51.5312,156.05,RX_1179,6.913245084344942e-06
-0.1031,51.5312,156.88,RX_1179,6.913245084344942e-06
-0.1031,51.5311,154.11,RX_1181,4.913583285157345e-06
-0.103,51.5311,159.19,RX_1182,8.794880251573954e-06
-0.103,51.5311,158.67000000000002,RX_1182,8.794880251573954e-06
-0.1029,51.5311,154.17000000000002,RX_1184,4.050547980982351e-06
-0.1029,51.5311,152.46,RX_1184,4.050547980982351e-06
-0.1029,51.5311,152.24,RX_1184,4.050547980982351e-06
-0.1028,51.5311,151.76999999999998,RX_1187,9.567933512091208e-06
-0.1028,51.5311,153.35000000000002,RX_1187,9.567933512091208e-06
-0.1027,51.5311,152.53,RX_1191,5.303677381915463e-06
-0.1027,51.5311,152.45,RX_1191,5.303677381915463e-06
-0.1027,51.5311,154.03,RX_1191,5.303677381915463e-06
-0.1026,51.5311,155.97,RX_1192,8.225561947455716e-06
-0.1026,51.531,150.88,RX_1193,6.454191115871248e-06
-0.1025,51.531,148.34,RX_1194,1.2539505447136016e-05
-0.1025,51.531,147.34,RX_1194,1.2539505447136016e-05
-0.1025,51.531,148.07999999999998,RX_1194,1.2539505447136016e-05
-0.1024,51.531,150.57,RX_1198,5.39253557992248e-06
-0.1024,51.531,150.32999999999998,RX_1198,5.39253557992248e-06
-0.1023,51.531,152.5,RX_1199,1.0665278500378263e-05
-0.1023,51.531,154.13,RX_1199,1.0665278500378263e-05
-0.1022,51.531,156.63,RX_1201,4.430215224064901e-06
-0.1022,51.5309,157.18,RX_1202,1.1413933204607122e-05
-0.1021,51.5309,157.60000000000002,RX_1203,3.7937933098618016e-06
-0.1021,51.5309,156.37,RX_1203,3.7937933098618016e-06
-0.102,51.5309,156.54000000000002,RX_1207,9.833756972807233e-06
-0.102,51.5309,154.34,RX_1207,9.833756972807233e-06
-0.102,51.5309,151.79000000000002,RX_1207,9.833756972807233e-06
-0.1019,51.5309,149.34,RX_1208,4.777590957770981e-06
-0.1019,51.5309,144.68,RX_1208,4.777590957770981e-06
-0.1018,51.5309,148.63,RX_1210,7.087164373616184e-06
-0.1018,51.5308,152.48000000000002,RX_1211,8.019846076945362e-06
-0.1018,51.5308,154.82999999999998,RX_1211,8.019846076945362e-06
-0.1017,51.5308,152.28,RX_1213,6.201517513369072e-06
-0.1017,51.5308,155.81,RX_1213,6.201517513369072e-06
-0.1016,51.5308,156.26,RX_1215,1.1087391024781054e-05
-0.1016,51.5308,154.57,RX_1215,1.1087391024781054e-05
-0.1015,51.5308,151.9,RX_1219,1.9631973381787045e-06
-0.1015,51.5308,153.12,RX_1219,1.9631973381787045e-06
-0.1015,51.5308,155.45,RX_1219,1.9631973381787045e-06
-0.1014,51.5308,150.93,RX_1220,9.537481318037456e-06
-0.1014,51.5307,149.03,RX_1222,3.3162400977542216e-06
-0.1014,51.5307,150.51,RX_1222,3.3162400977542216e-06
-0.1013,51.5307,146.73000000000002,RX_1224,5.677729576723176e-06
-0.1013,51.5307,148.3,RX_1224,5.677729576723176e-06
-0.1012,51.5307,149.64,RX_1226,5.263181965109211e-06
-0.1012,51.5307,149.66,RX_1226,5.263181965109211e-06
-0.1011,51.5307,146.61,RX_1229,3.950319690073243e-06
-0.1011,51.5307,144.99,RX_1229,3.950319690073243e-06
-0.1011,51.5307,145.26999999999998,RX_1229,3.950319690073243e-06
-0.101,51.5306,148.69,RX_1230,5.2013703107163256e-06
-0.101,51.5306,152.87,RX_1230,5.2013703107163256e-06
-0.1009,51.5306,150.57999999999998,RX_1232,3.563042484989254e-06
-0.1009,51.5306,148.16,RX_1232,3.563042484989254e-06
-0.1009,51.5306,147.07999999999998,RX_1232,3.563042484989254e-06
-0.1008,51.5306,146.36,RX_1235,1.6825746234783421e-06
-0.1007,51.5306,150.67000000000002,RX_1236,9.256544709538093e-06
-0.1007,51.5306,151.81,RX_1236,9.256544709538093e-06
-0.1007,51.5305,150.56,RX_1238,8.445524228506573e-06
-0.1006,51.5305,148.07999999999998,RX_1240,5.2896614924009575e-06
-0.1006,51.5305,149.03,RX_1240,5.2896614924009575e-06
-0.1005,51.5305,148.43,RX_1241,8.188614597281298e-06
-0.1005,51.5305,148.39,RX_1241,8.188614597281298e-06
-0.1005,51.5305,148.78,RX_1241,8.188614597281298e-06
-0.1004,51.5305,147.93,RX_1244,3.680289635872205e-06
-0.1004,51.5305,150.97,RX_1244,3.680289635872205e-06
-0.1003,51.5305,150.39,RX_1246,3.9285744646301075e-06
-0.1003,51.5304,152.89,RX_1247,1.907220771316729e-06
-0.1003,51.5304,153.57,RX_1247,1.907220771316729e-06
-0.1002,51.5304,154.18,RX_1250,9.137235813497436e-07
-0.1002,51.5304,148.54000000000002,RX_1250,9.137235813497436e-07
-0.1001,51.5304,148.93,RX_1252,3.815210734506416e-06
-0.1001,51.5304,149.68,RX_1252,3.815210734506416e-06
-0.1,51.5304,150.23000000000002,RX_1253,2.5004879597663053e-06
-0.1,51.5304,150.61,RX_1253,2.5004879597663053e-06
-0.0999,51.5304,148.87,RX_1255,2.1196335819112628e-06
-0.0999,51.5304,148.42000000000002,RX_1255,2.1196335819112628e-06
-0.0999,51.5303,152.89,RX_1257,2.615711327376942e-06
-0.0998,51.5303,147.10000000000002,RX_1259,7.052845182809545e-07
-0.0998,51.5303,146.8,RX_1259,7.052845182809545e-07
-0.0998,51.5303,146.97,RX_1259,7.052845182809545e-07
-0.0997,51.5303,150.44,RX_1262,3.2248808604943346e-06
-0.0997,51.5303,153.31,RX_1262,3.2248808604943346e-06
-0.0996,51.5303,151.79000000000002,RX_1263,1.299095673172762e-06
-0.0996,51.5303,150.34,RX_1263,1.299095673172762e-06
-0.0995,51.5303,153.29000000000002,RX_1265,1.2052258009458786e-06
-0.0995,51.5302,154.38,RX_1266,2.232072883620319e-06
-0.0994,51.5302,152.55,RX_1269,3.0154815234395257e-07
-0.0994,51.5302,149.82999999999998,RX_1269,3.0154815234395257e-07
-0.0994,51.5302,150.66,RX_1269,3.0154815234395257e-07
-0.0993,51.5302,148.38,RX_1271,3.773807596203892e-06
-0.0993,51.5302,151.32999999999998,RX_1271,3.773807596203892e-06
-0.0992,51.5302,147.07999999999998,RX_1273,1.7807486223436262e-06
-0.0992,51.5302,148.88,RX_1273,1.7807486223436262e-06
-0.0991,51.5302,151.14,RX_1275,1.8373466211004706e-06
-0.0991,51.5302,148.66,RX_1275,1.8373466211004706e-06
-0.0991,51.5301,147.26,RX_1276,1.0176318810434716e-06
-0.099,51.5301,148.64,RX_1278,2.4277401309599523e-06
-0.099,51.5301,148.7,RX_1278,2.4277401309599523e-06
-0.0989,51.5301,150.22,RX_1280,2.461990882988759e-06
-0.0989,51.5301,148.01999999999998,RX_1280,2.461990882988759e-06
-0.0989,51.5301,147.39,RX_1280,2.461990882988759e-06
-0.0988,51.5301,145.31,RX_1282,4.1107146500556415e-06
-0.0988,51.5301,144.76,RX_1282,4.1107146500556415e-06
-0.0987,51.5301,145.64,RX_1284,3.61166873680988e-06
-0.0987,51.53,143.82999999999998,RX_1285,2.2380801062388466e-06
-0.0986,51.53,144.21,RX_1286,3.7341733168406594e-06
-0.0986,51.53,144.93,RX_1286,3.7341733168406594e-06
-0.0985,51.53,146.37,RX_1288,2.219583028159059e-06
-0.0985,51.53,145.34,RX_1288,2.219583028159059e-06
-0.0985,51.53,145.51,RX_1288,2.219583028159059e-06
-0.0984,51.53,146.71,RX_1291,1.1235634092396985e-06
-0.0984,51.53,147.23000000000002,RX_1291,1.1235634092396985e-06
-0.0983,51.53,148.96,RX_1293,1.7070855770512923e-06
-0.0983,51.5299,147.38,RX_1294,5.573196035664156e-06
-0.0982,51.5299,148.26,RX_1295,5.412363319805985e-06
-0.0982,51.5299,147.13,RX_1295,5.412363319805985e-06
-0.0982,51.5299,147.39,RX_1295,5.412363319805985e-06
-0.0981,51.5299,146.74,RX_1298,5.110879413719687e-06
-0.098,51.5299,148.2,RX_1301,4.470642935022587e-06
-0.098,51.5299,148.92000000000002,RX_1301,4.470642935022587e-06
-0.098,51.5299,145.76,RX_1301,4.470642935022587e-06
-0.0979,51.5299,145.36,RX_1302,4.111249006263844e-06
-0.0979,51.5298,144.53,RX_1304,3.6150586282430305e-06
-0.0979,51.5298,146.32,RX_1304,3.6150586282430305e-06
-0.0978,51.5298,146.54000000000002,RX_1305,1.5271152070178874e-06
-0.0978,51.5298,146.07,RX_1305,1.5271152070178874e-06
-0.0977,51.5298,145.36,RX_1307,2.9242488775273454e-06
-0.0977,51.5298,144.15,RX_1307,2.9242488775273454e-06
-0.0976,51.5298,144.63,RX_1309,1.1303716945556022e-05
-0.0976,51.5298,143.48000000000002,RX_1309,1.1303716945556022e-05
-0.0975,51.5298,140.94,RX_1311,1.1540230214885986e-05
-0.0975,51.5298,141.61,RX_1311,1.1540230214885986e-05
-0.0975,51.5297,141.65,RX_1313,9.9856503542132e-06
-0.0974,51.5297,141.51999999999998,RX_1314,1.0472077186262689e-05
-0.0974,51.5297,146.25,RX_1314,1.0472077186262689e-05
-0.0973,51.5297,142.72,RX_1316,1.1229659330699755e-05
-0.0973,51.5297,141.66,RX_1316,1.1229659330699755e-05
-0.0972,51.5297,142.84,RX_1319,1.2095169420372666e-05
-0.0972,51.5297,142.34,RX_1319,1.2095169420372666e-05
-0.0972,51.5297,142.88,RX_1319,1.2095169420372666e-05
-0.0971,51.5297,141.35000000000002,RX_1321,1.1217399758003814e-05
-0.0971,51.5296,136.85000000000002,RX_1322,1.1560675611238491e-05
-0.097,51.5296,134.01,RX_1323,1.0336501832024426e-05
-0.097,51.5296,137.36,RX_1323,1.0336501832024426e-05
-0.0969,51.5296,142.32,RX_1327,8.539553405612505e-06
-0.0969,51.5296,141.98000000000002,RX_1327,8.539553405612505e-06
-0.0969,51.5296,140.05,RX_1327,8.539553405612505e-06
-0.0968,51.5296,142.68,RX_1328,6.596648310319806e-06
-0.0968,51.5296,144.5,RX_1328,6.596648310319806e-06
-0.0967,51.5295,142.13,RX_1330,3.730289256421636e-06
-0.0967,51.5295,136.81,RX_1330,3.730289256421636e-06
-0.0966,51.5295,132.24,RX_1333,1.2710825640475845e-06
-0.0966,51.5295,131.06,RX_1333,1.2710825640475845e-06
-0.0965,51.5295,138.04000000000002,RX_1335,1.441389265992907e-06
-0.0965,51.5295,139.73000000000002,RX_1335,1.441389265992907e-06
-0.0964,51.5295,141.59,RX_1337,4.611454985283934e-06
-0.0964,51.5295,146.69,RX_1337,4.611454985283934e-06
-0.0963,51.5294,141.96,RX_1339,9.419791002999213e-06
-0.0963,51.5294,140.62,RX_1339,9.419791002999213e-06
-0.0962,51.5294,143.37,RX_1340,1.172472875601544e-05
-0.0962,51.5294,145.15,RX_1340,1.172472875601544e-05
-0.0961,51.5294,146.99,RX_1343,8.21711548464701e-06
-0.0961,51.5294,144.3,RX_1343,8.21711548464701e-06
-0.096,51.5294,145.81,RX_1345,4.353167917219395e-06
-0.096,51.5294,143.74,RX_1345,4.353167917219395e-06
-0.0959,51.5294,145.32,RX_1346,3.4059683547239655e-07
-0.0959,51.5293,146.13,RX_1347,2.9559353744375257e-06
-0.0958,51.5293,146.60000000000002,RX_1349,7.255042233060285e-06
-0.0958,51.5293,143.93,RX_1349,7.255042233060285e-06
-0.0958,51.5293,144.56,RX_1349,7.255042233060285e-06
-0.0957,51.5293,144.72,RX_1352,1.1819811372487597e-05
-0.0957,51.5293,144.73000000000002,RX_1352,1.1819811372487597e-05
-0.0956,51.5293,147.48000000000002,RX_1354,1.6519731028427637e-05
-0.0956,51.5293,146.18,RX_1354,1.6519731028427637e-05
-0.0955,51.5293,149.31,RX_1355,2.146531522513621e-05
-0.0955,51.5292,148.49,RX_1357,2.2949962586297942e-05
-0.0955,51.5292,148.53,RX_1357,2.2949962586297942e-05
-0.0954,51.5292,148.48000000000002,RX_1358,6.752584322114293e-06
-0.0954,51.5292,149.35000000000002,RX_1358,6.752584322114293e-06
-0.0953,51.5292,147.97,RX_1360,1.2235088539193596e-05
-0.0952,51.5292,146.9,RX_1361,1.7913254940897155e-05
-0.0952,51.5291,145.47,RX_1364,8.889502752255088e-07
-0.0952,51.5291,148.01,RX_1364,8.889502752255088e-07
-0.0952,51.5291,145.64,RX_1364,8.889502752255088e-07
-0.0951,51.5291,146.56,RX_1365,5.081684736224009e-06
-0.0951,51.5291,148.45,RX_1365,5.081684736224009e-06
-0.0951,51.5291,146.59,RX_1365,5.081684736224009e-06
-0.095,51.5291,146.98000000000002,RX_1369,1.1272763961161635e-05
-0.095,51.5291,149.51999999999998,RX_1369,1.1272763961161635e-05
-0.0949,51.5291,149.06,RX_1370,1.7688313420385532e-05
-0.0948,51.529,147.76999999999998,RX_1373,6.773002404036912e-06
-0.0948,51.529,147.05,RX_1373,6.773002404036912e-06
-0.0948,51.529,147.2,RX_1373,6.773002404036912e-06
-0.0948,51.529,147.85000000000002,RX_1373,6.773002404036912e-06
-0.0947,51.529,148.31,RX_1377,1.0784826198759176e-05
-0.0947,51.529,148.16,RX_1377,1.0784826198759176e-05
-0.0947,51.529,147.39,RX_1377,1.0784826198759176e-05
-0.0946,51.529,147.73000000000002,RX_1378,2.0800183215684097e-05
-0.0946,51.529,148.05,RX_1378,2.0800183215684097e-05
-0.0945,51.529,148.57,RX_1380,3.7077745493336223e-06
-0.0945,51.5289,145.55,RX_1381,1.175712138326711e-05
-0.0944,51.5289,145.51999999999998,RX_1382,1.945872492139262e-05
-0.0944,51.5289,147.21,RX_1382,1.945872492139262e-05
-0.0943,51.5289,151.69,RX_1384,2.165497856054991e-05
-0.0942,51.5289,149.16,RX_1385,1.3623579466566993e-05
-0.0942,51.5289,148.7,RX_1385,1.3623579466566993e-05
-0.0942,51.5289,151.18,RX_1385,1.3623579466566993e-05
-0.0941,51.5289,150.3,RX_1388,5.252398469323698e-06
-0.0941,51.5288,147.65,RX_1390,4.056159410136889e-06
-0.0941,51.5288,146.94,RX_1390,4.056159410136889e-06
-0.094,51.5288,150.92000000000002,RX_1392,1.1848525761614876e-05
-0.094,51.5288,146.82999999999998,RX_1392,1.1848525761614876e-05
-0.094,51.5288,149.78,RX_1392,1.1848525761614876e-05
-0.0939,51.5288,149.14,RX_1395,2.140661469136025e-05
-0.0939,51.5288,147.76,RX_1395,2.140661469136025e-05
-0.0938,51.5288,147.79000000000002,RX_1397,6.014477158844008e-06
-0.0938,51.5288,146.42000000000002,RX_1397,6.014477158844008e-06
-0.0937,51.5287,147.12,RX_1399,1.4580949890357077e-06
-0.0937,51.5287,148.92000000000002,RX_1399,1.4580949890357077e-06
-0.0936,51.5287,149.51,RX_1400,1.0835365489390902e-05
-0.0935,51.5287,151.03,RX_1402,2.0576481721212356e-05
-0.0935,51.5287,149.39,RX_1402,2.0576481721212356e-05
-0.0934,51.5287,149.86,RX_1404,1.8342901100958297e-05
-0.0934,51.5287,151.12,RX_1404,1.8342901100958297e-05
-0.0934,51.5286,150.22,RX_1406,1.7760739802778912e-05
-0.0934,51.5286,147.07,RX_1406,1.7760739802778912e-05
-0.0933,51.5286,147.72,RX_1407,4.082383975154656e-06
-0.0933,51.5286,145.59,RX_1407,4.082383975154656e-06
-0.0933,51.5286,145.94,RX_1407,4.082383975154656e-06
-0.0932,51.5286,148.35000000000002,RX_1411,1.0506115555013572e-05
-0.0932,51.5286,147.68,RX_1411,1.0506115555013572e-05
-0.0931,51.5286,146.79000000000002,RX_1412,2.4137440110848274e-05
-0.0931,51.5286,147.03,RX_1412,2.4137440110848274e-05
-0.0931,51.5286,147.01,RX_1412,2.4137440110848274e-05
-0.093,51.5286,146.69,RX_1415,1.127613211073212e-05
-0.0929,51.5285,148.84,RX_1417,1.0878869688088086e-05
-0.0929,51.5285,148.63,RX_1417,1.0878869688088086e-05
-0.0929,51.5285,145.56,RX_1417,1.0878869688088086e-05
-0.0928,51.5285,145.51999999999998,RX_1421,2.2325401590977368e-05
-0.0928,51.5285,146.7,RX_1421,2.2325401590977368e-05
-0.0928,51.5285,146.74,RX_1421,2.2325401590977368e-05
-0.0927,51.5285,144.01999999999998,RX_1422,1.5016110187112284e-05
-0.0927,51.5285,145.45,RX_1422,1.5016110187112284e-05
-0.0926,51.5285,148.07999999999998,RX_1426,3.069488277426144e-06
-0.0926,51.5285,146.96,RX_1426,3.069488277426144e-06
-0.0926,51.5285,146.57,RX_1426,3.069488277426144e-06
-0.0925,51.5285,147.98000000000002,RX_1427,9.080919826957448e-06
-0.0925,51.5284,146.66,RX_1428,2.3548460486548797e-05
-0.0924,51.5284,146.04000000000002,RX_1430,1.1609531703942582e-05
-0.0924,51.5284,147.49,RX_1430,1.1609531703942582e-05
-0.0923,51.5284,145.79000000000002,RX_1432,2.7950850635279695e-06
-0.0923,51.5284,143.45,RX_1432,2.7950850635279695e-06
-0.0922,51.5284,144.88,RX_1434,3.6566213891214055e-05
-0.0922,51.5284,143.16,RX_1434,3.6566213891214055e-05
-0.0921,51.5284,143.66,RX_1435,2.5382966099606387e-05
-0.0921,51.5284,146.26,RX_1435,2.5382966099606387e-05
-0.092,51.5283,142.74,RX_1438,4.393584973505322e-05
-0.092,51.5283,143.39,RX_1438,4.393584973505322e-05
-0.0919,51.5284,146.01999999999998,RX_1439,3.887142190452496e-06
-0.0919,51.5284,150.16,RX_1439,3.887142190452496e-06
-0.0919,51.5284,152.29000000000002,RX_1439,3.887142190452496e-06
-0.0919,51.5285,151.67000000000002,RX_1444,1.1529712861516027e-05
-0.0919,51.5285,149.68,RX_1444,1.1529712861516027e-05
-0.0919,51.5285,147.82999999999998,RX_1444,1.1529712861516027e-05
-0.0919,51.5285,151.99,RX_1444,1.1529712861516027e-05
-0.0919,51.5286,153.95,RX_1446,2.4996999273267756e-05
-0.0919,51.5286,154.35000000000002,RX_1446,2.4996999273267756e-05
-0.0919,51.5286,154.53,RX_1446,2.4996999273267756e-05
-0.0919,51.5286,151.01999999999998,RX_1446,2.4996999273267756e-05
-0.0919,51.5286,152.16,RX_1446,2.4996999273267756e-05
-0.0919,51.5287,152.47,RX_1453,3.750176924740174e-05
-0.0919,51.5287,152.32,RX_1453,3.750176924740174e-05
-0.0919,51.5287,151.99,RX_1453,3.750176924740174e-05
-0.092,51.5287,151.07,RX_1454,2.037990196532841e-06
-0.092,51.5288,145.35000000000002,RX_1456,3.783057419387493e-05
-0.092,51.5288,149.07999999999998,RX_1456,3.783057419387493e-05
-0.092,51.5288,150.99,RX_1456,3.783057419387493e-05
-0.092,51.5289,150.5,RX_1458,2.5103485818191177e-05
-0.092,51.5289,151.11,RX_1458,2.5103485818191177e-05
-0.092,51.5289,153.26999999999998,RX_1458,2.5103485818191177e-05
-0.092,51.5289,151.59,RX_1458,2.5103485818191177e-05
-0.092,51.529,153.8,RX_1464,8.908134052960703e-06
-0.092,51.529,149.76,RX_1464,8.908134052960703e-06
-0.092,51.529,151.2,RX_1464,8.908134052960703e-06
-0.092,51.5291,151.99,RX_1465,4.1856832601607376e-05
-0.0921,51.5291,150.84,RX_1468,5.810083885610884e-06
-0.0921,51.5291,150.88,RX_1468,5.810083885610884e-06
-0.0921,51.5291,152.82999999999998,RX_1468,5.810083885610884e-06
-0.0921,51.5292,155.55,RX_1471,3.565158504001391e-05
-0.0921,51.5292,151.92000000000002,RX_1471,3.565158504001391e-05
-0.0921,51.5292,152.07,RX_1471,3.565158504001391e-05
-0.0921,51.5293,151.06,RX_1475,1.9695946478449957e-05
-0.0921,51.5293,152.41,RX_1475,1.9695946478449957e-05
-0.0921,51.5293,156.06,RX_1475,1.9695946478449957e-05
-0.0921,51.5293,155.49,RX_1475,1.9695946478449957e-05
-0.0921,51.5294,157.67000000000002,RX_1476,2.3741320080967816e-05
-0.0922,51.5294,157.87,RX_1477,1.3363041245413676e-05
-0.0922,51.5294,157.05,RX_1477,1.3363041245413676e-05
-0.0922,51.5295,158.49,RX_1479,6.9421534603738375e-06
-0.0922,51.5295,157.87,RX_1479,6.9421534603738375e-06
-0.0922,51.5295,156.84,RX_1479,6.9421534603738375e-06
-0.0922,51.5296,158.39,RX_1483,2.1054903847885847e-05
-0.0922,51.5296,157.56,RX_1483,2.1054903847885847e-05
-0.0922,51.5296,160.3,RX_1483,2.1054903847885847e-05
-0.0922,51.5296,157.89,RX_1483,2.1054903847885847e-05
-0.0922,51.5297,159.51999999999998,RX_1486,2.4038688401745515e-06
-0.0922,51.5297,158.93,RX_1486,2.4038688401745515e-06
-0.0923,51.5297,158.44,RX_1488,1.1348548545597377e-05
-0.0923,51.5298,158.82999999999998,RX_1491,1.282589957862944e-05
-0.0923,51.5298,159.36,RX_1491,1.282589957862944e-05
-0.0923,51.5298,156.78,RX_1491,1.282589957862944e-05
-0.0923,51.5299,156.15,RX_1492,1.2868711736857596e-05
-0.0924,51.5299,158.13,RX_1494,2.4320768865201846e-05
-0.0924,51.5299,154.07,RX_1494,2.4320768865201846e-05
-0.0924,51.53,155.43,RX_1497,3.1722811258826775e-06
-0.0924,51.53,157.88,RX_1497,3.1722811258826775e-06
-0.0924,51.53,155.82999999999998,RX_1497,3.1722811258826775e-06
-0.0924,51.53,154.85000000000002,RX_1497,3.1722811258826775e-06
-0.0924,51.5301,157.35000000000002,RX_1499,2.227929400852369e-05
-0.0924,51.5301,155.03,RX_1499,2.227929400852369e-05
-0.0924,51.5301,156.76,RX_1499,2.227929400852369e-05
-0.0924,51.5301,156.16,RX_1499,2.227929400852369e-05
-0.0924,51.5302,152.89,RX_1504,4.878856140484695e-06
-0.0924,51.5302,150.38,RX_1504,4.878856140484695e-06
-0.0924,51.5302,151.46,RX_1504,4.878856140484695e-06
-0.0925,51.5302,152.38,RX_1506,1.814263919293399e-05
-0.0925,51.5302,155.81,RX_1506,1.814263919293399e-05
-0.0925,51.5303,157.61,RX_1508,2.2867464211930356e-05
-0.0925,51.5303,154.89,RX_1508,2.2867464211930356e-05
-0.0925,51.5303,158.51999999999998,RX_1508,2.2867464211930356e-05
-0.0925,51.5303,156.07999999999998,RX_1508,2.2867464211930356e-05
-0.0925,51.5303,150.72,RX_1508,2.2867464211930356e-05
-0.0925,51.5304,154.36,RX_1515,2.316772163950194e-05
-0.0925,51.5304,159.0,RX_1515,2.316772163950194e-05
-0.0925,51.5304,157.75,RX_1515,2.316772163950194e-05
-0.0925,51.5305,157.55,RX_1518,1.6921923066954256e-05
-0.0925,51.5305,154.41,RX_1518,1.6921923066954256e-05
-0.0925,51.5305,155.16,RX_1518,1.6921923066954256e-05
-0.0926,51.5306,156.24,RX_1521,4.675952375629629e-06
-0.0926,51.5306,154.8,RX_1521,4.675952375629629e-06
-0.0926,51.5306,155.05,RX_1521,4.675952375629629e-06
-0.0926,51.5306,158.94,RX_1521,4.675952375629629e-06
-0.0926,51.5306,159.09,RX_1521,4.675952375629629e-06
-0.0926,51.5307,150.07999999999998,RX_1524,1.3424602189754336e-05
-0.0926,51.5307,154.07999999999998,RX_1524,1.3424602189754336e-05
-0.0926,51.5307,157.71,RX_1524,1.3424602189754336e-05
-0.0926,51.5308,157.12,RX_1527,2.0273603880798652e-05
-0.0927,51.5308,158.75,RX_1528,1.5320383098300688e-05
-0.0927,51.5308,158.84,RX_1528,1.5320383098300688e-05
-0.0927,51.5309,159.67000000000002,RX_1531,7.29218647450717e-06
-0.0927,51.5309,160.59,RX_1531,7.29218647450717e-06
-0.0927,51.5309,157.07,RX_1531,7.29218647450717e-06
-0.0927,51.531,155.82999999999998,RX_1536,8.743625622538871e-06
-0.0927,51.531,155.68,RX_1536,8.743625622538871e-06
-0.0927,51.531,156.97,RX_1536,8.743625622538871e-06
-0.0927,51.531,159.98000000000002,RX_1536,8.743625622538871e-06
-0.0927,51.5311,158.21,RX_1537,1.7336370416584946e-05
-0.0928,51.5311,157.44,RX_1540,6.872869548804354e-06
-0.0928,51.5311,157.01,RX_1540,6.872869548804354e-06
-0.0928,51.5311,152.88,RX_1540,6.872869548804354e-06
-0.0928,51.5312,156.89,RX_1543,4.9872427976590505e-06
-0.0928,51.5312,157.17000000000002,RX_1543,4.9872427976590505e-06
-0.0928,51.5312,154.72,RX_1543,4.9872427976590505e-06
-0.0928,51.5313,154.26999999999998,RX_1544,1.584713596002446e-05
-0.0928,51.5313,152.37,RX_1544,1.584713596002446e-05
-0.0928,51.5313,148.98000000000002,RX_1544,1.584713596002446e-05
-0.0928,51.5314,148.11,RX_1547,2.5103804819935383e-05
-0.0929,51.5314,152.66,RX_1548,1.7240408144075077e-05
-0.0929,51.5315,152.25,RX_1552,1.5318091935790982e-05
-0.0929,51.5315,152.10000000000002,RX_1552,1.5318091935790982e-05
-0.0929,51.5315,155.28,RX_1552,1.5318091935790982e-05
-0.0929,51.5315,152.03,RX_1552,1.5318091935790982e-05
-0.0929,51.5316,153.43,RX_1554,2.5090843740508266e-05
-0.0929,51.5316,153.21,RX_1554,2.5090843740508266e-05
-0.0929,51.5316,152.99,RX_1554,2.5090843740508266e-05
-0.0929,51.5316,153.28,RX_1554,2.5090843740508266e-05
-0.0929,51.5317,152.85000000000002,RX_1559,1.4615940506234936e-05
-0.0929,51.5317,156.53,RX_1559,1.4615940506234936e-05
-0.0929,51.5317,155.54000000000002,RX_1559,1.4615940506234936e-05
-0.0929,51.5318,154.21,RX_1563,1.345268518301955e-05
-0.0929,51.5318,154.85000000000002,RX_1563,1.345268518301955e-05
-0.0929,51.5318,156.63,RX_1563,1.345268518301955e-05
-0.0929,51.5318,154.47,RX_1563,1.345268518301955e-05
-0.0929,51.5319,154.74,RX_1567,2.1350975036705628e-05
-0.0929,51.5319,153.38,RX_1567,2.1350975036705628e-05
-0.0929,51.5319,154.69,RX_1567,2.1350975036705628e-05
-0.0929,51.5319,154.56,RX_1567,2.1350975036705628e-05
-0.0929,51.532,157.78,RX_1570,7.132205726394386e-06
-0.0929,51.532,155.76999999999998,RX_1570,7.132205726394386e-06
-0.0929,51.532,156.86,RX_1570,7.132205726394386e-06
-0.0929,51.5321,158.41,RX_1573,2.3725340574552505e-05
-0.0929,51.5321,156.75,RX_1573,2.3725340574552505e-05
-0.0929,51.5321,156.43,RX_1573,2.3725340574552505e-05
-0.093,51.5321,153.91,RX_1574,1.560156615914494e-05
-0.093,51.5322,155.5,RX_1577,1.447497707755766e-05
-0.093,51.5322,155.76,RX_1577,1.447497707755766e-05
-0.093,51.5322,154.43,RX_1577,1.447497707755766e-05
-0.093,51.5323,154.79000000000002,RX_1578,1.4229366838096675e-05
-0.093,51.5323,155.97,RX_1578,1.4229366838096675e-05
-0.093,51.5323,156.98000000000002,RX_1578,1.4229366838096675e-05
-0.093,51.5324,156.38,RX_1581,1.476718385175327e-05
-0.0931,51.5324,159.59,RX_1583,2.3070390457480467e-05
-0.0931,51.5324,160.92000000000002,RX_1583,2.3070390457480467e-05
-0.0931,51.5324,155.99,RX_1583,2.3070390457480467e-05
-0.0931,51.5325,159.0,RX_1585,1.1365125234543385e-05
-0.0931,51.5325,158.3,RX_1585,1.1365125234543385e-05
-0.0931,51.5325,157.18,RX_1585,1.1365125234543385e-05
-0.0931,51.5325,158.98000000000002,RX_1585,1.1365125234543385e-05
-0.0932,51.5326,157.3,RX_1591,2.5289554081843985e-06
-0.0932,51.5326,158.29000000000002,RX_1591,2.5289554081843985e-06
-0.0932,51.5326,154.4,RX_1591,2.5289554081843985e-06
-0.0932,51.5326,155.2,RX_1591,2.5289554081843985e-06
-0.0932,51.5327,154.95,RX_1593,2.790304565869165e-06
-0.0932,51.5327,153.38,RX_1593,2.790304565869165e-06
-0.0932,51.5327,152.34,RX_1593,2.790304565869165e-06
-0.0933,51.5328,153.09,RX_1596,2.723875986809411e-05
-0.0933,51.5328,154.64,RX_1596,2.723875986809411e-05
-0.0933,51.5328,156.12,RX_1596,2.723875986809411e-05
-0.0933,51.5328,153.76999999999998,RX_1596,2.723875986809411e-05
-0.0933,51.5329,151.11,RX_1600,1.3676358515921322e-05
-0.0934,51.5329,150.26999999999998,RX_1602,1.528148714531686e-05
-0.0934,51.5329,156.05,RX_1602,1.528148714531686e-05
-0.0934,51.5329,157.81,RX_1602,1.528148714531686e-05
-0.0934,51.533,153.17000000000002,RX_1604,1.4966281412926907e-05
-0.0935,51.533,153.01,RX_1606,2.133769138890571e-05
-0.0935,51.533,155.57,RX_1606,2.133769138890571e-05
-0.0935,51.5331,155.98000000000002,RX_1607,6.843829126509344e-06
-0.0935,51.5331,153.18,RX_1607,6.843829126509344e-06
-0.0936,51.5331,151.66,RX_1609,1.141881300776388e-05
-0.0936,51.5332,154.07999999999998,RX_1611,1.2776486153616649e-05
-0.0936,51.5332,153.04000000000002,RX_1611,1.2776486153616649e-05
-0.0936,51.5332,153.60000000000002,RX_1611,1.2776486153616649e-05
-0.0936,51.5332,152.09,RX_1611,1.2776486153616649e-05
-0.0936,51.5333,153.10000000000002,RX_1616,1.9465726439420568e-05
-0.0936,51.5333,153.8,RX_1616,1.9465726439420568e-05
-0.0936,51.5333,152.72,RX_1616,1.9465726439420568e-05
-0.0936,51.5333,156.86,RX_1616,1.9465726439420568e-05
-0.0935,51.5333,155.53,RX_1618,2.096926772812384e-05
-0.0935,51.5334,152.78,RX_1619,6.8318701911773295e-06
-0.0935,51.5334,154.54000000000002,RX_1619,6.8318701911773295e-06
-0.0934,51.5334,155.51999999999998,RX_1623,1.2805229535743826e-05
-0.0934,51.5334,157.15,RX_1623,1.2805229535743826e-05
-0.0934,51.5334,152.15,RX_1623,1.2805229535743826e-05
-0.0933,51.5334,152.96,RX_1624,2.2735583726423797e-05
-0.0933,51.5334,157.53,RX_1624,2.2735583726423797e-05
-0.0933,51.5334,153.15,RX_1624,2.2735583726423797e-05
-0.0932,51.5335,153.96,RX_1627,1.7472253090886764e-05
-0.0932,51.5335,152.76999999999998,RX_1627,1.7472253090886764e-05
-0.0931,51.5335,158.2,RX_1630,2.4568811532695498e-05
-0.0931,51.5335,155.8,RX_1630,2.4568811532695498e-05
-0.093,51.5335,155.11,RX_1631,1.6730018554717554e-05
-0.093,51.5335,153.79000000000002,RX_1631,1.6730018554717554e-05
-0.093,51.5336,155.3,RX_1633,4.696266360254072e-06
-0.0929,51.5336,158.18,RX_1635,2.1750301198435916e-05
-0.0929,51.5336,155.03,RX_1635,2.1750301198435916e-05
-0.0928,51.5336,156.65,RX_1637,1.3894278161908411e-05
-0.0928,51.5336,156.57999999999998,RX_1637,1.3894278161908411e-05
-0.0927,51.5337,154.37,RX_1638,2.7897855174677028e-05
-0.0927,51.5337,152.61,RX_1638,2.7897855174677028e-05
-0.0926,51.5337,155.24,RX_1640,5.5723798722028145e-06
-0.0926,51.5337,156.76999999999998,RX_1640,5.5723798722028145e-06
-0.0926,51.5337,158.16,RX_1640,5.5723798722028145e-06
-0.0925,51.5337,156.36,RX_1643,1.561786841805577e-05
-0.0925,51.5338,157.74,RX_1644,1.593040882537556e-05
-0.0924,51.5338,154.65,RX_1647,2.9029315986259767e-05
-0.0924,51.5338,153.76,RX_1647,2.9029315986259767e-05
-0.0924,51.5338,155.8,RX_1647,2.9029315986259767e-05
-0.0923,51.5338,155.39,RX_1649,1.9830707889372244e-05
-0.0923,51.5338,156.61,RX_1649,1.9830707889372244e-05
-0.0923,51.5338,156.11,RX_1649,1.9830707889372244e-05
-0.0922,51.5338,156.37,RX_1651,3.0593417748679714e-06
-0.0922,51.5339,158.41,RX_1652,1.2195616277400391e-05
-0.0921,51.5339,159.51999999999998,RX_1653,3.0222115786794262e-05
-0.0921,51.5339,156.49,RX_1653,3.0222115786794262e-05
-0.0921,51.5339,155.23000000000002,RX_1653,3.0222115786794262e-05
-0.092,51.5339,154.93,RX_1658,1.788305824204414e-05
-0.092,51.5339,154.12,RX_1658,1.788305824204414e-05
-0.092,51.5339,156.73000000000002,RX_1658,1.788305824204414e-05
-0.0919,51.534,159.01,RX_1659,2.9964344731952097e-05
-0.0919,51.534,156.01,RX_1659,2.9964344731952097e-05
-0.0919,51.534,155.44,RX_1659,2.9964344731952097e-05
-0.0918,51.534,155.95,RX_1662,3.133383337614145e-05
-0.0918,51.534,157.31,RX_1662,3.133383337614145e-05
-0.0917,51.534,156.82999999999998,RX_1664,2.547120957257488e-05
-0.0917,51.5341,156.22,RX_1665,2.4208403058268862e-05
-0.0917,51.5341,156.04000000000002,RX_1665,2.4208403058268862e-05
-0.0916,51.5341,156.09,RX_1669,2.9679838903143067e-05
-0.0916,51.5341,152.44,RX_1669,2.9679838903143067e-05
-0.0916,51.5341,155.07999999999998,RX_1669,2.9679838903143067e-05
-0.0915,51.5341,153.84,RX_1670,2.252173493869402e-05
-0.0915,51.5342,152.76,RX_1671,3.6976708726469974e-05
-0.0914,51.5342,154.44,RX_1673,1.74531957826144e-05
-0.0914,51.5342,153.57,RX_1673,1.74531957826144e-05
-0.0914,51.5342,152.68,RX_1673,1.74531957826144e-05
-0.0913,51.5342,152.53,RX_1675,3.672575146734473e-05
-0.0913,51.5343,151.88,RX_1676,3.101775479519661e-05
-0.0912,51.5343,150.91,RX_1677,2.3104686267241976e-05
-0.0912,51.5343,155.59,RX_1677,2.3104686267241976e-05
-0.0912,51.5343,156.95,RX_1677,2.3104686267241976e-05
-0.0911,51.5343,156.95,RX_1681,5.112947818580328e-05
-0.0911,51.5343,154.55,RX_1681,5.112947818580328e-05
-0.0911,51.5343,154.34,RX_1681,5.112947818580328e-05
-0.091,51.5344,154.91,RX_1684,2.735421524410812e-05
-0.091,51.5344,156.32,RX_1684,2.735421524410812e-05
-0.0909,51.5344,153.56,RX_1686,2.7078377657523645e-05
-0.0909,51.5344,152.37,RX_1686,2.7078377657523645e-05
-0.0909,51.5344,155.0,RX_1686,2.7078377657523645e-05
-0.0908,51.5345,156.01,RX_1689,2.0598842303794965e-05
-0.0908,51.5345,155.96,RX_1689,2.0598842303794965e-05
-0.0908,51.5345,156.32999999999998,RX_1689,2.0598842303794965e-05
-0.0907,51.5345,156.82,RX_1692,1.8311875235166072e-05
-0.0907,51.5345,154.29000000000002,RX_1692,1.8311875235166072e-05
-0.0907,51.5345,154.68,RX_1692,1.8311875235166072e-05
-0.0906,51.5346,156.48000000000002,RX_1694,2.9850785442600388e-05
-0.0906,51.5346,154.16,RX_1694,2.9850785442600388e-05
-0.0906,51.5346,153.78,RX_1694,2.9850785442600388e-05
-0.0905,51.5346,152.32,RX_1697,2.11337632061687e-05
-0.0905,51.5346,152.5,RX_1697,2.11337632061687e-05
-0.0904,51.5347,153.94,RX_1700,2.266468562122398e-05
-0.0904,51.5347,155.0,RX_1700,2.266468562122398e-05
-0.0904,51.5347,154.23000000000002,RX_1700,2.266468562122398e-05
-0.0903,51.5347,152.11,RX_1703,4.504194816830016e-05
-0.0903,51.5347,154.53,RX_1703,4.504194816830016e-05
-0.0903,51.5347,153.95,RX_1703,4.504194816830016e-05
-0.0902,51.5348,152.41,RX_1705,3.324068257247944e-05
-0.0902,51.5348,154.21,RX_1705,3.324068257247944e-05
-0.0902,51.5348,155.10000000000002,RX_1705,3.324068257247944e-05
-0.0901,51.5348,154.63,RX_1709,3.016074875866296e-05
-0.0901,51.5348,152.3,RX_1709,3.016074875866296e-05
-0.0901,51.5349,155.82,RX_1710,3.110834956269675e-05
-0.09,51.5349,153.93,RX_1712,3.126780243597706e-05
-0.09,51.5349,156.69,RX_1712,3.126780243597706e-05
-0.0899,51.5349,157.39,RX_1713,2.0152887997015986e-05
-0.0899,51.5349,156.09,RX_1713,2.0152887997015986e-05
-0.0899,51.535,154.57999999999998,RX_1715,4.832166351742699e-05
-0.0898,51.535,153.85000000000002,RX_1717,1.7254303586749775e-05
-0.0898,51.535,152.97,RX_1717,1.7254303586749775e-05
-0.0897,51.535,154.49,RX_1719,3.00853701452861e-05
-0.0897,51.535,155.84,RX_1719,3.00853701452861e-05
-0.0896,51.5351,153.97,RX_1721,2.645538140569311e-05
-0.0896,51.5351,153.87,RX_1721,2.645538140569311e-05
-0.0896,51.5351,153.09,RX_1721,2.645538140569311e-05
-0.0896,51.5351,155.09,RX_1721,2.645538140569311e-05
-0.0895,51.5351,153.62,RX_1724,4.217442443738707e-05
-0.0895,51.5351,153.26999999999998,RX_1724,4.217442443738707e-05
-0.0894,51.5352,152.39,RX_1727,1.559154810019942e-05
-0.0894,51.5352,155.05,RX_1727,1.559154810019942e-05
-0.0893,51.5352,152.14,RX_1729,8.895559944188014e-06
-0.0893,51.5352,152.10000000000002,RX_1729,8.895559944188014e-06
-0.0892,51.5353,154.42000000000002,RX_1733,2.0820193486805022e-05
-0.0892,51.5353,152.81,RX_1733,2.0820193486805022e-05
-0.0892,51.5353,153.99,RX_1733,2.0820193486805022e-05
-0.0892,51.5353,152.64,RX_1733,2.0820193486805022e-05
-0.0892,51.5353,153.78,RX_1733,2.0820193486805022e-05
-0.0892,51.5354,155.88,RX_1737,4.488806589273639e-05
-0.0892,51.5354,156.51,RX_1737,4.488806589273639e-05
-0.0892,51.5354,154.31,RX_1737,4.488806589273639e-05
-0.0892,51.5354,155.73000000000002,RX_1737,4.488806589273639e-05
-0.0892,51.5354,155.76,RX_1737,4.488806589273639e-05
-0.0892,51.5355,155.41,RX_1740,4.0351262364745835e-05
-0.0893,51.5355,154.91,RX_1743,1.7118183149475235e-05
-0.0893,51.5355,155.49,RX_1743,1.7118183149475235e-05
-0.0893,51.5355,154.86,RX_1743,1.7118183149475235e-05
-0.0893,51.5356,155.0,RX_1744,2.2781388380669802e-05
-0.0893,51.5356,154.32999999999998,RX_1744,2.2781388380669802e-05
-0.0893,51.5356,155.57,RX_1744,2.2781388380669802e-05
-0.0894,51.5356,155.51,RX_1747,1.732044017046482e-05
-0.0894,51.5357,155.23000000000002,RX_1751,4.807250545129798e-06
-0.0894,51.5357,154.23000000000002,RX_1751,4.807250545129798e-06
-0.0894,51.5357,152.51,RX_1751,4.807250545129798e-06
-0.0894,51.5357,152.12,RX_1751,4.807250545129798e-06
-0.0895,51.5358,153.26,RX_1754,4.559860492782777e-05
-0.0895,51.5358,153.69,RX_1754,4.559860492782777e-05
-0.0895,51.5358,155.57,RX_1754,4.559860492782777e-05
-0.0895,51.5359,154.26,RX_1756,1.8217008945755732e-05
-0.0895,51.5359,153.85000000000002,RX_1756,1.8217008945755732e-05
-0.0896,51.5359,153.86,RX_1758,3.534978604066762e-05
-0.0896,51.5359,156.35000000000002,RX_1758,3.534978604066762e-05
-0.0896,51.536,156.18,RX_1759,2.902156897372964e-05
-0.0896,51.536,157.37,RX_1759,2.902156897372964e-05
-0.0897,51.536,155.12,RX_1761,2.518593573551624e-05
-0.0897,51.536,156.42000000000002,RX_1761,2.518593573551624e-05
-0.0897,51.5361,156.71,RX_1763,2.1523191833717257e-05
-0.0897,51.5361,155.68,RX_1763,2.1523191833717257e-05
-0.0898,51.5361,156.86,RX_1765,3.061976234576027e-05
-0.0898,51.5361,159.3,RX_1765,3.061976234576027e-05
-0.0898,51.5362,158.42000000000002,RX_1768,4.1530008474113396e-05
-0.0898,51.5362,156.05,RX_1768,4.1530008474113396e-05
-0.0899,51.5362,155.9,RX_1769,3.075819583368501e-05
-0.0899,51.5362,156.63,RX_1769,3.075819583368501e-05
-0.0899,51.5363,159.32999999999998,RX_1771,2.121611592434852e-05
-0.09,51.5363,159.64,RX_1774,2.4537095802477292e-05
-0.09,51.5363,162.01,RX_1774,2.4537095802477292e-05
-0.09,51.5363,161.57999999999998,RX_1774,2.4537095802477292e-05
-0.09,51.5364,158.66,RX_1775,3.5020261783345706e-05
-0.0901,51.5364,162.47,RX_1778,3.4939338415682025e-05
-0.0901,51.5364,158.13,RX_1778,3.4939338415682025e-05
-0.0901,51.5364,159.53,RX_1778,3.4939338415682025e-05
-0.0902,51.5365,163.49,RX_1781,2.179789849266884e-05
-0.0902,51.5365,163.25,RX_1781,2.179789849266884e-05
-0.0902,51.5365,162.73000000000002,RX_1781,2.179789849266884e-05
-0.0902,51.5365,160.13,RX_1781,2.179789849266884e-05
-0.0903,51.5366,160.2,RX_1786,3.4811560222516776e-05
-0.0903,51.5366,162.72,RX_1786,3.4811560222516776e-05
-0.0903,51.5366,164.65,RX_1786,3.4811560222516776e-05
-0.0903,51.5366,161.32,RX_1786,3.4811560222516776e-05
-0.0904,51.5367,159.07,RX_1790,4.1478758361292876e-05
-0.0904,51.5367,162.65,RX_1790,4.1478758361292876e-05
-0.0904,51.5367,162.29000000000002,RX_1790,4.1478758361292876e-05
-0.0904,51.5367,161.47,RX_1790,4.1478758361292876e-05
-0.0905,51.5368,163.46,RX_1794,1.7369246909722322e-05
-0.0905,51.5368,162.87,RX_1794,1.7369246909722322e-05
-0.0905,51.5368,161.78,RX_1794,1.7369246909722322e-05
-0.0905,51.5368,158.36,RX_1794,1.7369246909722322e-05
-0.0906,51.5369,159.99,RX_1795,8.645955154577904e-07
-0.0906,51.5369,160.67000000000002,RX_1795,8.645955154577904e-07
-0.0906,51.5369,158.61,RX_1795,8.645955154577904e-07
-0.0906,51.5369,159.05,RX_1795,8.645955154577904e-07
-0.0907,51.537,163.43,RX_1799,4.855307970826469e-05
-0.0907,51.537,161.87,RX_1799,4.855307970826469e-05
-0.0907,51.537,159.53,RX_1799,4.855307970826469e-05
-0.0907,51.537,156.18,RX_1799,4.855307970826469e-05
-0.0908,51.5371,156.39,RX_1804,3.09540622483308e-05
-0.0908,51.5371,157.17000000000002,RX_1804,3.09540622483308e-05
-0.0908,51.5371,157.59,RX_1804,3.09540622483308e-05
-0.0909,51.5371,159.76,RX_1806,2.0082992682453465e-05
-0.0909,51.5372,161.75,RX_1808,3.432846286014342e-05
-0.0909,51.5372,164.41,RX_1808,3.432846286014342e-05
-0.0909,51.5372,164.63,RX_1808,3.432846286014342e-05
-0.091,51.5372,162.18,RX_1810,5.02560889108828e-05
-0.091,51.5373,161.29000000000002,RX_1813,4.825588087130179e-05
-0.091,51.5373,164.03,RX_1813,4.825588087130179e-05
-0.091,51.5373,163.99,RX_1813,4.825588087130179e-05
-0.0911,51.5373,164.44,RX_1814,3.803951960007181e-05
-0.0911,51.5374,162.01,RX_1815,1.9501681677317273e-05
-0.0911,51.5374,165.79000000000002,RX_1815,1.9501681677317273e-05
-0.0912,51.5374,163.63,RX_1817,2.835115333663711e-05
-0.0912,51.5374,160.55,RX_1817,2.835115333663711e-05
-0.0912,51.5375,160.88,RX_1819,2.2435212872506316e-05
-0.0912,51.5375,161.44,RX_1819,2.2435212872506316e-05
-0.0913,51.5375,160.48000000000002,RX_1822,4.1699464797935344e-05
-0.0913,51.5375,163.62,RX_1822,4.1699464797935344e-05
-0.0913,51.5376,164.35000000000002,RX_1823,2.4013101670504205e-05
-0.0913,51.5376,162.63,RX_1823,2.4013101670504205e-05
-0.0914,51.5376,163.43,RX_1826,9.817855358918839e-06
-0.0914,51.5376,164.75,RX_1826,9.817855358918839e-06
-0.0914,51.5376,163.22,RX_1826,9.817855358918839e-06
-0.0915,51.5377,161.7,RX_1830,2.5178665981141344e-05
-0.0915,51.5377,160.35000000000002,RX_1830,2.5178665981141344e-05
-0.0915,51.5377,160.9,RX_1830,2.5178665981141344e-05
-0.0915,51.5378,161.68,RX_1831,3.012801706078453e-05
-0.0916,51.5378,157.60000000000002,RX_1834,5.044846587758628e-05
-0.0916,51.5378,161.10000000000002,RX_1834,5.044846587758628e-05
-0.0916,51.5378,163.48000000000002,RX_1834,5.044846587758628e-05
-0.0917,51.5379,164.41,RX_1837,2.959627752272824e-05
-0.0917,51.5379,163.81,RX_1837,2.959627752272824e-05
-0.0917,51.5379,165.48000000000002,RX_1837,2.959627752272824e-05
-0.0917,51.5379,165.36,RX_1837,2.959627752272824e-05
-0.0918,51.5379,163.15,RX_1839,2.656910256135743e-05
-0.0918,51.538,163.01999999999998,RX_1841,1.8883771895250116e-05
-0.0918,51.538,163.4,RX_1841,1.8883771895250116e-05
-0.0918,51.538,162.07999999999998,RX_1841,1.8883771895250116e-05
-0.0919,51.538,163.72,RX_1844,5.248956858209503e-06
-0.0919,51.538,164.34,RX_1844,5.248956858209503e-06
-0.0919,51.5381,166.22,RX_1846,1.6980532663067188e-05
-0.0919,51.5381,163.28,RX_1846,1.6980532663067188e-05
-0.092,51.5381,165.09,RX_1848,3.141009836050996e-05
-0.092,51.5381,163.72,RX_1848,3.141009836050996e-05
-0.092,51.5381,163.35000000000002,RX_1848,3.141009836050996e-05
-0.092,51.5382,163.7,RX_1850,2.1938182029256667e-05
-0.0921,51.5382,162.51999999999998,RX_1851,2.0333986859436952e-05
-0.0921,51.5382,164.56,RX_1851,2.0333986859436952e-05
-0.0921,51.5382,165.39,RX_1851,2.0333986859436952e-05
-0.0921,51.5383,163.98000000000002,RX_1854,3.6502357390429436e-05
-0.0922,51.5383,164.23000000000002,RX_1857,5.136443475819035e-05
-0.0922,51.5383,165.59,RX_1857,5.136443475819035e-05
-0.0922,51.5383,166.7,RX_1857,5.136443475819035e-05
-0.0922,51.5384,164.61,RX_1858,4.262742990370326e-05
-0.0923,51.5384,166.07999999999998,RX_1862,4.674112494426986e-05
-0.0923,51.5384,165.25,RX_1862,4.674112494426986e-05
-0.0923,51.5384,163.97,RX_1862,4.674112494426986e-05
-0.0923,51.5384,163.55,RX_1862,4.674112494426986e-05
-0.0924,51.5385,163.22,RX_1863,3.4401294246096664e-05
-0.0924,51.5385,163.32,RX_1863,3.4401294246096664e-05
-0.0924,51.5385,164.06,RX_1863,3.4401294246096664e-05
-0.0925,51.5385,162.23000000000002,RX_1866,2.4608851168911977e-05
-0.0925,51.5386,163.15,RX_1868,2.1677256523066683e-05
-0.0925,51.5386,163.41,RX_1868,2.1677256523066683e-05
-0.0925,51.5386,164.67000000000002,RX_1868,2.1677256523066683e-05
-0.0926,51.5386,163.9,RX_1870,1.9920614973185378e-05
-0.0926,51.5387,163.67000000000002,RX_1871,2.2998098791440854e-05
-0.0926,51.5387,162.98000000000002,RX_1871,2.2998098791440854e-05
-0.0927,51.5387,162.03,RX_1875,5.846260685385476e-05
-0.0927,51.5387,163.72,RX_1875,5.846260685385476e-05
-0.0927,51.5387,163.67000000000002,RX_1875,5.846260685385476e-05
-0.0928,51.5387,161.44,RX_1876,2.185250871636864e-05
-0.0928,51.5388,162.47,RX_1878,1.227247707111388e-05
-0.0928,51.5388,162.39,RX_1878,1.227247707111388e-05
-0.0929,51.5388,164.85000000000002,RX_1879,4.798195932143235e-05
-0.0929,51.5388,163.69,RX_1879,4.798195932143235e-05
-0.0929,51.5388,165.59,RX_1879,4.798195932143235e-05
-0.093,51.5389,163.16,RX_1882,1.1373981645284403e-05
-0.093,51.5389,164.24,RX_1882,1.1373981645284403e-05
-0.093,51.5389,165.94,RX_1882,1.1373981645284403e-05
-0.0931,51.5389,164.71,RX_1885,5.559293826943696e-05
-0.0931,51.539,164.01999999999998,RX_1887,4.6154769194563945e-05
-0.0931,51.539,162.15,RX_1887,4.6154769194563945e-05
-0.0932,51.539,161.15,RX_1889,3.983455836942308e-05
-0.0932,51.539,161.09,RX_1889,3.983455836942308e-05
-0.0932,51.5391,160.0,RX_1890,4.965037502903541e-05
-0.0933,51.5391,161.65,RX_1892,2.6889210182341583e-05
-0.0933,51.5391,161.48000000000002,RX_1892,2.6889210182341583e-05
-0.0934,51.5391,162.32999999999998,RX_1894,2.4179424990271057e-05
-0.0934,51.5391,162.07999999999998,RX_1894,2.4179424990271057e-05
-0.0934,51.5392,161.48000000000002,RX_1895,9.559316857257023e-06
-0.0935,51.5392,159.72,RX_1896,1.5471527937675393e-05
-0.0935,51.5392,160.32,RX_1896,1.5471527937675393e-05
-0.0936,51.5392,161.49,RX_1898,1.3267970063007219e-05
-0.0936,51.5393,161.85000000000002,RX_1899,1.0580164813418212e-05
-0.0937,51.5393,160.43,RX_1902,1.763712642981362e-05
-0.0937,51.5393,158.73000000000002,RX_1902,1.763712642981362e-05
-0.0937,51.5393,162.26,RX_1902,1.763712642981362e-05
-0.0938,51.5393,161.57,RX_1903,3.6214858507503595e-05
-0.0938,51.5393,162.4,RX_1903,3.6214858507503595e-05
-0.0938,51.5394,161.99,RX_1905,5.130572620821524e-05
-0.0939,51.5394,162.21,RX_1908,4.643388849183228e-05
-0.0939,51.5394,161.15,RX_1908,4.643388849183228e-05
-0.0939,51.5394,163.95,RX_1908,4.643388849183228e-05
-0.094,51.5394,162.3,RX_1909,1.761850154561757e-05
-0.094,51.5395,164.48000000000002,RX_1910,1.2012479844622237e-05
-0.094,51.5395,162.01999999999998,RX_1910,1.2012479844622237e-05
-0.094,51.5395,164.23000000000002,RX_1910,1.2012479844622237e-05
-0.0941,51.5395,163.75,RX_1913,5.379266590801327e-05
-0.0941,51.5395,162.26,RX_1913,5.379266590801327e-05
-0.0941,51.5395,162.28,RX_1913,5.379266590801327e-05
-0.0942,51.5396,160.85000000000002,RX_1919,7.271480987373548e-06
-0.0942,51.5396,161.74,RX_1919,7.271480987373548e-06
-0.0942,51.5396,161.39,RX_1919,7.271480987373548e-06
-0.0942,51.5396,162.93,RX_1919,7.271480987373548e-06
-0.0943,51.5396,161.12,RX_1920,5.892825809896978e-05
-0.0943,51.5397,161.31,RX_1922,4.697647448538773e-05
-0.0943,51.5397,159.82,RX_1922,4.697647448538773e-05
-0.0944,51.5397,161.38,RX_1925,4.010283664006576e-05
-0.0944,51.5397,159.44,RX_1925,4.010283664006576e-05
-0.0944,51.5397,161.2,RX_1925,4.010283664006576e-05
-0.0944,51.5397,160.51999999999998,RX_1925,4.010283664006576e-05
-0.0945,51.5397,161.89,RX_1927,2.294338188320089e-05
-0.0945,51.5398,162.5,RX_1928,2.4542005145599468e-05
-0.0945,51.5398,161.34,RX_1928,2.4542005145599468e-05
-0.0946,51.5398,160.57,RX_1931,1.581886906530392e-05
-0.0946,51.5398,164.0,RX_1931,1.581886906530392e-05
-0.0946,51.5398,163.89,RX_1931,1.581886906530392e-05
-0.0947,51.5399,163.46,RX_1935,2.8137213565237657e-05
-0.0947,51.5399,164.44,RX_1935,2.8137213565237657e-05
-0.0947,51.5399,164.76999999999998,RX_1935,2.8137213565237657e-05
-0.0947,51.5399,165.84,RX_1935,2.8137213565237657e-05
-0.0948,51.5399,166.3,RX_1937,3.355836536096531e-05
-0.0948,51.54,166.28,RX_1938,1.2361925899958623e-05
-0.0948,51.54,166.67000000000002,RX_1938,1.2361925899958623e-05
-0.0949,51.54,166.49,RX_1942,2.1488157279770023e-05
-0.0949,51.54,166.05,RX_1942,2.1488157279770023e-05
-0.0949,51.54,165.97,RX_1942,2.1488157279770023e-05
-0.095,51.5401,166.51,RX_1943,2.5118879292954117e-05
-0.095,51.5401,167.60000000000002,RX_1943,2.5118879292954117e-05
-0.095,51.5401,166.48000000000002,RX_1943,2.5118879292954117e-05
-0.0951,51.5401,165.26,RX_1947,4.429767697888455e-05
-0.0951,51.5401,166.28,RX_1947,4.429767697888455e-05
-0.0952,51.5402,165.96,RX_1949,3.579616434381772e-05
-0.0952,51.5402,166.2,RX_1949,3.579616434381772e-05
-0.0952,51.5402,165.72,RX_1949,3.579616434381772e-05
-0.0953,51.5403,167.26,RX_1952,2.287035319038935e-05
-0.0953,51.5403,167.44,RX_1952,2.287035319038935e-05
-0.0954,51.5403,167.53,RX_1954,4.8881668657199985e-05
-0.0954,51.5403,167.17000000000002,RX_1954,4.8881668657199985e-05
-0.0955,51.5404,167.4,RX_1956,2.8385092966169116e-05
-0.0955,51.5404,169.94,RX_1956,2.8385092966169116e-05
-0.0956,51.5404,168.23000000000002,RX_1957,2.5348908293994927e-05
-0.0956,51.5405,162.65,RX_1960,1.1194903524178979e-05
-0.0956,51.5405,163.78,RX_1960,1.1194903524178979e-05
-0.0956,51.5405,161.14,RX_1960,1.1194903524178979e-05
-0.0956,51.5405,157.24,RX_1960,1.1194903524178979e-05
-0.0957,51.5405,160.31,RX_1963,4.987726188747862e-05
-0.0957,51.5405,158.73000000000002,RX_1963,4.987726188747862e-05
-0.0957,51.5405,160.31,RX_1963,4.987726188747862e-05
-0.0958,51.5406,160.66,RX_1967,5.723312176541515e-05
-0.0958,51.5406,162.15,RX_1967,5.723312176541515e-05
-0.0958,51.5406,161.32,RX_1967,5.723312176541515e-05
-0.0958,51.5406,163.15,RX_1967,5.723312176541515e-05
-0.0959,51.5406,159.81,RX_1970,3.4402302668250326e-05
-0.0959,51.5406,159.78,RX_1970,3.4402302668250326e-05
-0.0959,51.5406,157.51,RX_1970,3.4402302668250326e-05
-0.096,51.5407,160.01999999999998,RX_1972,3.9079028804474895e-05
-0.096,51.5407,159.45,RX_1972,3.9079028804474895e-05
-0.096,51.5407,158.31,RX_1972,3.9079028804474895e-05
-0.0961,51.5407,156.92000000000002,RX_1976,3.48315093075636e-05
-0.0961,51.5407,158.9,RX_1976,3.48315093075636e-05
-0.0962,51.5408,164.14,RX_1979,5.9593158437613523e-05
-0.0962,51.5408,163.64,RX_1979,5.9593158437613523e-05
-0.0962,51.5408,163.13,RX_1979,5.9593158437613523e-05
-0.0963,51.5408,164.41,RX_1980,4.866306205347841e-05
-0.0963,51.5408,164.92000000000002,RX_1980,4.866306205347841e-05
-0.0963,51.5409,165.14,RX_1982,2.9390219244667548e-05
-0.0964,51.5409,166.16,RX_1985,7.890431089943277e-06
-0.0964,51.5409,161.82,RX_1985,7.890431089943277e-06
-0.0964,51.5409,164.23000000000002,RX_1985,7.890431089943277e-06
-0.0965,51.5409,163.46,RX_1986,3.184883180333626e-05
-0.0965,51.541,162.55,RX_1988,5.020236274027334e-05
-0.0965,51.541,162.5,RX_1988,5.020236274027334e-05
-0.0966,51.541,163.97,RX_1990,2.8128061038444985e-05
-0.0966,51.541,164.11,RX_1990,2.8128061038444985e-05
-0.0966,51.541,161.92000000000002,RX_1990,2.8128061038444985e-05
-0.0967,51.541,161.88,RX_1992,2.683614701851118e-05
-0.0967,51.5411,162.43,RX_1994,4.635124195786455e-05
-0.0967,51.5411,164.18,RX_1994,4.635124195786455e-05
-0.0968,51.5411,161.92000000000002,RX_1996,1.281302480337557e-05
-0.0968,51.5411,163.25,RX_1996,1.281302480337557e-05
-0.0968,51.5411,162.85000000000002,RX_1996,1.281302480337557e-05
-0.0969,51.5412,162.89,RX_2000,4.086542376416472e-05
-0.0969,51.5412,162.65,RX_2000,4.086542376416472e-05
-0.0969,51.5412,162.51,RX_2000,4.086542376416472e-05
-0.097,51.5412,161.54000000000002,RX_2001,4.192231487609536e-05
-0.097,51.5412,159.32,RX_2001,4.192231487609536e-05
-0.097,51.5412,160.74,RX_2001,4.192231487609536e-05
-0.0971,51.5413,160.67000000000002,RX_2004,3.329003292264157e-05
-0.0971,51.5413,159.2,RX_2004,3.329003292264157e-05
-0.0971,51.5413,158.68,RX_2004,3.329003292264157e-05
-0.0972,51.5413,160.24,RX_2007,1.438054987631964e-05
-0.0972,51.5413,162.23000000000002,RX_2007,1.438054987631964e-05
-0.0972,51.5414,158.51999999999998,RX_2009,3.480037098668546e-05
-0.0973,51.5414,160.46,RX_2010,2.52701048614072e-05
-0.0973,51.5414,158.28,RX_2010,2.52701048614072e-05
-0.0973,51.5414,159.07999999999998,RX_2010,2.52701048614072e-05
-0.0974,51.5414,159.56,RX_2013,2.33466950580177e-05
-0.0974,51.5415,161.63,RX_2014,4.614779821604062e-05
-0.0975,51.5415,161.57,RX_2017,5.438164296561596e-05
-0.0975,51.5415,161.19,RX_2017,5.438164296561596e-05
-0.0975,51.5415,160.06,RX_2017,5.438164296561596e-05
-0.0976,51.5415,160.12,RX_2018,4.967467886087285e-05
-0.0976,51.5416,160.48000000000002,RX_2019,2.7030313007802305e-05
-0.0977,51.5416,160.75,RX_2021,2.757821480844862e-06
-0.0977,51.5416,161.01,RX_2021,2.757821480844862e-06
-0.0977,51.5416,159.19,RX_2021,2.757821480844862e-06
-0.0978,51.5416,160.93,RX_2023,3.887073598380053e-05
-0.0978,51.5417,159.57999999999998,RX_2024,6.006603277464186e-05
-0.0978,51.5417,159.87,RX_2024,6.006603277464186e-05
-0.0979,51.5417,160.9,RX_2026,1.3095171143177035e-05
-0.0979,51.5417,159.55,RX_2026,1.3095171143177035e-05
-0.0979,51.5417,160.71,RX_2026,1.3095171143177035e-05
-0.098,51.5417,161.37,RX_2029,4.416000575690362e-05
-0.098,51.5418,160.31,RX_2031,5.430470183277166e-05
-0.098,51.5418,162.09,RX_2031,5.430470183277166e-05
-0.0981,51.5418,161.74,RX_2032,1.2674415659281457e-05
-0.0981,51.5418,161.42000000000002,RX_2032,1.2674415659281457e-05
-0.0981,51.5418,159.8,RX_2032,1.2674415659281457e-05
-0.0982,51.5419,160.43,RX_2036,9.387889860155141e-06
-0.0982,51.5419,162.07,RX_2036,9.387889860155141e-06
-0.0983,51.5419,161.32999999999998,RX_2039,4.588782491636537e-05
-0.0983,51.5419,161.42000000000002,RX_2039,4.588782491636537e-05
-0.0983,51.5419,161.97,RX_2039,4.588782491636537e-05
-0.0984,51.542,163.22,RX_2041,4.7648968314361225e-05
-0.0984,51.542,161.88,RX_2041,4.7648968314361225e-05
-0.0984,51.542,162.17000000000002,RX_2041,4.7648968314361225e-05
-0.0985,51.542,161.4,RX_2043,5.734452468728446e-05
-0.0985,51.542,162.60000000000002,RX_2043,5.734452468728446e-05
-0.0985,51.5421,162.82,RX_2045,3.937513255488548e-05
-0.0986,51.5421,162.21,RX_2048,4.692999182036522e-05
-0.0986,51.5421,163.23000000000002,RX_2048,4.692999182036522e-05
-0.0986,51.5421,166.09,RX_2048,4.692999182036522e-05
-0.0987,51.5421,165.78,RX_2050,4.49745537154817e-05
-0.0987,51.5421,164.89,RX_2050,4.49745537154817e-05
-0.0987,51.5422,162.78,RX_2051,1.875308543810321e-05
-0.0988,51.5422,164.48000000000002,RX_2054,7.094160643473797e-06
-0.0988,51.5422,164.64,RX_2054,7.094160643473797e-06
-0.0988,51.5422,164.12,RX_2054,7.094160643473797e-06
-0.0989,51.5422,162.79000000000002,RX_2056,1.408013346757305e-05
-0.0989,51.5422,163.3,RX_2056,1.408013346757305e-05
-0.0989,51.5423,162.59,RX_2057,4.09118457904643e-05
-0.099,51.5423,161.72,RX_2059,5.0435166002734e-05
-0.099,51.5423,163.22,RX_2059,5.0435166002734e-05
-0.099,51.5423,157.93,RX_2059,5.0435166002734e-05
-0.0991,51.5423,158.74,RX_2061,1.0040963995037521e-05
-0.0991,51.5424,163.03,RX_2062,1.7360531156313573e-05
-0.0992,51.5424,161.93,RX_2063,5.475692428028114e-05
-0.0992,51.5424,163.53,RX_2063,5.475692428028114e-05
-0.0992,51.5424,164.86,RX_2063,5.475692428028114e-05
-0.0993,51.5424,163.42000000000002,RX_2066,5.411799667341837e-06
-0.0993,51.5425,163.56,RX_2067,3.304495856108384e-05
-0.0993,51.5425,165.01,RX_2067,3.304495856108384e-05
-0.0994,51.5425,163.09,RX_2071,2.0239569908109817e-05
-0.0994,51.5425,165.34,RX_2071,2.0239569908109817e-05
-0.0994,51.5425,166.41,RX_2071,2.0239569908109817e-05
-0.0995,51.5425,166.56,RX_2072,5.886939299975907e-05
-0.0995,51.5426,165.04000000000002,RX_2074,3.494556528916587e-05
-0.0995,51.5426,164.21,RX_2074,3.494556528916587e-05
-0.0996,51.5426,161.9,RX_2075,5.3810327418025114e-05
-0.0996,51.5426,160.06,RX_2075,5.3810327418025114e-05
-0.0997,51.5426,161.64,RX_2078,3.0452709956241205e-05
-0.0997,51.5426,163.04000000000002,RX_2078,3.0452709956241205e-05
-0.0997,51.5427,163.63,RX_2079,5.883951362885615e-05
-0.0998,51.5427,162.32,RX_2081,4.445659465207253e-05
-0.0998,51.5427,162.51,RX_2081,4.445659465207253e-05
-0.0998,51.5427,162.76999999999998,RX_2081,4.445659465207253e-05
-0.0999,51.5427,163.01,RX_2083,3.957622508238502e-05
-0.0999,51.5428,164.41,RX_2084,5.288822762286809e-05
-0.0999,51.5428,163.25,RX_2084,5.288822762286809e-05
-0.1,51.5428,163.91,RX_2087,4.804114433632947e-05
-0.1,51.5428,161.92000000000002,RX_2087,4.804114433632947e-05
-0.1,51.5428,161.32999999999998,RX_2087,4.804114433632947e-05
-0.1,51.5429,161.22,RX_2089,1.806981384942407e-05
-0.1001,51.5429,162.64,RX_2092,4.151309827301536e-06
-0.1001,51.5429,160.63,RX_2092,4.151309827301536e-06
-0.1001,51.5429,160.36,RX_2092,4.151309827301536e-06
-0.1001,51.543,160.63,RX_2093,2.7466678984185727e-05
-0.1001,51.543,159.82999999999998,RX_2093,2.7466678984185727e-05
-0.1002,51.543,161.60000000000002,RX_2095,5.162044344124867e-05
-0.1002,51.543,160.99,RX_2095,5.162044344124867e-05
-0.1002,51.5431,159.15,RX_2100,3.997610313575806e-05
-0.1002,51.5431,159.85000000000002,RX_2100,3.997610313575806e-05
-0.1002,51.5431,160.53,RX_2100,3.997610313575806e-05
-0.1002,51.5431,161.15,RX_2100,3.997610313575806e-05
-0.1002,51.5432,161.49,RX_2102,9.063612173158639e-06
-0.1002,51.5432,160.89,RX_2102,9.063612173158639e-06
-0.1003,51.5432,160.94,RX_2103,2.530180295697999e-05
-0.1003,51.5432,160.69,RX_2103,2.530180295697999e-05
-0.1003,51.5433,159.78,RX_2105,5.6592452257451835e-05
-0.1003,51.5433,160.7,RX_2105,5.6592452257451835e-05
-0.1003,51.5433,159.99,RX_2105,5.6592452257451835e-05
-0.1003,51.5433,160.91,RX_2105,5.6592452257451835e-05
-0.1003,51.5434,159.48000000000002,RX_2109,3.4668217838163856e-05
-0.1004,51.5434,160.74,RX_2110,1.1581363126713772e-05
-0.1004,51.5434,159.75,RX_2110,1.1581363126713772e-05
-0.1004,51.5434,160.57999999999998,RX_2110,1.1581363126713772e-05
-0.1004,51.5435,159.57,RX_2113,4.206812373060571e-05
-0.1005,51.5435,159.46,RX_2114,2.635167581317112e-05
-0.1005,51.5435,158.94,RX_2114,2.635167581317112e-05
-0.1005,51.5435,160.44,RX_2114,2.635167581317112e-05
-0.1005,51.5436,159.26999999999998,RX_2117,9.55843064236329e-06
-0.1006,51.5436,159.49,RX_2119,5.340012708019323e-05
-0.1006,51.5436,159.94,RX_2119,5.340012708019323e-05
-0.1006,51.5437,159.03,RX_2121,2.01653896867535e-05
-0.1006,51.5437,160.11,RX_2121,2.01653896867535e-05
-0.1007,51.5437,161.89,RX_2124,5.447675083221533e-05
-0.1007,51.5437,163.76999999999998,RX_2124,5.447675083221533e-05
-0.1007,51.5437,162.82999999999998,RX_2124,5.447675083221533e-05
-0.1007,51.5438,162.28,RX_2127,3.7819087792125774e-05
-0.1007,51.5438,163.95,RX_2127,3.7819087792125774e-05
-0.1007,51.5438,162.15,RX_2127,3.7819087792125774e-05
-0.1008,51.5439,162.44,RX_2129,4.1799345468519044e-05
-0.1008,51.5439,163.22,RX_2129,4.1799345468519044e-05
-0.1008,51.5439,163.0,RX_2129,4.1799345468519044e-05
-0.1008,51.5439,163.91,RX_2129,4.1799345468519044e-05
-0.1008,51.544,164.51999999999998,RX_2134,1.0228975359822111e-05
-0.1008,51.544,165.19,RX_2134,1.0228975359822111e-05
-0.1008,51.544,165.07999999999998,RX_2134,1.0228975359822111e-05
-0.1009,51.544,163.74,RX_2135,3.879106215089134e-05
-0.1009,51.5441,164.18,RX_2138,7.879832948782791e-06
-0.1009,51.5441,165.09,RX_2138,7.879832948782791e-06
-0.1009,51.5441,164.54000000000002,RX_2138,7.879832948782791e-06
-0.1009,51.5442,164.64,RX_2141,3.06966521257873e-05
-0.1009,51.5442,164.64,RX_2141,3.06966521257873e-05
-0.1009,51.5442,165.5,RX_2141,3.06966521257873e-05
-0.101,51.5443,162.96,RX_2142,4.5683134342485246e-05
-0.101,51.5443,166.07999999999998,RX_2142,4.5683134342485246e-05
-0.101,51.5443,166.56,RX_2142,4.5683134342485246e-05
-0.101,51.5443,166.46,RX_2142,4.5683134342485246e-05
-0.101,51.5444,164.65,RX_2147,4.2283630711633665e-05
-0.101,51.5444,166.55,RX_2147,4.2283630711633665e-05
-0.1011,51.5444,166.91,RX_2149,5.224053144043271e-05
-0.1011,51.5444,165.86,RX_2149,5.224053144043271e-05
-0.1011,51.5445,168.26999999999998,RX_2150,1.8394406628241953e-05
-0.1011,51.5445,165.25,RX_2150,1.8394406628241953e-05
-0.1012,51.5445,164.14,RX_2152,1.8139940863827586e-05
-0.1012,51.5445,165.16,RX_2152,1.8139940863827586e-05
-0.1012,51.5446,163.25,RX_2154,2.1480373670839514e-05
-0.1013,51.5446,164.19,RX_2155,2.921720909538214e-05
-0.1013,51.5446,164.78,RX_2155,2.921720909538214e-05
-0.1013,51.5446,163.53,RX_2155,2.921720909538214e-05
-0.1013,51.5446,162.68,RX_2155,2.921720909538214e-05
-0.1014,51.5446,162.34,RX_2159,4.9477074367214177e-05
-0.1014,51.5447,162.51,RX_2161,3.750626218158652e-05
-0.1014,51.5447,161.96,RX_2161,3.750626218158652e-05
-0.1015,51.5447,160.64,RX_2163,1.1915799591919284e-05
-0.1015,51.5447,162.03,RX_2163,1.1915799591919284e-05
-0.1015,51.5448,162.17000000000002,RX_2164,2.8474147076605498e-05
-0.1015,51.5448,162.37,RX_2164,2.8474147076605498e-05
-0.1016,51.5448,160.76,RX_2167,5.5687950582831095e-05
-0.1016,51.5448,161.71,RX_2167,5.5687950582831095e-05
-0.1016,51.5449,164.10000000000002,RX_2168,1.8866821580366736e-05
-0.1017,51.5449,161.84,RX_2169,3.319386935178401e-05
-0.1017,51.5449,161.10000000000002,RX_2169,3.319386935178401e-05
-0.1017,51.5449,161.57999999999998,RX_2169,3.319386935178401e-05
-0.1018,51.545,162.23000000000002,RX_2174,1.2248055107961533e-05
-0.1018,51.545,163.36,RX_2174,1.2248055107961533e-05
-0.1018,51.545,163.14,RX_2174,1.2248055107961533e-05
-0.1019,51.545,165.25,RX_2175,5.0954393175305614e-05
-0.1019,51.5451,164.65,RX_2178,1.579144224128883e-05
-0.1019,51.5451,164.09,RX_2178,1.579144224128883e-05
-0.1019,51.5451,163.76,RX_2178,1.579144224128883e-05
-0.102,51.5452,162.55,RX_2181,2.020472935400354e-05
-0.102,51.5452,163.86,RX_2181,2.020472935400354e-05
-0.102,51.5452,164.37,RX_2181,2.020472935400354e-05
-0.1021,51.5452,162.42000000000002,RX_2182,5.570028440258493e-05
-0.1021,51.5453,162.91,RX_2183,1.5846708882736315e-05
-0.1021,51.5453,164.04000000000002,RX_2183,1.5846708882736315e-05
-0.1021,51.5453,163.59,RX_2183,1.5846708882736315e-05
-0.1021,51.5454,163.91,RX_2187,2.4182433723473874e-05
-0.1021,51.5454,163.65,RX_2187,2.4182433723473874e-05
-0.1021,51.5454,162.12,RX_2187,2.4182433723473874e-05
-0.1022,51.5455,163.87,RX_2189,3.780121445273344e-05
-0.1022,51.5455,162.32,RX_2189,3.780121445273344e-05
-0.1023,51.5455,162.81,RX_2192,2.6082702716470624e-05
-0.1023,51.5455,161.41,RX_2192,2.6082702716470624e-05
-0.1023,51.5455,162.48000000000002,RX_2192,2.6082702716470624e-05
-0.1023,51.5455,160.59,RX_2192,2.6082702716470624e-05
-0.1024,51.5455,161.64,RX_2195,1.68870169444411e-05
-0.1024,51.5455,164.35000000000002,RX_2195,1.68870169444411e-05
-0.1025,51.5455,164.32,RX_2197,3.226343907917723e-05
-0.1026,51.5455,163.60000000000002,RX_2198,3.4394055912923125e-05
-0.1026,51.5455,164.67000000000002,RX_2198,3.4394055912923125e-05
-0.1026,51.5455,163.17000000000002,RX_2198,3.4394055912923125e-05
-0.1027,51.5455,161.35000000000002,RX_2201,5.831932962630027e-05
-0.1027,51.5456,162.5,RX_2202,3.1688412111069925e-05
-0.1028,51.5456,161.82,RX_2203,2.5269783945437386e-05
-0.1028,51.5456,162.87,RX_2203,2.5269783945437386e-05
-0.1029,51.5456,162.18,RX_2206,5.3023234541983014e-05
-0.1029,51.5456,158.96,RX_2206,5.3023234541983014e-05
-0.1029,51.5456,162.98000000000002,RX_2206,5.3023234541983014e-05
-0.103,51.5456,164.41,RX_2208,2.6678941237415138e-05
-0.1031,51.5456,165.01,RX_2209,4.2105490079575165e-05
-0.1031,51.5456,162.42000000000002,RX_2209,4.2105490079575165e-05
-0.1031,51.5456,160.64,RX_2209,4.2105490079575165e-05
-0.1031,51.5457,161.38,RX_2214,4.5095776998310576e-05
-0.1031,51.5457,160.34,RX_2214,4.5095776998310576e-05
-0.1031,51.5457,162.28,RX_2214,4.5095776998310576e-05
-0.1031,51.5457,161.2,RX_2214,4.5095776998310576e-05
-0.1031,51.5457,162.22,RX_2214,4.5095776998310576e-05
-0.1031,51.5457,161.76,RX_2214,4.5095776998310576e-05
-0.1031,51.5458,161.56,RX_2221,5.327651233165805e-06
-0.1031,51.5458,160.95,RX_2221,5.327651233165805e-06
-0.1031,51.5458,159.34,RX_2221,5.327651233165805e-06
-0.1031,51.5458,158.95,RX_2221,5.327651233165805e-06
-0.1031,51.5459,158.62,RX_2224,4.3153368637328133e-05
-0.1031,51.5459,162.19,RX_2224,4.3153368637328133e-05
-0.1031,51.5459,160.37,RX_2224,4.3153368637328133e-05
-0.1031,51.546,160.8,RX_2225,4.257864015525698e-05
-0.1031,51.546,160.87,RX_2225,4.257864015525698e-05
-0.1031,51.546,162.44,RX_2225,4.257864015525698e-05
-0.1031,51.5461,159.07,RX_2228,2.7084069936707083e-06
-0.103,51.5461,156.46,RX_2229,6.248754464460927e-05
-0.103,51.5461,156.43,RX_2229,6.248754464460927e-05
-0.103,51.5461,155.82,RX_2229,6.248754464460927e-05
-0.1029,51.5461,158.07,RX_2234,1.192467167085513e-05
-0.1029,51.5461,156.31,RX_2234,1.192467167085513e-05
-0.1029,51.5461,154.78,RX_2234,1.192467167085513e-05
-0.1028,51.5461,159.5,RX_2236,3.5809121947278734e-05
-0.1028,51.5461,161.26,RX_2236,3.5809121947278734e-05
-0.1027,51.5461,158.19,RX_2237,5.6089539521834955e-05
-0.1027,51.5461,159.82,RX_2237,5.6089539521834955e-05
-0.1026,51.5461,158.91,RX_2239,3.0512338892360682e-05
-0.1026,51.5461,158.82,RX_2239,3.0512338892360682e-05
-0.1025,51.5461,163.09,RX_2241,2.899083657806899e-05
-0.1024,51.5461,163.16,RX_2242,1.0832417105015426e-05
-0.1023,51.5461,165.35000000000002,RX_2244,2.0175815234847286e-05
-0.1023,51.5461,164.21,RX_2244,2.0175815234847286e-05
-0.1022,51.5461,163.3,RX_2245,3.103041362907173e-05
-0.1022,51.5461,163.48000000000002,RX_2245,3.103041362907173e-05
-0.1022,51.5461,164.05,RX_2245,3.103041362907173e-05
-0.1021,51.5461,165.84,RX_2250,5.07852645205326e-05
-0.1021,51.5461,164.78,RX_2250,5.07852645205326e-05
-0.1021,51.5461,166.59,RX_2250,5.07852645205326e-05
-0.102,51.5461,165.28,RX_2252,3.926652143373151e-05
-0.102,51.5461,163.26999999999998,RX_2252,3.926652143373151e-05
-0.1019,51.5461,167.64,RX_2254,8.87061540706084e-06
-0.1019,51.5461,168.06,RX_2254,8.87061540706084e-06
-0.1018,51.5461,168.98000000000002,RX_2255,5.594612945372369e-05
-0.1018,51.5461,169.34,RX_2255,5.594612945372369e-05
-0.1018,51.5461,168.91,RX_2255,5.594612945372369e-05
-0.1017,51.5462,168.14,RX_2259,3.3603189493719344e-05
-0.1017,51.5462,171.06,RX_2259,3.3603189493719344e-05
-0.1016,51.5462,168.56,RX_2260,1.9648470842294314e-05
-0.1016,51.5462,167.0,RX_2260,1.9648470842294314e-05
-0.1015,51.5462,167.42000000000002,RX_2262,6.033789672981651e-05
-0.1015,51.5462,166.37,RX_2262,6.033789672981651e-05
-0.1014,51.5462,170.12,RX_2265,2.9601515957180894e-05
-0.1014,51.5462,170.17000000000002,RX_2265,2.9601515957180894e-05
-0.1014,51.5462,165.53,RX_2265,2.9601515957180894e-05
-0.1013,51.5462,170.46,RX_2267,6.793154095898966e-06
-0.1013,51.5462,167.49,RX_2267,6.793154095898966e-06
-0.1012,51.5462,166.3,RX_2269,9.938483070800679e-06
-0.1011,51.5462,167.57,RX_2270,1.7428116776785785e-05
-0.1011,51.5462,167.71,RX_2270,1.7428116776785785e-05
-0.1011,51.5462,167.93,RX_2270,1.7428116776785785e-05
-0.101,51.5462,166.57,RX_2273,1.0575591416916747e-05
-0.101,51.5462,166.84,RX_2273,1.0575591416916747e-05
-0.1009,51.5462,164.28,RX_2276,6.287817937313995e-06
-0.1009,51.5462,166.74,RX_2276,6.287817937313995e-06
-0.1009,51.5462,165.71,RX_2276,6.287817937313995e-06
-0.1008,51.5462,165.8,RX_2279,3.162931700377287e-05
-0.1008,51.5462,165.84,RX_2279,3.162931700377287e-05
-0.1007,51.5462,167.91,RX_2280,5.820718244084391e-05
-0.1007,51.5462,166.45,RX_2280,5.820718244084391e-05
-0.1006,51.5463,168.37,RX_2282,2.1545049859578557e-05
-0.1006,51.5463,169.89,RX_2282,2.1545049859578557e-05
-0.1005,51.5463,165.10000000000002,RX_2284,4.9144474961424936e-05
-0.1005,51.5463,167.78,RX_2284,4.9144474961424936e-05
-0.1005,51.5463,170.28,RX_2284,4.9144474961424936e-05
-0.1004,51.5463,169.07999999999998,RX_2287,1.6107107172316733e-05
-0.1004,51.5463,167.51,RX_2287,1.6107107172316733e-05
-0.1003,51.5463,169.76999999999998,RX_2290,3.7029160047928714e-05
-0.1003,51.5463,168.95,RX_2290,3.7029160047928714e-05
-0.1002,51.5463,168.56,RX_2292,4.419980473078927e-05
-0.1002,51.5463,169.18,RX_2292,4.419980473078927e-05
-0.1002,51.5464,166.43,RX_2293,4.266491625995733e-05
-0.1001,51.5464,170.60000000000002,RX_2295,4.786298344068913e-05
-0.1001,51.5464,169.66,RX_2295,4.786298344068913e-05
-0.1,51.5464,170.42000000000002,RX_2297,2.5449136790621138e-05
-0.1,51.5464,169.01999999999998,RX_2297,2.5449136790621138e-05
-0.0999,51.5464,168.64,RX_2298,1.2513646071906811e-05
-0.0999,51.5464,169.97,RX_2298,1.2513646071906811e-05
-0.0999,51.5464,168.11,RX_2298,1.2513646071906811e-05
-0.0998,51.5464,167.41,RX_2302,9.210504445961704e-06
-0.0998,51.5464,167.34,RX_2302,9.210504445961704e-06
-0.0997,51.5465,169.7,RX_2304,5.035992936893789e-05
-0.0997,51.5465,167.32999999999998,RX_2304,5.035992936893789e-05
-0.0996,51.5465,165.76,RX_2305,5.7474540649716754e-05
-0.0996,51.5465,168.51999999999998,RX_2305,5.7474540649716754e-05
-0.0995,51.5465,170.99,RX_2309,3.25317109517638e-05
-0.0995,51.5465,168.24,RX_2309,3.25317109517638e-05
-0.0995,51.5465,165.86,RX_2309,3.25317109517638e-05
-0.0994,51.5465,168.15,RX_2310,4.100631962492585e-06
-0.0993,51.5465,169.34,RX_2311,4.6291359444383865e-05
-0.0993,51.5465,170.09,RX_2311,4.6291359444383865e-05
-0.0992,51.5466,169.51999999999998,RX_2313,1.1101227105337512e-05
-0.0992,51.5466,168.92000000000002,RX_2313,1.1101227105337512e-05
-0.0991,51.5466,168.62,RX_2315,4.841942152686875e-05
-0.0991,51.5466,168.82,RX_2315,4.841942152686875e-05
-0.099,51.5466,168.14,RX_2318,2.384271042195291e-05
-0.099,51.5466,166.97,RX_2318,2.384271042195291e-05
-0.0989,51.5466,167.03,RX_2319,1.6678546926427377e-05
-0.0988,51.5467,168.24,RX_2323,1.4853301988393209e-05
-0.0988,51.5467,168.48000000000002,RX_2323,1.4853301988393209e-05
-0.0988,51.5467,169.78,RX_2323,1.4853301988393209e-05
-0.0988,51.5467,167.93,RX_2323,1.4853301988393209e-05
-0.0987,51.5467,168.49,RX_2326,3.6530368194386185e-05
-0.0987,51.5467,167.71,RX_2326,3.6530368194386185e-05
-0.0987,51.5467,166.05,RX_2326,3.6530368194386185e-05
-0.0986,51.5467,165.25,RX_2327,4.875458199744051e-05
-0.0986,51.5467,162.26999999999998,RX_2327,4.875458199744051e-05
-0.0985,51.5467,166.41,RX_2329,5.144487354301544e-05
-0.0985,51.5467,168.64,RX_2329,5.144487354301544e-05
-0.0985,51.5468,165.42000000000002,RX_2331,1.9139054160828773e-05
-0.0984,51.5468,165.7,RX_2333,1.2533717625235828e-05
-0.0984,51.5468,165.57,RX_2333,1.2533717625235828e-05
-0.0984,51.5468,166.74,RX_2333,1.2533717625235828e-05
-0.0983,51.5468,166.62,RX_2336,3.585244830225045e-06
-0.0983,51.5468,168.92000000000002,RX_2336,3.585244830225045e-06
-0.0982,51.5468,166.35000000000002,RX_2337,2.915039058367713e-05
-0.0982,51.5468,166.03,RX_2337,2.915039058367713e-05
-0.0982,51.5468,166.8,RX_2337,2.915039058367713e-05
-0.0981,51.5469,165.32999999999998,RX_2341,2.642062230529381e-05
-0.0981,51.5469,165.82,RX_2341,2.642062230529381e-05
-0.098,51.5469,167.04000000000002,RX_2343,1.8048663823264614e-05
-0.098,51.5469,164.85000000000002,RX_2343,1.8048663823264614e-05
-0.098,51.5469,166.63,RX_2343,1.8048663823264614e-05
-0.0979,51.5469,167.01999999999998,RX_2346,5.032909307885356e-05
-0.0979,51.5469,164.36,RX_2346,5.032909307885356e-05
-0.0978,51.5469,161.42000000000002,RX_2347,1.305359840555906e-05
-0.0978,51.5469,162.48000000000002,RX_2347,1.305359840555906e-05
-0.0977,51.547,163.87,RX_2351,5.7085280980500085e-06
-0.0977,51.547,165.10000000000002,RX_2351,5.7085280980500085e-06
-0.0977,51.547,164.69,RX_2351,5.7085280980500085e-06
-0.0976,51.547,163.96,RX_2352,4.556650950207401e-05
-0.0976,51.547,166.0,RX_2352,4.556650950207401e-05
-0.0975,51.547,166.86,RX_2354,4.6338476829976764e-05
-0.0975,51.547,167.21,RX_2354,4.6338476829976764e-05
-0.0974,51.547,164.81,RX_2356,2.516597217246446e-05
-0.0974,51.5471,164.5,RX_2358,5.5432883772360396e-05
-0.0974,51.5471,162.78,RX_2358,5.5432883772360396e-05
-0.0973,51.5471,167.25,RX_2360,4.433746668851944e-05
-0.0973,51.5471,167.06,RX_2360,4.433746668851944e-05
-0.0972,51.5471,166.07999999999998,RX_2362,4.162207969433657e-05
-0.0972,51.5471,167.98000000000002,RX_2362,4.162207969433657e-05
-0.0971,51.5471,166.67000000000002,RX_2363,4.8720062729810056e-05
-0.0971,51.5472,168.26999999999998,RX_2364,4.412865334941381e-05
-0.0971,51.5472,166.92000000000002,RX_2364,4.412865334941381e-05
-0.097,51.5472,168.92000000000002,RX_2366,2.7331617905824865e-05
-0.097,51.5472,166.54000000000002,RX_2366,2.7331617905824865e-05
-0.0969,51.5472,168.32,RX_2368,1.2350009655526166e-06
-0.0969,51.5472,168.06,RX_2368,1.2350009655526166e-06
-0.0969,51.5472,169.53,RX_2368,1.2350009655526166e-06
-0.0968,51.5472,168.78,RX_2371,3.461011137428192e-05
-0.0968,51.5472,168.11,RX_2371,3.461011137428192e-05
-0.0967,51.5472,170.87,RX_2373,4.272141777723984e-05
-0.0967,51.5473,171.57999999999998,RX_2374,1.3789442754048908e-05
-0.0966,51.5473,173.7,RX_2375,4.0813976017401994e-05
-0.0966,51.5473,172.95,RX_2375,4.0813976017401994e-05
-0.0965,51.5473,170.87,RX_2379,1.7756421822817223e-05
-0.0965,51.5473,171.86,RX_2379,1.7756421822817223e-05
-0.0965,51.5473,170.78,RX_2379,1.7756421822817223e-05
-0.0964,51.5473,169.49,RX_2380,5.654863552887865e-05
-0.0964,51.5473,171.82999999999998,RX_2380,5.654863552887865e-05
-0.0963,51.5473,170.97,RX_2382,1.859269542490793e-05
-0.0963,51.5473,171.39,RX_2382,1.859269542490793e-05
-0.0962,51.5473,171.96,RX_2385,1.4114508122280233e-05
-0.0962,51.5473,172.81,RX_2385,1.4114508122280233e-05
-0.0961,51.5473,174.05,RX_2387,3.396763111920228e-05
-0.0961,51.5473,172.95,RX_2387,3.396763111920228e-05
-0.0961,51.5473,170.66,RX_2387,3.396763111920228e-05
-0.096,51.5473,172.49,RX_2389,4.53250353416783e-05
-0.096,51.5473,173.72,RX_2389,4.53250353416783e-05
-0.0959,51.5473,173.76,RX_2392,4.7563375388673134e-05
-0.0959,51.5473,173.0,RX_2392,4.7563375388673134e-05
-0.0958,51.5473,174.07,RX_2393,3.8386179943999745e-05
-0.0958,51.5472,173.11,RX_2394,5.7281229812029835e-05
-0.0957,51.5472,173.94,RX_2395,4.704199341327571e-05
-0.0957,51.5472,172.09,RX_2395,4.704199341327571e-05
-0.0956,51.5472,173.62,RX_2399,2.110636519727213e-05
-0.0956,51.5472,173.51,RX_2399,2.110636519727213e-05
-0.0956,51.5472,173.28,RX_2399,2.110636519727213e-05
-0.0955,51.5472,172.18,RX_2401,2.0206932512555593e-05
-0.0955,51.5472,172.67000000000002,RX_2401,2.0206932512555593e-05
-0.0954,51.5472,172.09,RX_2402,5.9160523393647544e-05
-0.0954,51.5472,171.5,RX_2402,5.9160523393647544e-05
-0.0953,51.5472,172.44,RX_2404,3.4953353121827673e-06
-0.0953,51.5472,171.13,RX_2404,3.4953353121827673e-06
-0.0952,51.5472,170.03,RX_2406,5.936612839691693e-05
-0.0952,51.5472,168.11,RX_2406,5.936612839691693e-05
-0.0952,51.5472,170.38,RX_2406,5.936612839691693e-05
-0.0951,51.5472,171.8,RX_2409,1.6793462649618262e-05
-0.0951,51.5472,170.57,RX_2409,1.6793462649618262e-05
-0.095,51.5472,172.01999999999998,RX_2411,2.380788612049958e-05
-0.095,51.5472,170.35000000000002,RX_2411,2.380788612049958e-05
-0.0949,51.5472,171.22,RX_2413,5.2290955044069716e-05
-0.0949,51.5472,169.9,RX_2413,5.2290955044069716e-05
-0.0948,51.5472,169.99,RX_2415,5.3306520669711414e-05
-0.0948,51.5472,168.44,RX_2415,5.3306520669711414e-05
-0.0947,51.5472,169.07,RX_2418,4.834288172211725e-05
-0.0947,51.5472,167.10000000000002,RX_2418,4.834288172211725e-05
-0.0946,51.5472,168.11,RX_2420,4.391205369776727e-05
-0.0946,51.5472,170.14,RX_2420,4.391205369776727e-05
-0.0945,51.5472,169.46,RX_2422,5.980997442286136e-05
-0.0945,51.5472,169.48000000000002,RX_2422,5.980997442286136e-05
-0.0945,51.5472,169.14,RX_2422,5.980997442286136e-05
-0.0944,51.5472,167.78,RX_2424,4.9295299524998217e-05
-0.0944,51.5472,165.99,RX_2424,4.9295299524998217e-05
-0.0943,51.5472,164.29000000000002,RX_2426,2.935516575922596e-05
-0.0943,51.5472,166.97,RX_2426,2.935516575922596e-05
-0.0942,51.5472,168.98000000000002,RX_2429,1.898904471604951e-05
-0.0942,51.5472,168.54000000000002,RX_2429,1.898904471604951e-05
-0.0941,51.5472,169.05,RX_2430,5.977830187460315e-05
-0.0941,51.5472,168.66,RX_2430,5.977830187460315e-05
-0.094,51.5472,171.67000000000002,RX_2434,9.294725536942206e-06
-0.094,51.5472,170.55,RX_2434,9.294725536942206e-06
-0.094,51.5472,170.94,RX_2434,9.294725536942206e-06
-0.0939,51.5472,172.68,RX_2435,5.7226474442987465e-05
-0.0939,51.5472,169.57,RX_2435,5.7226474442987465e-05
-0.0938,51.5472,166.34,RX_2438,2.4634998971145387e-05
-0.0938,51.5472,163.82,RX_2438,2.4634998971145387e-05
-0.0937,51.5472,166.60000000000002,RX_2440,1.9802502945082033e-05
-0.0937,51.5472,169.15,RX_2440,1.9802502945082033e-05
-0.0936,51.5472,171.36,RX_2441,4.342462246296e-05
-0.0936,51.5472,171.86,RX_2441,4.342462246296e-05
-0.0935,51.5472,169.43,RX_2444,6.09643264177655e-05
-0.0935,51.5472,166.44,RX_2444,6.09643264177655e-05
-0.0934,51.5472,166.34,RX_2447,5.695937641059816e-05
-0.0934,51.5472,165.32999999999998,RX_2447,5.695937641059816e-05
-0.0934,51.5472,168.75,RX_2447,5.695937641059816e-05
-0.0933,51.5472,169.7,RX_2448,5.722031972703983e-05
-0.0932,51.5472,168.24,RX_2449,5.563150289070157e-05
-0.0932,51.5472,169.57999999999998,RX_2449,5.563150289070157e-05
-0.0932,51.5472,168.56,RX_2449,5.563150289070157e-05
-0.0931,51.5472,168.69,RX_2452,3.6704578798946034e-05
-0.0931,51.5472,169.10000000000002,RX_2452,3.6704578798946034e-05
-0.093,51.5472,171.01999999999998,RX_2454,1.1773044432710589e-05
-0.093,51.5472,169.48000000000002,RX_2454,1.1773044432710589e-05
-0.0929,51.5472,167.82999999999998,RX_2456,3.791169340818039e-05
-0.0929,51.5471,168.48000000000002,RX_2457,1.890561591089937e-05
-0.0928,51.5471,168.3,RX_2459,5.7961717954863946e-05
-0.0928,51.5471,170.29000000000002,RX_2459,5.7961717954863946e-05
-0.0927,51.5471,169.34,RX_2461,7.81381569231276e-06
-0.0927,51.5471,168.44,RX_2461,7.81381569231276e-06
-0.0926,51.5471,167.34,RX_2464,5.2710903826680736e-05
-0.0926,51.5471,166.17000000000002,RX_2464,5.2710903826680736e-05
-0.0926,51.5471,166.15,RX_2464,5.2710903826680736e-05
-0.0925,51.5471,166.60000000000002,RX_2465,2.5737898637887954e-05
-0.0924,51.5471,166.36,RX_2468,9.679395692742812e-06
-0.0924,51.5471,166.37,RX_2468,9.679395692742812e-06
-0.0924,51.5471,168.62,RX_2468,9.679395692742812e-06
-0.0923,51.5471,168.43,RX_2470,3.4987160991742265e-05
-0.0923,51.5471,169.22,RX_2470,3.4987160991742265e-05
-0.0922,51.5471,169.10000000000002,RX_2472,5.104707829652953e-05
-0.0922,51.5471,167.69,RX_2472,5.104707829652953e-05
-0.0921,51.5471,167.71,RX_2473,5.7730730652214314e-05
-0.0921,51.5471,167.88,RX_2473,5.7730730652214314e-05
-0.092,51.5471,168.91,RX_2477,5.513839806591379e-05
-0.092,51.5471,168.01999999999998,RX_2477,5.513839806591379e-05
-0.092,51.5471,168.21,RX_2477,5.513839806591379e-05
-0.0919,51.5471,170.07999999999998,RX_2478,4.3662310808268584e-05
-0.0919,51.5471,168.85000000000002,RX_2478,4.3662310808268584e-05
-0.0918,51.5471,169.59,RX_2481,2.55134476179449e-05
-0.0918,51.5471,167.84,RX_2481,2.55134476179449e-05
-0.0917,51.5471,167.2,RX_2482,2.3133728008320444e-05
-0.0917,51.5471,168.34,RX_2482,2.3133728008320444e-05
-0.0916,51.5471,169.76999999999998,RX_2486,5.798914287411911e-05
-0.0916,51.5471,168.81,RX_2486,5.798914287411911e-05
-0.0916,51.5471,165.0,RX_2486,5.798914287411911e-05
-0.0915,51.547,162.71,RX_2488,3.5442164022323796e-05
-0.0915,51.547,165.96,RX_2488,3.5442164022323796e-05
-0.0914,51.547,167.79000000000002,RX_2490,3.0092546500104023e-05
-0.0914,51.547,165.69,RX_2490,3.0092546500104023e-05
-0.0913,51.547,164.43,RX_2492,3.080632581313457e-05
-0.0913,51.547,165.07999999999998,RX_2492,3.080632581313457e-05
-0.0912,51.547,165.76999999999998,RX_2494,5.318358224201358e-05
-0.0912,51.547,165.09,RX_2494,5.318358224201358e-05
-0.0911,51.547,167.96,RX_2495,3.0560327581148214e-05
-0.0911,51.547,167.57999999999998,RX_2495,3.0560327581148214e-05
-0.091,51.547,168.05,RX_2498,4.372024449926499e-05
-0.091,51.547,165.48000000000002,RX_2498,4.372024449926499e-05
-0.0909,51.547,168.29000000000002,RX_2500,2.2647494507880288e-05
-0.0909,51.547,164.55,RX_2500,2.2647494507880288e-05
-0.0909,51.547,165.01999999999998,RX_2500,2.2647494507880288e-05
-0.0908,51.547,172.10000000000002,RX_2503,2.9290191153354656e-05
-0.0908,51.547,168.68,RX_2503,2.9290191153354656e-05
-0.0907,51.547,169.53,RX_2504,5.1457120010863794e-05
-0.0907,51.547,171.34,RX_2504,5.1457120010863794e-05
-0.0906,51.547,169.82,RX_2507,2.023338656762453e-05
-0.0906,51.547,168.56,RX_2507,2.023338656762453e-05
-0.0905,51.547,168.60000000000002,RX_2508,2.1892645339490962e-05
-0.0905,51.5469,170.44,RX_2510,1.1614622271443286e-05
-0.0905,51.5469,171.82999999999998,RX_2510,1.1614622271443286e-05
-0.0904,51.5469,174.16,RX_2511,3.844428592157455e-05
-0.0904,51.5469,170.53,RX_2511,3.844428592157455e-05
-0.0903,51.5469,169.26,RX_2514,4.141076810175524e-05
-0.0903,51.5469,171.35000000000002,RX_2514,4.141076810175524e-05
-0.0902,51.5469,172.79000000000002,RX_2515,1.51783358269922e-05
-0.0902,51.5469,171.3,RX_2515,1.51783358269922e-05
-0.0901,51.5469,171.39,RX_2517,5.273748569849028e-05
-0.0901,51.5469,171.05,RX_2517,5.273748569849028e-05
-0.09,51.5469,170.47,RX_2520,3.35303612877243e-05
-0.09,51.5469,169.42000000000002,RX_2520,3.35303612877243e-05
-0.0899,51.5469,171.88,RX_2523,3.8956629621643936e-05
-0.0899,51.5469,170.05,RX_2523,3.8956629621643936e-05
-0.0899,51.5469,167.7,RX_2523,3.8956629621643936e-05
-0.0898,51.5469,166.76999999999998,RX_2524,6.654317684938652e-05
-0.0898,51.5469,167.84,RX_2524,6.654317684938652e-05
-0.0897,51.5469,169.47,RX_2526,7.040357039447999e-05
-0.0897,51.5469,168.86,RX_2526,7.040357039447999e-05
-0.0896,51.5469,168.55,RX_2529,5.5088359468651296e-05
-0.0896,51.5469,168.45,RX_2529,5.5088359468651296e-05
-0.0895,51.5469,166.21,RX_2531,4.648463502653368e-05
-0.0895,51.5469,163.60000000000002,RX_2531,4.648463502653368e-05
-0.0894,51.5469,164.24,RX_2533,4.632000003293808e-05
-0.0894,51.5469,166.68,RX_2533,4.632000003293808e-05
-0.0893,51.5469,166.63,RX_2534,5.779941076149573e-05
-0.0893,51.5468,167.36,RX_2535,5.564946393725215e-05
-0.0893,51.5468,167.97,RX_2535,5.564946393725215e-05
-0.0892,51.5468,167.87,RX_2538,6.929586999317175e-05
-0.0892,51.5468,166.55,RX_2538,6.929586999317175e-05
-0.0891,51.5468,163.42000000000002,RX_2540,4.0596513560204314e-05
-0.0891,51.5468,162.43,RX_2540,4.0596513560204314e-05
-0.089,51.5468,162.11,RX_2541,3.384700471221444e-05
-0.089,51.5468,160.36,RX_2541,3.384700471221444e-05
-0.089,51.5468,159.38,RX_2541,3.384700471221444e-05
-0.0889,51.5468,159.61,RX_2544,4.2024119703716363e-05
-0.0888,51.5468,160.85000000000002,RX_2547,2.3765688844320198e-05
-0.0888,51.5468,163.47,RX_2547,2.3765688844320198e-05
-0.0888,51.5468,167.60000000000002,RX_2547,2.3765688844320198e-05
-0.0887,51.5468,162.82999999999998,RX_2548,3.3192459100806115e-05
-0.0887,51.5468,160.73000000000002,RX_2548,3.3192459100806115e-05
-0.0886,51.5468,159.14,RX_2550,6.678078343564426e-05
-0.0886,51.5468,159.8,RX_2550,6.678078343564426e-05
-0.0885,51.5468,161.43,RX_2552,5.517747792734351e-05
-0.0885,51.5468,158.64,RX_2552,5.517747792734351e-05
-0.0884,51.5468,156.31,RX_2554,3.707231761008927e-05
-0.0884,51.5468,158.39,RX_2554,3.707231761008927e-05
-0.0883,51.5468,161.44,RX_2556,2.4931707698499814e-05
-0.0883,51.5468,161.51999999999998,RX_2556,2.4931707698499814e-05
-0.0882,51.5468,162.53,RX_2558,1.3821455972726302e-05
-0.0882,51.5468,163.95,RX_2558,1.3821455972726302e-05
-0.0881,51.5467,162.35000000000002,RX_2560,2.1130803615694764e-05
-0.0881,51.5467,163.91,RX_2560,2.1130803615694764e-05
-0.088,51.5467,163.31,RX_2562,4.2211814531738735e-05
-0.088,51.5467,164.73000000000002,RX_2562,4.2211814531738735e-05
-0.088,51.5467,167.39,RX_2562,4.2211814531738735e-05
-0.0879,51.5467,168.2,RX_2565,3.61617490132871e-05
-0.0879,51.5467,167.44,RX_2565,3.61617490132871e-05
-0.0878,51.5467,166.75,RX_2567,5.754161947576551e-05
-0.0877,51.5467,165.56,RX_2569,3.108398294767335e-05
-0.0877,51.5467,165.66,RX_2569,3.108398294767335e-05
-0.0876,51.5467,165.24,RX_2570,5.262619071043522e-05
-0.0875,51.5467,166.15,RX_2572,4.073541742478354e-05
-0.0875,51.5467,168.22,RX_2572,4.073541742478354e-05
-0.0875,51.5467,167.89,RX_2572,4.073541742478354e-05
-0.0874,51.5466,167.85000000000002,RX_2575,6.769900583378368e-05
-0.0874,51.5466,166.87,RX_2575,6.769900583378368e-05
-0.0874,51.5466,166.63,RX_2575,6.769900583378368e-05
-0.0873,51.5466,165.32,RX_2578,3.962483542532059e-05
-0.0873,51.5466,165.18,RX_2578,3.962483542532059e-05
-0.0872,51.5466,165.48000000000002,RX_2580,9.360833539372538e-06
-0.0872,51.5466,163.18,RX_2580,9.360833539372538e-06
-0.0872,51.5466,163.85000000000002,RX_2580,9.360833539372538e-06
-0.0871,51.5466,164.53,RX_2583,5.312873172992273e-05
-0.0871,51.5466,166.51,RX_2583,5.312873172992273e-05
-0.087,51.5466,165.0,RX_2585,3.356575629072422e-05
-0.087,51.5466,163.95,RX_2585,3.356575629072422e-05
-0.087,51.5466,167.24,RX_2585,3.356575629072422e-05
-0.0869,51.5466,167.56,RX_2588,4.284315615369021e-05
-0.0869,51.5466,167.14,RX_2588,4.284315615369021e-05
-0.0868,51.5466,168.51999999999998,RX_2590,3.7236464258872456e-05
-0.0868,51.5466,168.03,RX_2590,3.7236464258872456e-05
-0.0867,51.5466,169.41,RX_2592,9.360454184440252e-06
-0.0867,51.5466,167.38,RX_2592,9.360454184440252e-06
-0.0866,51.5466,166.84,RX_2595,5.424902541856604e-05
-0.0866,51.5466,170.31,RX_2595,5.424902541856604e-05
-0.0866,51.5466,167.87,RX_2595,5.424902541856604e-05
-0.0865,51.5465,168.41,RX_2596,6.47030578958624e-05
-0.0865,51.5465,170.88,RX_2596,6.47030578958624e-05
-0.0864,51.5465,169.16,RX_2599,1.736161541325288e-05
-0.0864,51.5465,166.01,RX_2599,1.736161541325288e-05
-0.0863,51.5465,168.46,RX_2601,4.243878721409387e-05
-0.0863,51.5465,169.24,RX_2601,4.243878721409387e-05
-0.0862,51.5465,168.65,RX_2602,2.777762347040945e-05
-0.0862,51.5465,168.06,RX_2602,2.777762347040945e-05
-0.0862,51.5465,168.98000000000002,RX_2602,2.777762347040945e-05
-0.0861,51.5465,169.45,RX_2605,7.288596740623246e-05
-0.0861,51.5465,168.18,RX_2605,7.288596740623246e-05
-0.086,51.5465,168.54000000000002,RX_2608,4.9566530524245336e-05
-0.086,51.5465,164.91,RX_2608,4.9566530524245336e-05
-0.0859,51.5465,164.62,RX_2610,2.3509954657572586e-05
-0.0859,51.5465,165.18,RX_2610,2.3509954657572586e-05
-0.0858,51.5465,166.25,RX_2611,1.7936801779154512e-05
-0.0858,51.5465,168.44,RX_2611,1.7936801779154512e-05
-0.0858,51.5465,165.91,RX_2611,1.7936801779154512e-05
-0.0857,51.5465,166.36,RX_2615,2.7653368445419388e-05
-0.0857,51.5465,166.13,RX_2615,2.7653368445419388e-05
-0.0856,51.5465,166.99,RX_2616,3.773971578858648e-05
-0.0856,51.5465,167.14,RX_2616,3.773971578858648e-05
-0.0855,51.5465,168.23000000000002,RX_2618,4.883946337813493e-05
-0.0855,51.5465,165.59,RX_2618,4.883946337813493e-05
-0.0854,51.5465,164.92000000000002,RX_2621,3.432690928922061e-05
-0.0854,51.5465,163.94,RX_2621,3.432690928922061e-05
-0.0853,51.5465,161.32999999999998,RX_2623,4.2357013123616195e-05
-0.0853,51.5465,163.76999999999998,RX_2623,4.2357013123616195e-05
-0.0852,51.5465,167.42000000000002,RX_2624,4.356714738518094e-05
-0.0852,51.5465,165.05,RX_2624,4.356714738518094e-05
-0.0851,51.5465,164.79000000000002,RX_2628,2.363960258423563e-05
-0.0851,51.5465,162.51999999999998,RX_2628,2.363960258423563e-05
-0.0851,51.5465,165.28,RX_2628,2.363960258423563e-05
-0.085,51.5465,164.22,RX_2630,7.24757482989422e-05
-0.085,51.5465,166.37,RX_2630,7.24757482989422e-05
-0.0849,51.5465,165.31,RX_2631,3.848360399746847e-05
-0.0849,51.5465,166.96,RX_2631,3.848360399746847e-05
-0.0848,51.5465,166.15,RX_2634,3.690389773482106e-05
-0.0848,51.5465,166.42000000000002,RX_2634,3.690389773482106e-05
-0.0847,51.5465,162.37,RX_2635,5.3860636875769105e-05
-0.0847,51.5465,164.47,RX_2635,5.3860636875769105e-05
-0.0847,51.5465,165.07,RX_2635,5.3860636875769105e-05
-0.0846,51.5465,164.36,RX_2638,3.575568860986961e-05
-0.0846,51.5465,165.42000000000002,RX_2638,3.575568860986961e-05
-0.0845,51.5465,162.62,RX_2640,4.427465836726931e-05
-0.0845,51.5465,165.95,RX_2640,4.427465836726931e-05
-0.0844,51.5465,163.72,RX_2642,3.5315383641339586e-05
-0.0844,51.5465,165.62,RX_2642,3.5315383641339586e-05
-0.0843,51.5465,166.2,RX_2644,1.701272469271799e-05
-0.0843,51.5465,166.23000000000002,RX_2644,1.701272469271799e-05
-0.0842,51.5465,164.96,RX_2648,2.272822774527458e-05
-0.0842,51.5465,164.75,RX_2648,2.272822774527458e-05
-0.0842,51.5465,166.34,RX_2648,2.272822774527458e-05
-0.0841,51.5465,164.56,RX_2649,5.128102458294857e-05
-0.084,51.5465,162.49,RX_2651,6.595710776998814e-05
-0.084,51.5465,163.07,RX_2651,6.595710776998814e-05
-0.0839,51.5465,160.36,RX_2652,2.733813661620963e-05
-0.0839,51.5465,163.89,RX_2652,2.733813661620963e-05
-0.0838,51.5465,163.31,RX_2654,4.5726416552767827e-05
-0.0838,51.5465,164.12,RX_2654,4.5726416552767827e-05
-0.0837,51.5466,163.07999999999998,RX_2656,3.627114732380266e-05
-0.0837,51.5466,165.24,RX_2656,3.627114732380266e-05
-0.0836,51.5466,164.34,RX_2659,9.127355332270812e-05
-0.0836,51.5466,164.38,RX_2659,9.127355332270812e-05
-0.0835,51.5466,164.91,RX_2660,2.7305085414673242e-05
-0.0835,51.5465,162.82,RX_2661,6.175064918792257e-05
-0.0834,51.5465,165.47,RX_2662,2.7130200856901454e-05
-0.0834,51.5465,167.43,RX_2662,2.7130200856901454e-05
-0.0833,51.5465,164.91,RX_2665,9.932289986600985e-05
-0.0833,51.5465,164.43,RX_2665,9.932289986600985e-05
-0.0832,51.5465,165.41,RX_2666,6.675393148625251e-05
-0.0832,51.5465,164.67000000000002,RX_2666,6.675393148625251e-05
-0.0831,51.5465,163.94,RX_2669,7.058204506137051e-05
-0.0831,51.5465,162.51,RX_2669,7.058204506137051e-05
-0.083,51.5465,161.84,RX_2671,9.684430293273575e-05
-0.083,51.5465,162.23000000000002,RX_2671,9.684430293273575e-05
-0.0829,51.5465,165.21,RX_2672,4.951638049284857e-05
-0.0829,51.5465,163.55,RX_2672,4.951638049284857e-05
-0.0828,51.5465,161.99,RX_2674,7.267988525727294e-05
-0.0828,51.5465,162.28,RX_2674,7.267988525727294e-05
-0.0828,51.5465,164.2,RX_2674,7.267988525727294e-05
-0.0827,51.5465,162.87,RX_2678,5.330687406354667e-05
-0.0827,51.5465,160.23000000000002,RX_2678,5.330687406354667e-05
-0.0826,51.5465,165.62,RX_2680,5.462465211565419e-05
-0.0826,51.5465,163.35000000000002,RX_2680,5.462465211565419e-05
-0.0826,51.5465,164.54000000000002,RX_2680,5.462465211565419e-05
-0.0825,51.5465,165.82,RX_2682,9.49882685159961e-05
-0.0825,51.5465,164.35000000000002,RX_2682,9.49882685159961e-05
-0.0824,51.5465,165.78,RX_2685,4.953103124363932e-05
-0.0824,51.5465,165.04000000000002,RX_2685,4.953103124363932e-05
-0.0823,51.5465,162.21,RX_2688,4.4331492981301695e-05
-0.0823,51.5465,159.7,RX_2688,4.4331492981301695e-05
-0.0823,51.5465,160.75,RX_2688,4.4331492981301695e-05
-0.0822,51.5465,164.3,RX_2689,9.671129212663689e-05
-0.0822,51.5465,163.41,RX_2689,9.671129212663689e-05
-0.0821,51.5465,162.49,RX_2691,3.865892968446095e-05
-0.0821,51.5465,162.39,RX_2691,3.865892968446095e-05
-0.082,51.5465,161.55,RX_2694,6.717551454263371e-05
-0.082,51.5465,162.69,RX_2694,6.717551454263371e-05
-0.0819,51.5465,164.56,RX_2695,5.910579509577261e-05
-0.0819,51.5465,165.26,RX_2695,5.910579509577261e-05
-0.0818,51.5465,164.68,RX_2697,1.2517481662625096e-05
-0.0818,51.5465,164.42000000000002,RX_2697,1.2517481662625096e-05
-0.0817,51.5465,165.48000000000002,RX_2699,8.421158954886319e-05
-0.0817,51.5465,163.88,RX_2699,8.421158954886319e-05
-0.0817,51.5465,162.96,RX_2699,8.421158954886319e-05
-0.0816,51.5464,161.42000000000002,RX_2703,2.593230975993018e-05
-0.0816,51.5464,162.06,RX_2703,2.593230975993018e-05
-0.0815,51.5464,162.69,RX_2705,0.00010612591286706601
-0.0815,51.5464,164.14,RX_2705,0.00010612591286706601
-0.0814,51.5464,164.09,RX_2706,3.841716689993281e-05
-0.0814,51.5464,163.55,RX_2706,3.841716689993281e-05
-0.0813,51.5464,159.32,RX_2709,8.612796590996709e-05
-0.0813,51.5464,164.32999999999998,RX_2709,8.612796590996709e-05
-0.0812,51.5464,155.59,RX_2711,6.214992113946516e-05
-0.0812,51.5464,157.78,RX_2711,6.214992113946516e-05
-0.0811,51.5464,162.5,RX_2714,7.907092628795864e-05
-0.0811,51.5464,157.78,RX_2714,7.907092628795864e-05
-0.0811,51.5464,164.55,RX_2714,7.907092628795864e-05
-0.081,51.5464,159.19,RX_2715,5.38477148391797e-05
-0.081,51.5464,155.51,RX_2715,5.38477148391797e-05
-0.0809,51.5464,153.7,RX_2717,8.043317220843426e-05
-0.0809,51.5464,156.46,RX_2717,8.043317220843426e-05
-0.0808,51.5464,156.49,RX_2720,3.0470458438261045e-05
-0.0808,51.5464,159.06,RX_2720,3.0470458438261045e-05
-0.0807,51.5464,161.5,RX_2721,6.495252161223305e-05
-0.0807,51.5464,158.07999999999998,RX_2721,6.495252161223305e-05
-0.0807,51.5464,157.37,RX_2721,6.495252161223305e-05
-0.0806,51.5464,163.26999999999998,RX_2725,4.987142569628345e-05
-0.0806,51.5464,156.9,RX_2725,4.987142569628345e-05
-0.0805,51.5464,156.21,RX_2726,6.136454756530243e-05
-0.0805,51.5464,161.28,RX_2726,6.136454756530243e-05
-0.0805,51.5464,161.26,RX_2726,6.136454756530243e-05
-0.0804,51.5464,158.47,RX_2730,5.5330997568247646e-05
-0.0804,51.5464,158.5,RX_2730,5.5330997568247646e-05
-0.0803,51.5464,152.51999999999998,RX_2731,4.40985341375719e-05
-0.0803,51.5463,156.86,RX_2732,5.591430716011099e-06
-0.0802,51.5463,155.68,RX_2734,7.79791899099715e-05
-0.0802,51.5463,156.71,RX_2734,7.79791899099715e-05
-0.0801,51.5463,157.10000000000002,RX_2735,7.049705725094852e-05
-0.0801,51.5463,156.35000000000002,RX_2735,7.049705725094852e-05
-0.08,51.5463,154.32999999999998,RX_2739,3.868734364358791e-05
-0.08,51.5463,158.67000000000002,RX_2739,3.868734364358791e-05
-0.08,51.5463,153.98000000000002,RX_2739,3.868734364358791e-05
-0.0799,51.5463,156.56,RX_2741,9.231397715799395e-05
-0.0799,51.5463,154.65,RX_2741,9.231397715799395e-05
-0.0798,51.5463,158.68,RX_2742,1.43417727133129e-05
-0.0797,51.5463,157.88,RX_2744,9.792837785820054e-05
-0.0797,51.5463,156.92000000000002,RX_2744,9.792837785820054e-05
-0.0796,51.5463,153.76999999999998,RX_2746,4.2233303797876945e-05
-0.0796,51.5463,157.26,RX_2746,4.2233303797876945e-05
-0.0795,51.5463,157.98000000000002,RX_2747,4.575491720475093e-05
-0.0794,51.5463,159.56,RX_2748,7.444916909048474e-05
-0.0794,51.5463,161.34,RX_2748,7.444916909048474e-05
-0.0793,51.5463,163.75,RX_2751,3.925779902111924e-05
-0.0793,51.5463,161.16,RX_2751,3.925779902111924e-05
-0.0792,51.5463,160.51,RX_2752,0.00010059156775088098
-0.0792,51.5463,161.76,RX_2752,0.00010059156775088098
-0.0791,51.5463,164.09,RX_2754,3.6109223691593375e-05
-0.0791,51.5463,161.35000000000002,RX_2754,3.6109223691593375e-05
-0.0791,51.5463,163.82999999999998,RX_2754,3.6109223691593375e-05
-0.079,51.5463,164.38,RX_2757,6.016134503288237e-05
-0.079,51.5463,165.53,RX_2757,6.016134503288237e-05
-0.0789,51.5463,163.49,RX_2761,5.851121968194591e-05
-0.0789,51.5463,159.46,RX_2761,5.851121968194591e-05
-0.0789,51.5463,163.45,RX_2761,5.851121968194591e-05
-0.0788,51.5463,161.55,RX_2762,6.0288472768753605e-05
-0.0788,51.5463,161.39,RX_2762,6.0288472768753605e-05
-0.0787,51.5462,158.44,RX_2764,4.653791156534975e-05
-0.0787,51.5462,161.13,RX_2764,4.653791156534975e-05
-0.0786,51.5462,158.64,RX_2766,5.02373085869676e-05
-0.0786,51.5462,160.24,RX_2766,5.02373085869676e-05
-0.0785,51.5462,161.07,RX_2769,7.067183648238328e-05
-0.0785,51.5462,162.93,RX_2769,7.067183648238328e-05
-0.0784,51.5462,159.72,RX_2770,8.407370734275973e-05
-0.0784,51.5462,161.22,RX_2770,8.407370734275973e-05
-0.0783,51.5462,157.51999999999998,RX_2774,3.346776815238127e-05
-0.0783,51.5462,161.53,RX_2774,3.346776815238127e-05
-0.0783,51.5462,159.89,RX_2774,3.346776815238127e-05
-0.0782,51.5462,161.62,RX_2775,5.050408299235897e-05
-0.0782,51.5462,163.91,RX_2775,5.050408299235897e-05
-0.0781,51.5462,166.07999999999998,RX_2777,8.664619251340399e-05
-0.0781,51.5462,164.18,RX_2777,8.664619251340399e-05
-0.078,51.5462,164.47,RX_2779,3.387821259673934e-05
-0.078,51.5462,164.65,RX_2779,3.387821259673934e-05
-0.0779,51.5462,160.81,RX_2781,3.9613432598165984e-05
-0.0779,51.5462,162.76999999999998,RX_2781,3.9613432598165984e-05
-0.0778,51.5462,163.69,RX_2783,9.369511500972843e-05
-0.0778,51.5461,162.19,RX_2784,8.593803530123954e-05
-0.0777,51.5461,162.74,RX_2785,5.67289633518971e-05
-0.0776,51.5461,160.54000000000002,RX_2787,5.7067885181863105e-05
-0.0776,51.5461,162.25,RX_2787,5.7067885181863105e-05
-0.0776,51.5461,163.11,RX_2787,5.7067885181863105e-05
-0.0775,51.5461,162.91,RX_2790,3.6446143890332744e-05
-0.0775,51.5461,163.13,RX_2790,3.6446143890332744e-05
-0.0775,51.5461,160.32999999999998,RX_2790,3.6446143890332744e-05
-0.0774,51.5461,164.37,RX_2792,6.107399448231876e-05
-0.0774,51.5461,162.85000000000002,RX_2792,6.107399448231876e-05
-0.0773,51.5461,161.07999999999998,RX_2794,0.00010582034749063505
-0.0773,51.5461,160.47,RX_2794,0.00010582034749063505
-0.0773,51.5461,159.29000000000002,RX_2794,0.00010582034749063505
-0.0772,51.5461,160.97,RX_2797,6.955397259462463e-05
-0.0772,51.5461,161.88,RX_2797,6.955397259462463e-05
-0.0771,51.5461,159.2,RX_2800,3.3342557348574424e-05
-0.0771,51.5461,160.74,RX_2800,3.3342557348574424e-05
-0.077,51.5461,161.41,RX_2802,5.714272014220031e-05
-0.077,51.5461,162.29000000000002,RX_2802,5.714272014220031e-05
-0.077,51.5461,161.49,RX_2802,5.714272014220031e-05
-0.0769,51.5461,161.11,RX_2804,6.122045945481691e-05
-0.0769,51.5461,160.10000000000002,RX_2804,6.122045945481691e-05
-0.0768,51.5461,159.53,RX_2806,8.761399549772798e-05
-0.0768,51.5461,157.07999999999998,RX_2806,8.761399549772798e-05
-0.0767,51.5461,157.55,RX_2809,7.53665175310269e-05
-0.0767,51.5461,158.17000000000002,RX_2809,7.53665175310269e-05
-0.0766,51.5461,160.0,RX_2810,4.0542272586067256e-05
-0.0766,51.546,158.79000000000002,RX_2811,8.917627363909805e-05
-0.0765,51.546,158.23000000000002,RX_2812,0.00010671285234476016
-0.0765,51.5461,159.87,RX_2813,3.205814928923629e-05
-0.0764,51.5461,160.24,RX_2815,6.700767312468265e-05
-0.0764,51.5461,161.34,RX_2815,6.700767312468265e-05
-0.0763,51.5461,160.73000000000002,RX_2816,9.068960177010327e-05
-0.0762,51.5461,160.53,RX_2817,7.582414290279557e-05
-0.0762,51.5461,161.68,RX_2817,7.582414290279557e-05
-0.0762,51.5461,156.91,RX_2817,7.582414290279557e-05
-0.0761,51.5461,155.64,RX_2820,6.573808351692679e-05
-0.0761,51.5461,158.38,RX_2820,6.573808351692679e-05
-0.076,51.5461,159.94,RX_2823,9.865083451079088e-06
-0.076,51.5461,163.07999999999998,RX_2823,9.865083451079088e-06
-0.0759,51.5461,163.25,RX_2825,7.225786366153791e-05
-0.0759,51.5461,163.04000000000002,RX_2825,7.225786366153791e-05
-0.0759,51.5461,163.42000000000002,RX_2825,7.225786366153791e-05
-0.0758,51.5461,161.55,RX_2827,8.365569491394956e-05
-0.0758,51.5461,158.2,RX_2827,8.365569491394956e-05
-0.0757,51.5461,156.74,RX_2829,7.438979024061352e-05
-0.0757,51.5461,155.81,RX_2829,7.438979024061352e-05
-0.0757,51.5462,159.49,RX_2831,4.9421999475599634e-05
-0.0756,51.5462,159.23000000000002,RX_2832,0.00011101782709167756
-0.0756,51.5462,157.72,RX_2832,0.00011101782709167756
-0.0755,51.5462,157.51999999999998,RX_2834,5.800853053439304e-05
-0.0755,51.5462,157.91,RX_2834,5.800853053439304e-05
-0.0755,51.5462,159.72,RX_2834,5.800853053439304e-05
-0.0754,51.5462,160.46,RX_2837,4.8452808646494705e-05
-0.0754,51.5462,162.14,RX_2837,4.8452808646494705e-05
-0.0753,51.5462,162.51999999999998,RX_2840,0.00010326064482250622
-0.0753,51.5462,161.14,RX_2840,0.00010326064482250622
-0.0752,51.5462,162.31,RX_2842,6.699055121678582e-05
-0.0752,51.5462,159.9,RX_2842,6.699055121678582e-05
-0.0752,51.5462,158.85000000000002,RX_2842,6.699055121678582e-05
-0.0751,51.5462,156.45,RX_2844,5.4578147452573146e-05
-0.0751,51.5462,157.21,RX_2844,5.4578147452573146e-05
-0.075,51.5462,157.25,RX_2846,9.865572524820568e-05
-0.075,51.5462,157.36,RX_2846,9.865572524820568e-05
-0.0749,51.5462,159.66,RX_2848,4.506355260600378e-05
-0.0749,51.5462,158.79000000000002,RX_2848,4.506355260600378e-05
-0.0748,51.5462,159.9,RX_2850,5.423252113821402e-05
-0.0748,51.5462,159.13,RX_2850,5.423252113821402e-05
-0.0747,51.5462,161.06,RX_2852,9.718925186956352e-05
-0.0747,51.5462,160.96,RX_2852,9.718925186956352e-05
-0.0746,51.5462,160.92000000000002,RX_2854,4.0724623335401706e-05
-0.0746,51.5462,160.32999999999998,RX_2854,4.0724623335401706e-05
-0.0746,51.5462,159.75,RX_2854,4.0724623335401706e-05
-0.0745,51.5462,158.9,RX_2857,6.16381744340391e-05
-0.0745,51.5462,162.2,RX_2857,6.16381744340391e-05
-0.0744,51.5462,163.57,RX_2860,9.013307689726582e-05
-0.0744,51.5462,162.92000000000002,RX_2860,9.013307689726582e-05
-0.0743,51.5462,162.63,RX_2862,2.1678637178859335e-05
-0.0743,51.5462,162.60000000000002,RX_2862,2.1678637178859335e-05
-0.0742,51.5462,163.26999999999998,RX_2864,5.301735734363241e-05
-0.0742,51.5462,163.2,RX_2864,5.301735734363241e-05
-0.0741,51.5462,161.64,RX_2865,8.33731797040237e-05
-0.074,51.5462,163.41,RX_2866,2.381170289798814e-05
-0.0739,51.5462,165.13,RX_2867,5.7458754027926724e-05
-0.0739,51.5462,162.3,RX_2867,5.7458754027926724e-05
-0.0738,51.5462,163.47,RX_2871,7.294600755984236e-05
-0.0738,51.5462,163.85000000000002,RX_2871,7.294600755984236e-05
-0.0738,51.5462,161.39,RX_2871,7.294600755984236e-05
-0.0738,51.5462,163.04000000000002,RX_2871,7.294600755984236e-05
-0.0737,51.5462,164.31,RX_2873,5.127336632908997e-05
-0.0737,51.5462,163.98000000000002,RX_2873,5.127336632908997e-05
-0.0736,51.5462,166.60000000000002,RX_2877,7.472352087123628e-05
-0.0736,51.5462,167.07,RX_2877,7.472352087123628e-05
-0.0736,51.5462,168.47,RX_2877,7.472352087123628e-05
-0.0735,51.5462,166.51999999999998,RX_2879,6.397487685197686e-05
-0.0735,51.5462,167.67000000000002,RX_2879,6.397487685197686e-05
-0.0734,51.5462,168.42000000000002,RX_2880,3.767989448678909e-05
-0.0734,51.5462,168.17000000000002,RX_2880,3.767989448678909e-05
-0.0733,51.5462,166.13,RX_2882,8.806053325790929e-05
-0.0733,51.5462,167.75,RX_2882,8.806053325790929e-05
-0.0733,51.5462,165.51999999999998,RX_2882,8.806053325790929e-05
-0.0732,51.5462,165.72,RX_2885,4.4003819176077556e-05
-0.0732,51.5462,168.03,RX_2885,4.4003819176077556e-05
-0.0731,51.5462,168.35000000000002,RX_2887,4.580315801919511e-05
-0.0731,51.5462,169.32999999999998,RX_2887,4.580315801919511e-05
-0.073,51.5462,170.37,RX_2889,0.00011527259291992827
-0.073,51.5462,169.5,RX_2889,0.00011527259291992827
-0.073,51.5462,169.55,RX_2889,0.00011527259291992827
-0.0729,51.5462,168.23000000000002,RX_2893,5.92978538913276e-05
-0.0729,51.5462,169.75,RX_2893,5.92978538913276e-05
-0.0728,51.5462,168.35000000000002,RX_2894,6.353917433887784e-05
-0.0728,51.5462,168.96,RX_2894,6.353917433887784e-05
-0.0727,51.5462,168.81,RX_2897,9.966153191244458e-05
-0.0727,51.5462,166.66,RX_2897,9.966153191244458e-05
-0.0726,51.5462,166.07,RX_2898,5.211978805406248e-05
-0.0726,51.5462,167.28,RX_2898,5.211978805406248e-05
-0.0726,51.5462,165.64,RX_2898,5.211978805406248e-05
-0.0725,51.5462,166.3,RX_2901,6.830755164459213e-05
-0.0725,51.5462,168.60000000000002,RX_2901,6.830755164459213e-05
-0.0724,51.5462,167.13,RX_2903,6.266475975761095e-05
-0.0724,51.5462,165.13,RX_2903,6.266475975761095e-05
-0.0723,51.5462,164.92000000000002,RX_2905,5.39992453702217e-05
-0.0723,51.5462,165.43,RX_2905,5.39992453702217e-05
-0.0722,51.5462,165.49,RX_2908,8.485141697335358e-05
-0.0722,51.5462,165.84,RX_2908,8.485141697335358e-05
-0.0721,51.5462,165.34,RX_2910,6.427615998296044e-05
-0.0721,51.5462,166.7,RX_2910,6.427615998296044e-05
-0.072,51.5462,166.65,RX_2911,3.27524898310306e-05
-0.072,51.5462,166.81,RX_2911,3.27524898310306e-05
-0.0719,51.5462,166.91,RX_2913,9.712271255377543e-05
-0.0719,51.5462,164.96,RX_2913,9.712271255377543e-05
-0.0718,51.5462,165.69,RX_2915,5.492681077863556e-05
-0.0718,51.5462,166.23000000000002,RX_2915,5.492681077863556e-05
-0.0718,51.5462,169.9,RX_2915,5.492681077863556e-05
-0.0717,51.5462,167.56,RX_2919,6.376244696037323e-05
-0.0717,51.5462,168.07999999999998,RX_2919,6.376244696037323e-05
-0.0716,51.5462,167.85000000000002,RX_2920,6.872146097927321e-05
-0.0716,51.5462,168.78,RX_2920,6.872146097927321e-05
-0.0715,51.5462,168.14,RX_2922,1.9880002206721896e-05
-0.0715,51.5462,167.60000000000002,RX_2922,1.9880002206721896e-05
-0.0714,51.5462,169.38,RX_2924,8.616932425381043e-05
-0.0714,51.5462,168.54000000000002,RX_2924,8.616932425381043e-05
-0.0714,51.5462,167.51999999999998,RX_2924,8.616932425381043e-05
-0.0713,51.5462,168.82999999999998,RX_2927,5.874794795790155e-05
-0.0712,51.5462,168.25,RX_2930,6.490046007247054e-05
-0.0712,51.5462,168.73000000000002,RX_2930,6.490046007247054e-05
-0.0712,51.5462,168.2,RX_2930,6.490046007247054e-05
-0.0711,51.5462,167.2,RX_2931,8.515662463990559e-05
-0.0711,51.5462,166.56,RX_2931,8.515662463990559e-05
-0.071,51.5462,166.26999999999998,RX_2934,3.171046389311867e-05
-0.071,51.5462,168.63,RX_2934,3.171046389311867e-05
-0.0709,51.5462,168.25,RX_2936,7.704771880329344e-05
-0.0709,51.5462,162.24,RX_2936,7.704771880329344e-05
-0.0708,51.5462,164.26999999999998,RX_2938,6.176746293697056e-05
-0.0708,51.5462,166.28,RX_2938,6.176746293697056e-05
-0.0707,51.5462,165.76999999999998,RX_2941,3.01176585569454e-05
-0.0707,51.5462,167.0,RX_2941,3.01176585569454e-05
-0.0707,51.5462,164.82,RX_2941,3.01176585569454e-05
-0.0706,51.5462,164.5,RX_2942,0.0001158539531842212
-0.0706,51.5462,165.10000000000002,RX_2942,0.0001158539531842212
-0.0705,51.5462,164.13,RX_2944,4.1966217075065054e-05
-0.0705,51.5462,164.24,RX_2944,4.1966217075065054e-05
-0.0704,51.5462,165.0,RX_2946,5.6449941908769996e-05
-0.0704,51.5462,168.9,RX_2946,5.6449941908769996e-05
-0.0703,51.5462,169.0,RX_2948,6.473302008427091e-05
-0.0703,51.5462,167.95,RX_2948,6.473302008427091e-05
-0.0702,51.5462,169.57999999999998,RX_2950,1.3664921560737045e-05
-0.0702,51.5462,168.37,RX_2950,1.3664921560737045e-05
-0.0701,51.5462,170.49,RX_2952,9.049056611102627e-05
-0.0701,51.5463,169.16,RX_2953,1.7697243744516548e-05
-0.07,51.5463,167.49,RX_2954,9.791659534578968e-05
-0.07,51.5463,165.46,RX_2954,9.791659534578968e-05
-0.0699,51.5463,169.74,RX_2958,2.914178608085529e-05
-0.0699,51.5463,168.8,RX_2958,2.914178608085529e-05
-0.0699,51.5463,169.61,RX_2958,2.914178608085529e-05
-0.0698,51.5463,169.66,RX_2959,0.0001034716350459198
-0.0698,51.5464,170.18,RX_2960,9.20098123761602e-05
-0.0697,51.5464,169.9,RX_2961,4.609720624485821e-05
-0.0697,51.5464,170.91,RX_2961,4.609720624485821e-05
-0.0697,51.5464,170.74,RX_2961,4.609720624485821e-05
-0.0696,51.5464,171.78,RX_2964,5.3198742122433054e-05
-0.0696,51.5465,170.87,RX_2965,2.686067854903445e-05
-0.0696,51.5465,169.86,RX_2965,2.686067854903445e-05
-0.0695,51.5465,170.68,RX_2967,8.116254969639022e-05
-0.0695,51.5465,169.12,RX_2967,8.116254969639022e-05
-0.0695,51.5465,169.57999999999998,RX_2967,8.116254969639022e-05
-0.0695,51.5466,172.29000000000002,RX_2970,1.669643535701089e-05
-0.0694,51.5466,172.46,RX_2973,4.265009212456769e-05
-0.0694,51.5466,172.82,RX_2973,4.265009212456769e-05
-0.0694,51.5466,172.93,RX_2973,4.265009212456769e-05
-0.0694,51.5467,171.95,RX_2974,7.558805458370107e-05
-0.0694,51.5467,172.26999999999998,RX_2974,7.558805458370107e-05
-0.0694,51.5467,172.37,RX_2974,7.558805458370107e-05
-0.0693,51.5468,172.36,RX_2979,3.380726809380772e-05
-0.0693,51.5468,172.99,RX_2979,3.380726809380772e-05
-0.0693,51.5468,170.69,RX_2979,3.380726809380772e-05
-0.0693,51.5468,171.82,RX_2979,3.380726809380772e-05
-0.0693,51.5469,172.01999999999998,RX_2981,9.278574157279667e-05
-0.0693,51.5469,172.69,RX_2981,9.278574157279667e-05
-0.0693,51.5469,172.57999999999998,RX_2981,9.278574157279667e-05
-0.0693,51.547,172.03,RX_2984,4.2154031175649996e-05
-0.0693,51.547,172.2,RX_2984,4.2154031175649996e-05
-0.0692,51.547,173.61,RX_2986,0.00013284302381465376
-0.0692,51.5471,173.31,RX_2989,0.00010039320968270117
-0.0692,51.5471,171.38,RX_2989,0.00010039320968270117
-0.0692,51.5471,169.5,RX_2989,0.00010039320968270117
-0.0692,51.5472,165.92000000000002,RX_2990,8.80163633711608e-05
-0.0692,51.5472,166.65,RX_2990,8.80163633711608e-05
-0.0692,51.5472,166.21,RX_2990,8.80163633711608e-05
-0.0692,51.5473,169.74,RX_2995,8.792750774835654e-05
-0.0692,51.5473,168.13,RX_2995,8.792750774835654e-05
-0.0692,51.5473,166.74,RX_2995,8.792750774835654e-05
-0.0692,51.5473,166.24,RX_2995,8.792750774835654e-05
-0.0692,51.5474,166.96,RX_2997,2.3399705403399295e-05
-0.0692,51.5474,164.7,RX_2997,2.3399705403399295e-05
-0.0692,51.5474,165.13,RX_2997,2.3399705403399295e-05
-0.0692,51.5475,164.34,RX_3000,4.4957552652606394e-05
-0.0691,51.5475,160.94,RX_3001,7.773507223568125e-05
-0.0691,51.5475,161.38,RX_3001,7.773507223568125e-05
-0.0691,51.5475,162.19,RX_3001,7.773507223568125e-05
-0.0691,51.5476,162.85000000000002,RX_3004,7.366357503016761e-05
-0.0691,51.5476,162.28,RX_3004,7.366357503016761e-05
-0.069,51.5476,162.44,RX_3006,9.936701030379276e-05
-0.069,51.5476,161.47,RX_3006,9.936701030379276e-05
-0.069,51.5477,164.39,RX_3009,0.00012393845328271708
-0.069,51.5477,165.57,RX_3009,0.00012393845328271708
-0.0689,51.5477,166.8,RX_3011,1.859652946066355e-05
-0.0689,51.5477,166.06,RX_3011,1.859652946066355e-05
-0.0689,51.5478,169.2,RX_3012,5.484160780385349e-05
-0.0689,51.5478,168.49,RX_3012,5.484160780385349e-05
-0.0689,51.5478,169.26999999999998,RX_3012,5.484160780385349e-05
-0.0689,51.5478,170.55,RX_3012,5.484160780385349e-05
-0.0688,51.5479,170.26999999999998,RX_3016,0.00016541017255293044
-0.0688,51.5479,169.09,RX_3016,0.00016541017255293044
-0.0688,51.5479,172.18,RX_3016,0.00016541017255293044
-0.0688,51.548,171.51,RX_3019,0.0001908134611089733
-0.0688,51.548,167.82999999999998,RX_3019,0.0001908134611089733
-0.0687,51.548,165.71,RX_3022,0.00016204104466645164
-0.0687,51.548,167.86,RX_3022,0.00016204104466645164
-0.0687,51.5481,166.41,RX_3025,0.00021521371593649616
-0.0687,51.5481,162.71,RX_3025,0.00021521371593649616
-0.0687,51.5481,158.59,RX_3025,0.00021521371593649616
-0.0686,51.5481,160.32,RX_3026,0.00016487047771884534
-0.0686,51.5481,157.0,RX_3026,0.00016487047771884534
-0.0686,51.5482,159.3,RX_3029,0.0001326022378329319
-0.0686,51.5482,160.53,RX_3029,0.0001326022378329319
-0.0685,51.5482,164.8,RX_3030,0.00017227708533358325
-0.0685,51.5482,160.24,RX_3030,0.00017227708533358325
-0.0684,51.5482,163.5,RX_3033,0.00018812399586346935
-0.0684,51.5482,165.82999999999998,RX_3033,0.00018812399586346935
-0.0683,51.5482,164.17000000000002,RX_3035,0.00018688484621065014
-0.0683,51.5482,165.34,RX_3035,0.00018688484621065014
-0.0682,51.5482,166.75,RX_3036,0.00019645076783338341
-0.0682,51.5483,169.69,RX_3037,8.479183806921473e-05
-0.0682,51.5483,169.68,RX_3037,8.479183806921473e-05
-0.0681,51.5483,170.2,RX_3039,0.00011010327735804956
-0.0681,51.5483,170.56,RX_3039,0.00011010327735804956
-0.068,51.5483,169.04000000000002,RX_3042,6.957599387352886e-05
-0.068,51.5483,169.76999999999998,RX_3042,6.957599387352886e-05
-0.0679,51.5483,168.13,RX_3045,4.02850332733731e-05
-0.0679,51.5483,165.51999999999998,RX_3045,4.02850332733731e-05
-0.0679,51.5483,165.56,RX_3045,4.02850332733731e-05
-0.0678,51.5483,167.26,RX_3046,2.6470718050782278e-05
-0.0678,51.5483,164.36,RX_3046,2.6470718050782278e-05
-0.0677,51.5483,160.95,RX_3049,2.911611566578208e-05
-0.0677,51.5483,161.95,RX_3049,2.911611566578208e-05
-0.0676,51.5483,160.76,RX_3050,3.7143658051133644e-05
-0.0676,51.5483,163.21,RX_3050,3.7143658051133644e-05
-0.0675,51.5483,163.81,RX_3052,4.6409547281604525e-05
-0.0675,51.5483,163.75,RX_3052,4.6409547281604525e-05
-0.0674,51.5483,163.67000000000002,RX_3054,5.974799500828072e-05
-0.0674,51.5483,166.09,RX_3054,5.974799500828072e-05
-0.0673,51.5483,167.91,RX_3057,8.10494240387572e-05
-0.0673,51.5483,165.81,RX_3057,8.10494240387572e-05
-0.0672,51.5483,162.3,RX_3058,0.00011240415254337412
-0.0672,51.5483,161.79000000000002,RX_3058,0.00011240415254337412
-0.0671,51.5483,166.26,RX_3061,0.00014040006120602728
-0.0671,51.5483,166.76999999999998,RX_3061,0.00014040006120602728
-0.067,51.5483,165.4,RX_3063,0.00010938294075821398
-0.067,51.5483,161.91,RX_3063,0.00010938294075821398
-0.067,51.5483,162.07999999999998,RX_3063,0.00010938294075821398
-0.0669,51.5483,164.99,RX_3065,0.00010167655439348257
-0.0669,51.5483,166.36,RX_3065,0.00010167655439348257
-0.0668,51.5483,164.17000000000002,RX_3067,0.0001359552160863658
-0.0668,51.5483,161.79000000000002,RX_3067,0.0001359552160863658
-0.0668,51.5483,165.51,RX_3067,0.0001359552160863658
-0.0667,51.5483,168.73000000000002,RX_3070,0.00014829387741848742
-0.0667,51.5483,168.87,RX_3070,0.00014829387741848742
-0.0666,51.5483,166.56,RX_3073,0.00013285039450724922
-0.0666,51.5483,163.34,RX_3073,0.00013285039450724922
-0.0665,51.5483,162.41,RX_3075,0.00018065955641642108
-0.0665,51.5483,165.98000000000002,RX_3075,0.00018065955641642108
-0.0664,51.5483,169.32999999999998,RX_3076,0.00015616332755872674
-0.0664,51.5483,163.43,RX_3076,0.00015616332755872674
-0.0664,51.5483,164.14,RX_3076,0.00015616332755872674
-0.0663,51.5483,167.54000000000002,RX_3080,0.00019219761861611752
-0.0663,51.5483,165.42000000000002,RX_3080,0.00019219761861611752
-0.0662,51.5483,165.18,RX_3081,0.0001779044142974973
-0.0662,51.5483,169.16,RX_3081,0.0001779044142974973
-0.0661,51.5483,171.24,RX_3084,0.00022451855202295276
-0.0661,51.5483,172.28,RX_3084,0.00022451855202295276
-0.066,51.5483,170.85000000000002,RX_3086,0.00019537472327751612
-0.066,51.5483,171.23000000000002,RX_3086,0.00019537472327751612
-0.0659,51.5483,168.46,RX_3087,0.0001833986250236796
-0.0659,51.5483,166.69,RX_3087,0.0001833986250236796
-0.0658,51.5483,168.76,RX_3090,0.00020830292638930362
-0.0658,51.5483,168.39,RX_3090,0.00020830292638930362
-0.0657,51.5483,168.92000000000002,RX_3092,0.00016441438198714037
-0.0657,51.5483,170.15,RX_3092,0.00016441438198714037
-0.0656,51.5483,169.56,RX_3095,0.00014063366659242149
-0.0656,51.5483,169.10000000000002,RX_3095,0.00014063366659242149
-0.0656,51.5483,169.01999999999998,RX_3095,0.00014063366659242149
-0.0655,51.5483,171.46,RX_3096,0.00013558116357823184
-0.0655,51.5483,168.8,RX_3096,0.00013558116357823184
-0.0654,51.5483,167.31,RX_3098,0.00014192344731705554
-0.0654,51.5483,168.95,RX_3098,0.00014192344731705554
-0.0653,51.5483,168.73000000000002,RX_3101,0.00015131678767210693
-0.0653,51.5483,167.73000000000002,RX_3101,0.00015131678767210693
-0.0652,51.5483,166.07999999999998,RX_3103,0.0001422705572800247
-0.0652,51.5483,166.43,RX_3103,0.0001422705572800247
-0.0651,51.5483,164.89,RX_3104,0.0001261484428343496
-0.0651,51.5483,167.53,RX_3104,0.0001261484428343496
-0.065,51.5483,165.45,RX_3106,0.00011830513381192153
-0.065,51.5483,165.0,RX_3106,0.00011830513381192153
-0.0649,51.5483,163.87,RX_3109,0.00012039421334431997
-0.0649,51.5483,165.64,RX_3109,0.00012039421334431997
-0.0648,51.5483,165.78,RX_3112,0.0001178141811802925
-0.0648,51.5483,167.21,RX_3112,0.0001178141811802925
-0.0648,51.5483,167.45,RX_3112,0.0001178141811802925
-0.0647,51.5483,166.38,RX_3113,8.698048340414873e-05
-0.0646,51.5484,166.07,RX_3115,0.0001315848442841488
-0.0646,51.5484,167.22,RX_3115,0.0001315848442841488
-0.0646,51.5484,168.05,RX_3115,0.0001315848442841488
-0.0645,51.5484,167.64,RX_3118,7.203826361278036e-05
-0.0645,51.5484,166.41,RX_3118,7.203826361278036e-05
-0.0644,51.5484,166.75,RX_3119,2.5982268429461357e-05
-0.0644,51.5484,168.44,RX_3119,2.5982268429461357e-05
-0.0643,51.5484,168.28,RX_3122,8.363683556243754e-05
-0.0643,51.5484,166.78,RX_3122,8.363683556243754e-05
-0.0642,51.5484,166.99,RX_3124,0.00010718429660259879
-0.0642,51.5484,166.73000000000002,RX_3124,0.00010718429660259879
-0.0641,51.5484,167.53,RX_3125,0.00010088944641672366
-0.0641,51.5484,167.35000000000002,RX_3125,0.00010088944641672366
-0.0641,51.5484,168.07999999999998,RX_3125,0.00010088944641672366
-0.064,51.5484,166.26,RX_3128,0.0001672691028541811
-0.0639,51.5484,168.41,RX_3129,0.0001900448827108456
-0.0639,51.5484,168.72,RX_3129,0.0001900448827108456
-0.0639,51.5483,170.34,RX_3131,0.00011196491378751157
-0.0638,51.5483,170.66,RX_3133,0.00016755474632401562
-0.0638,51.5483,166.36,RX_3133,0.00016755474632401562
-0.0637,51.5483,169.67000000000002,RX_3134,0.00014642118272483774
-0.0637,51.5483,170.69,RX_3134,0.00014642118272483774
-0.0636,51.5483,172.17000000000002,RX_3137,0.0002058939017995393
-0.0636,51.5483,170.31,RX_3137,0.0002058939017995393
-0.0636,51.5483,167.51999999999998,RX_3137,0.0002058939017995393
-0.0635,51.5483,167.96,RX_3139,0.0001814030643059433
-0.0635,51.5483,166.38,RX_3139,0.0001814030643059433
-0.0634,51.5483,166.81,RX_3141,0.0002021812187959063
-0.0634,51.5483,170.0,RX_3141,0.0002021812187959063
-0.0633,51.5483,169.51,RX_3144,0.00020168669695704895
-0.0633,51.5483,168.35000000000002,RX_3144,0.00020168669695704895
-0.0633,51.5483,165.48000000000002,RX_3144,0.00020168669695704895
-0.0632,51.5483,167.06,RX_3146,0.00015887938543462162
-0.0632,51.5483,170.06,RX_3146,0.00015887938543462162
-0.0631,51.5483,168.5,RX_3148,0.00014313337233847544
-0.0631,51.5483,169.34,RX_3148,0.00014313337233847544
-0.063,51.5483,167.8,RX_3150,0.00015090903624588752
-0.063,51.5484,169.63,RX_3151,0.00019600959615807869
-0.063,51.5484,169.75,RX_3151,0.00019600959615807869
-0.0629,51.5484,168.8,RX_3154,0.00018833475086748217
-0.0629,51.5484,169.51999999999998,RX_3154,0.00018833475086748217
-0.0628,51.5484,169.82,RX_3156,0.00013620286168580293
-0.0628,51.5484,170.79000000000002,RX_3156,0.00013620286168580293
-0.0627,51.5484,170.68,RX_3157,8.959020835593879e-05
-0.0627,51.5484,170.13,RX_3157,8.959020835593879e-05
-0.0626,51.5485,169.34,RX_3160,7.947412087876553e-05
-0.0626,51.5485,166.98000000000002,RX_3160,7.947412087876553e-05
-0.0626,51.5485,167.82999999999998,RX_3160,7.947412087876553e-05
-0.0625,51.5485,168.46,RX_3163,7.609299874433005e-05
-0.0625,51.5485,168.73000000000002,RX_3163,7.609299874433005e-05
-0.0624,51.5485,168.13,RX_3166,0.00011586135309873938
-0.0624,51.5485,165.51999999999998,RX_3166,0.00011586135309873938
-0.0624,51.5485,167.26999999999998,RX_3166,0.00011586135309873938
-0.0623,51.5486,167.38,RX_3168,0.00018786452004577122
-0.0623,51.5486,166.75,RX_3168,0.00018786452004577122
-0.0622,51.5486,169.15,RX_3169,0.00010426290582043765
-0.0622,51.5486,167.06,RX_3169,0.00010426290582043765
-0.0621,51.5486,166.5,RX_3172,5.9573604842794936e-05
-0.0621,51.5486,167.29000000000002,RX_3172,5.9573604842794936e-05
-0.062,51.5486,166.71,RX_3174,0.0001225006386609522
-0.062,51.5486,168.48000000000002,RX_3174,0.0001225006386609522
-0.062,51.5487,169.04000000000002,RX_3175,0.00013470196333148
-0.0619,51.5487,168.4,RX_3176,9.893709437535836e-06
-0.0619,51.5487,168.99,RX_3176,9.893709437535836e-06
-0.0618,51.5487,168.24,RX_3180,0.00012310185963099939
-0.0618,51.5487,168.55,RX_3180,0.00012310185963099939
-0.0618,51.5487,169.59,RX_3180,0.00012310185963099939
-0.0617,51.5488,170.28,RX_3181,9.324211296784455e-05
-0.0617,51.5488,170.16,RX_3181,9.324211296784455e-05
-0.0616,51.5488,166.24,RX_3184,0.00020449295438952777
-0.0616,51.5488,168.17000000000002,RX_3184,0.00020449295438952777
-0.0616,51.5488,169.5,RX_3184,0.00020449295438952777
-0.0615,51.5488,169.39,RX_3186,4.101748455124143e-05
-0.0615,51.5488,170.37,RX_3186,4.101748455124143e-05
-0.0614,51.5488,170.32,RX_3188,0.00013432009949549572
-0.0614,51.5489,168.31,RX_3189,4.161069523263504e-05
-0.0613,51.5489,169.8,RX_3190,0.00020452654610181268
-0.0613,51.5489,167.22,RX_3190,0.00020452654610181268
-0.0612,51.5489,168.41,RX_3194,5.035536521561474e-05
-0.0612,51.5489,168.7,RX_3194,5.035536521561474e-05
-0.0612,51.5489,171.34,RX_3194,5.035536521561474e-05
-0.0611,51.5489,170.71,RX_3196,0.00016225183402081904
-0.0611,51.5489,171.82999999999998,RX_3196,0.00016225183402081904
-0.061,51.549,170.13,RX_3198,9.669027448829675e-05
-0.061,51.549,172.92000000000002,RX_3198,9.669027448829675e-05
-0.0609,51.549,169.69,RX_3200,0.00015410814471707545
-0.0609,51.549,169.11,RX_3200,0.00015410814471707545
-0.0608,51.549,171.68,RX_3201,0.00010742172283445406
-0.0608,51.549,171.74,RX_3201,0.00010742172283445406
-0.0607,51.549,170.32999999999998,RX_3203,0.00010674453000782649
-0.0607,51.549,163.64,RX_3203,0.00010674453000782649
-0.0606,51.549,165.87,RX_3205,0.00014936166342094837
-0.0606,51.549,168.51,RX_3205,0.00014936166342094837
-0.0605,51.549,168.46,RX_3207,0.00011432637131296883
-0.0605,51.549,168.2,RX_3207,0.00011432637131296883
-0.0604,51.549,168.91,RX_3209,0.00010268460117710982
-0.0604,51.5491,167.94,RX_3210,6.128470716357618e-05
-0.0604,51.5491,166.57,RX_3210,6.128470716357618e-05
-0.0603,51.5491,167.79000000000002,RX_3212,0.00014346139540556484
-0.0603,51.5492,168.13,RX_3213,0.000124627253004176
-0.0602,51.5492,169.07999999999998,RX_3214,0.0001267878583733583
-0.0602,51.5493,171.62,RX_3218,0.00010915672237779763
-0.0602,51.5493,173.57,RX_3218,0.00010915672237779763
-0.0602,51.5493,172.59,RX_3218,0.00010915672237779763
-0.0602,51.5493,171.51999999999998,RX_3218,0.00010915672237779763
-0.0602,51.5493,169.72,RX_3218,0.00010915672237779763
-0.0601,51.5493,170.63,RX_3220,1.7235912968429213e-05
-0.0601,51.5493,168.98000000000002,RX_3220,1.7235912968429213e-05
-0.0601,51.5494,168.81,RX_3222,0.0001854772981889429
-0.06,51.5494,170.57999999999998,RX_3225,0.0001297465584766023
-0.06,51.5494,169.60000000000002,RX_3225,0.0001297465584766023
-0.06,51.5494,169.76,RX_3225,0.0001297465584766023
-0.06,51.5494,169.95,RX_3225,0.0001297465584766023
-0.0599,51.5494,171.15,RX_3227,6.910438646618968e-05
-0.0599,51.5495,170.82999999999998,RX_3894,0.00015168408372571415
-0.0598,51.5495,171.45,RX_3229,0.00020382444634665223
-0.0598,51.5495,171.01,RX_3229,0.00020382444634665223
-0.0598,51.5495,171.60000000000002,RX_3229,0.00020382444634665223
-0.0597,51.5495,170.55,RX_3888,0.00018134845499924966
-0.0597,51.5495,169.99,RX_3888,0.00018134845499924966
-0.0597,51.5495,172.03,RX_3888,0.00018134845499924966
-0.0596,51.5496,169.16,RX_3235,0.000116749016779463
-0.0596,51.5496,171.01,RX_3235,0.000116749016779463
-0.0595,51.5496,170.11,RX_3237,0.00010031368098383096
-0.0595,51.5496,168.54000000000002,RX_3237,0.00010031368098383096
-0.0595,51.5496,168.76999999999998,RX_3237,0.00010031368098383096
-0.0594,51.5497,170.26,RX_3242,0.00012102719549345006
-0.0594,51.5497,168.59,RX_3242,0.00012102719549345006
-0.0594,51.5497,167.76999999999998,RX_3242,0.00012102719549345006
-0.0593,51.5497,165.88,RX_3244,9.560195777705712e-05
-0.0593,51.5497,168.04000000000002,RX_3244,9.560195777705712e-05
-0.0593,51.5498,167.0,RX_3247,0.00011828643948092264
-0.0593,51.5498,166.68,RX_3247,0.00011828643948092264
-0.0593,51.5498,167.04000000000002,RX_3247,0.00011828643948092264
-0.0592,51.5499,168.5,RX_3250,0.00010657928381858041
-0.0592,51.5499,169.34,RX_3250,0.00010657928381858041
-0.0592,51.5499,168.05,RX_3250,0.00010657928381858041
-0.0592,51.55,168.93,RX_3252,0.00011618673880519019
-0.0592,51.55,166.82,RX_3252,0.00011618673880519019
-0.0592,51.55,167.18,RX_3252,0.00011618673880519019
-0.0592,51.5501,166.75,RX_3255,0.00014322887557460527
-0.0592,51.5501,166.68,RX_3255,0.00014322887557460527
-0.0592,51.5501,167.54000000000002,RX_3255,0.00014322887557460527
-0.0591,51.5502,168.94,RX_3257,0.00010646811796415332
-0.0591,51.5502,167.99,RX_3257,0.00010646811796415332
-0.0591,51.5502,168.25,RX_3257,0.00010646811796415332
-0.0591,51.5502,167.93,RX_3257,0.00010646811796415332
-0.0591,51.5503,167.25,RX_3262,3.4009574453597216e-06
-0.0591,51.5503,169.21,RX_3262,3.4009574453597216e-06
-0.0591,51.5503,168.22,RX_3262,3.4009574453597216e-06
-0.0591,51.5503,167.17000000000002,RX_3262,3.4009574453597216e-06
-0.059,51.5504,168.51,RX_3266,0.00015961316193763652
-0.059,51.5504,168.15,RX_3266,0.00015961316193763652
-0.059,51.5504,168.99,RX_3266,0.00015961316193763652
-0.059,51.5505,169.57,RX_3271,4.691404041256917e-05
-0.059,51.5505,170.06,RX_3271,4.691404041256917e-05
-0.059,51.5505,170.14,RX_3271,4.691404041256917e-05
-0.059,51.5505,171.03,RX_3271,4.691404041256917e-05
-0.0589,51.5506,169.68,RX_3274,0.00012136991264911624
-0.0589,51.5506,171.32,RX_3274,0.00012136991264911624
-0.0589,51.5506,172.64,RX_3274,0.00012136991264911624
-0.0589,51.5507,171.24,RX_3276,4.474388864753398e-05
-0.0589,51.5507,172.11,RX_3276,4.474388864753398e-05
-0.0589,51.5507,172.79000000000002,RX_3276,4.474388864753398e-05
-0.0589,51.5507,171.04000000000002,RX_3276,4.474388864753398e-05
-0.0589,51.5508,172.47,RX_3279,0.0001882361286714207
-0.0588,51.5508,172.26,RX_3280,1.7796117285615292e-05
-0.0588,51.5508,172.98000000000002,RX_3280,1.7796117285615292e-05
-0.0588,51.5509,172.53,RX_3285,0.00019168976824691296
-0.0588,51.5509,173.45,RX_3285,0.00019168976824691296
-0.0588,51.5509,172.34,RX_3285,0.00019168976824691296
-0.0588,51.5509,174.39,RX_3285,0.00019168976824691296
-0.0588,51.551,173.48000000000002,RX_3286,0.00010361020258097872
-0.0588,51.551,173.82999999999998,RX_3286,0.00010361020258097872
-0.0588,51.551,174.24,RX_3286,0.00010361020258097872
-0.0587,51.5511,173.04000000000002,RX_3290,7.480303221428218e-05
-0.0587,51.5511,172.87,RX_3290,7.480303221428218e-05
-0.0587,51.5511,174.91,RX_3290,7.480303221428218e-05
-0.0587,51.5511,174.57,RX_3290,7.480303221428218e-05
-0.0587,51.5512,174.45,RX_3293,0.00016512865339853548
-0.0587,51.5512,174.12,RX_3293,0.00016512865339853548
-0.0587,51.5512,173.49,RX_3293,0.00016512865339853548
-0.0586,51.5513,173.55,RX_3298,4.901916128194079e-05
-0.0586,51.5513,173.01,RX_3298,4.901916128194079e-05
-0.0586,51.5513,173.71,RX_3298,4.901916128194079e-05
-0.0586,51.5513,172.95,RX_3298,4.901916128194079e-05
-0.0586,51.5514,174.47,RX_3302,0.00015696797262319072
-0.0586,51.5514,174.21,RX_3302,0.00015696797262319072
-0.0586,51.5514,172.75,RX_3302,0.00015696797262319072
-0.0586,51.5515,173.96,RX_3303,0.0001366097520690696
-0.0585,51.5515,174.10000000000002,RX_3304,0.00011435538046380389
-0.0585,51.5515,173.21,RX_3304,0.00011435538046380389
-0.0585,51.5515,173.94,RX_3304,0.00011435538046380389
-0.0585,51.5516,173.64,RX_3310,6.977733603458264e-05
-0.0585,51.5516,172.04000000000002,RX_3310,6.977733603458264e-05
-0.0585,51.5516,172.73000000000002,RX_3310,6.977733603458264e-05
-0.0585,51.5516,172.66,RX_3310,6.977733603458264e-05
-0.0585,51.5517,174.09,RX_3311,0.00020494982303348642
-0.0585,51.5517,173.69,RX_3311,0.00020494982303348642
-0.0584,51.5517,171.15,RX_3313,0.00010032058775097872
-0.0584,51.5518,173.2,RX_3314,0.00017998260296639906
-0.0584,51.5518,174.39,RX_3314,0.00017998260296639906
-0.0584,51.5518,174.82,RX_3314,0.00017998260296639906
-0.0584,51.5519,174.93,RX_3318,0.00010484646137507404
-0.0584,51.5519,173.15,RX_3318,0.00010484646137507404
-0.0584,51.5519,173.37,RX_3318,0.00010484646137507404
-0.0583,51.5519,173.76999999999998,RX_3320,0.0001899760702869271
-0.0583,51.552,174.41,RX_3321,9.231190121608736e-05
-0.0583,51.552,174.26999999999998,RX_3321,9.231190121608736e-05
-0.0583,51.552,174.07999999999998,RX_3321,9.231190121608736e-05
-0.0583,51.5521,172.03,RX_3326,4.60850278629158e-05
-0.0583,51.5521,172.26,RX_3326,4.60850278629158e-05
-0.0583,51.5521,174.26,RX_3326,4.60850278629158e-05
-0.0582,51.5521,173.67000000000002,RX_3327,0.00020088426406889292
-0.0582,51.5522,174.35000000000002,RX_3329,0.00012121634849153083
-0.0582,51.5522,172.59,RX_3329,0.00012121634849153083
-0.0582,51.5523,173.23000000000002,RX_3330,4.718894498387208e-05
-0.0582,51.5523,173.29000000000002,RX_3330,4.718894498387208e-05
-0.0582,51.5523,172.13,RX_3330,4.718894498387208e-05
-0.0582,51.5523,172.54000000000002,RX_3330,4.718894498387208e-05
-0.0582,51.5524,171.04000000000002,RX_3334,5.0399111378310874e-05
-0.0581,51.5524,171.85000000000002,RX_3337,0.0001970208114424578
-0.0581,51.5524,171.32,RX_3337,0.0001970208114424578
-0.0581,51.5524,170.97,RX_3337,0.0001970208114424578
-0.0581,51.5524,171.57,RX_3337,0.0001970208114424578
-0.0581,51.5525,170.34,RX_3341,0.0002010758878307293
-0.0581,51.5525,170.57,RX_3341,0.0002010758878307293
-0.0581,51.5525,172.41,RX_3341,0.0002010758878307293
-0.0581,51.5525,170.34,RX_3341,0.0002010758878307293
-0.058,51.5526,171.96,RX_3345,9.526329475925482e-05
-0.058,51.5526,170.78,RX_3345,9.526329475925482e-05
-0.058,51.5526,172.51,RX_3345,9.526329475925482e-05
-0.058,51.5527,170.14,RX_3346,0.00013193837348545395
-0.058,51.5527,170.37,RX_3346,0.00013193837348545395
-0.058,51.5527,170.94,RX_3346,0.00013193837348545395
-0.058,51.5527,170.97,RX_3346,0.00013193837348545395
-0.0579,51.5527,169.63,RX_3350,6.0649766838355905e-05
-0.0579,51.5528,169.74,RX_3351,7.698405325955408e-06
-0.0579,51.5528,169.64,RX_3351,7.698405325955408e-06
-0.0579,51.5528,171.47,RX_3351,7.698405325955408e-06
-0.0578,51.5528,168.14,RX_3354,6.980753927514405e-05
-0.0578,51.5529,169.74,RX_3357,0.00010274384275297789
-0.0578,51.5529,172.11,RX_3357,0.00010274384275297789
-0.0578,51.5529,171.60000000000002,RX_3357,0.00010274384275297789
-0.0577,51.5529,171.5,RX_3358,9.803494031246276e-05
-0.0577,51.553,172.37,RX_3359,5.3652280166421686e-05
-0.0577,51.553,172.51999999999998,RX_3359,5.3652280166421686e-05
-0.0576,51.553,173.05,RX_3362,3.966608137342864e-05
-0.0576,51.553,173.35000000000002,RX_3362,3.966608137342864e-05
-0.0576,51.5531,174.35000000000002,RX_3363,0.00014110029182244185
-0.0576,51.5531,174.92000000000002,RX_3363,0.00014110029182244185
-0.0575,51.5531,172.67000000000002,RX_3365,0.00018097224028590906
-0.0575,51.5531,173.91,RX_3365,0.00018097224028590906
-0.0575,51.5531,174.55,RX_3365,0.00018097224028590906
-0.0575,51.5532,174.21,RX_3368,0.00016574138080750918
-0.0574,51.5532,173.28,RX_3369,0.0001132971369178872
-0.0574,51.5532,173.26,RX_3369,0.0001132971369178872
-0.0574,51.5532,174.60000000000002,RX_3369,0.0001132971369178872
-0.0573,51.5533,173.99,RX_3375,0.00015761801010731784
-0.0573,51.5533,175.54000000000002,RX_3375,0.00015761801010731784
-0.0573,51.5533,175.93,RX_3375,0.00015761801010731784
-0.0573,51.5533,175.53,RX_3375,0.00015761801010731784
-0.0573,51.5534,174.06,RX_3376,7.147644434948283e-05
-0.0572,51.5534,176.76,RX_3377,4.374155525650351e-05
-0.0572,51.5534,176.61,RX_3377,4.374155525650351e-05
-0.0572,51.5534,175.7,RX_3377,4.374155525650351e-05
-0.0572,51.5535,176.03,RX_3381,0.0001796177443796797
-0.0572,51.5535,174.29000000000002,RX_3381,0.0001796177443796797
-0.0571,51.5535,176.45,RX_3382,7.917202248135279e-05
-0.0571,51.5536,176.34,RX_3383,0.0002134151855519082
-0.0571,51.5536,175.07,RX_3383,0.0002134151855519082
-0.0571,51.5536,174.8,RX_3383,0.0002134151855519082
-0.0571,51.5536,173.5,RX_3383,0.0002134151855519082
-0.0571,51.5537,175.72,RX_3387,7.118834477954976e-05
-0.0571,51.5537,173.93,RX_3387,7.118834477954976e-05
-0.0571,51.5537,174.39,RX_3387,7.118834477954976e-05
-0.0571,51.5538,176.07999999999998,RX_3390,0.00016706565303476563
-0.057,51.5538,175.82,RX_3391,4.9206386816029216e-05
-0.057,51.5538,173.71,RX_3391,4.9206386816029216e-05
-0.057,51.5538,174.89,RX_3391,4.9206386816029216e-05
-0.057,51.5539,174.99,RX_3396,0.0001111757803957989
-0.057,51.5539,174.82,RX_3396,0.0001111757803957989
-0.057,51.5539,175.57999999999998,RX_3396,0.0001111757803957989
-0.057,51.554,176.93,RX_3397,0.00015338729051308923
-0.057,51.554,176.88,RX_3397,0.00015338729051308923
-0.057,51.554,175.25,RX_3397,0.00015338729051308923
-0.057,51.554,174.06,RX_3397,0.00015338729051308923
-0.057,51.5541,175.29000000000002,RX_3401,0.00011762087956384545
-0.057,51.5541,175.05,RX_3401,0.00011762087956384545
-0.057,51.5541,176.68,RX_3401,0.00011762087956384545
-0.057,51.5542,176.71,RX_3407,0.00017321217263774121
-0.057,51.5542,176.78,RX_3407,0.00017321217263774121
-0.057,51.5542,176.84,RX_3407,0.00017321217263774121
-0.057,51.5542,176.34,RX_3407,0.00017321217263774121
-0.057,51.5543,176.82999999999998,RX_3410,9.898314002164497e-05
-0.057,51.5543,176.32,RX_3410,9.898314002164497e-05
-0.057,51.5543,175.51,RX_3410,9.898314002164497e-05
-0.057,51.5544,176.31,RX_3411,5.032898394115555e-05
-0.057,51.5544,176.41,RX_3411,5.032898394115555e-05
-0.057,51.5544,175.97,RX_3411,5.032898394115555e-05
-0.057,51.5544,175.29000000000002,RX_3411,5.032898394115555e-05
-0.057,51.5545,174.15,RX_3418,0.00019714806307857455
-0.057,51.5545,173.28,RX_3418,0.00019714806307857455
-0.057,51.5545,174.36,RX_3418,0.00019714806307857455
-0.057,51.5545,174.64,RX_3418,0.00019714806307857455
-0.057,51.5546,176.84,RX_3420,0.00013471160555552196
-0.057,51.5546,177.2,RX_3420,0.00013471160555552196
-0.057,51.5546,176.10000000000002,RX_3420,0.00013471160555552196
-0.057,51.5547,176.81,RX_3422,0.00010196483388118246
-0.0569,51.5547,176.47,RX_3423,0.00010296198376396723
-0.0569,51.5547,176.19,RX_3423,0.00010296198376396723
-0.0569,51.5548,177.47,RX_3428,0.000162598648304088
-0.0569,51.5548,176.35000000000002,RX_3428,0.000162598648304088
-0.0569,51.5548,177.07,RX_3428,0.000162598648304088
-0.0569,51.5548,177.8,RX_3428,0.000162598648304088
-0.0569,51.5549,177.87,RX_3431,0.00012473881723937272
-0.0569,51.5549,177.24,RX_3431,0.00012473881723937272
-0.0569,51.5549,178.36,RX_3431,0.00012473881723937272
-0.0569,51.555,177.9,RX_3435,5.9456920450322123e-05
-0.0569,51.555,177.06,RX_3435,5.9456920450322123e-05
-0.0569,51.555,178.39,RX_3435,5.9456920450322123e-05
-0.0569,51.555,177.59,RX_3435,5.9456920450322123e-05
-0.0569,51.5551,176.54000000000002,RX_3437,0.00014152550024716778
-0.0569,51.5551,176.78,RX_3437,0.00014152550024716778
-0.0569,51.5551,178.01999999999998,RX_3437,0.00014152550024716778
-0.0569,51.5552,177.28,RX_3442,0.0002023727797183228
-0.0569,51.5552,177.39,RX_3442,0.0002023727797183228
-0.0569,51.5552,177.97,RX_3442,0.0002023727797183228
-0.0569,51.5552,176.97,RX_3442,0.0002023727797183228
-0.0569,51.5553,177.73000000000002,RX_3445,8.543507643585165e-05
-0.0569,51.5553,177.44,RX_3445,8.543507643585165e-05
-0.0569,51.5553,176.14,RX_3445,8.543507643585165e-05
-0.0569,51.5554,176.78,RX_3447,3.073655131369566e-05
-0.0569,51.5554,176.25,RX_3447,3.073655131369566e-05
-0.0569,51.5554,176.5,RX_3447,3.073655131369566e-05
-0.0569,51.5555,177.05,RX_3450,0.0001456739300370118
-0.0569,51.5555,177.23000000000002,RX_3450,0.0001456739300370118
-0.0568,51.5555,176.34,RX_3451,9.547432049240257e-05
-0.0568,51.5556,176.34,RX_3453,7.937012955176865e-05
-0.0568,51.5556,175.55,RX_3453,7.937012955176865e-05
-0.0568,51.5556,174.62,RX_3453,7.937012955176865e-05
-0.0568,51.5556,174.96,RX_3453,7.937012955176865e-05
-0.0568,51.5557,176.39,RX_3456,0.00013900777194650527
-0.0567,51.5557,175.47,RX_3458,0.00020448241268014057
-0.0567,51.5557,173.59,RX_3458,0.00020448241268014057
-0.0567,51.5557,174.29000000000002,RX_3458,0.00020448241268014057
-0.0566,51.5558,172.09,RX_3462,0.00010720259779489507
-0.0566,51.5558,173.46,RX_3462,0.00010720259779489507
-0.0566,51.5558,173.76999999999998,RX_3462,0.00010720259779489507
-0.0565,51.5558,175.17000000000002,RX_3463,4.642661473708085e-05
-0.0565,51.5558,174.51,RX_3463,4.642661473708085e-05
-0.0564,51.5559,175.54000000000002,RX_3465,0.00010850031999708723
-0.0564,51.5559,175.67000000000002,RX_3465,0.00010850031999708723
-0.0563,51.5559,175.03,RX_3467,0.00018960304842403588
-0.0562,51.5559,175.64,RX_3469,0.0001786814774352654
-0.0562,51.5559,175.05,RX_3469,0.0001786814774352654
-0.0562,51.5559,175.26999999999998,RX_3469,0.0001786814774352654
-0.0562,51.5559,174.55,RX_3469,0.0001786814774352654
-0.0561,51.5559,174.68,RX_3472,8.07632651011845e-05
-0.0561,51.556,174.45,RX_3473,0.000183703469172706
-0.056,51.556,174.17000000000002,RX_3474,0.00014208013217882392
-0.056,51.556,174.09,RX_3474,0.00014208013217882392
-0.056,51.556,174.23000000000002,RX_3474,0.00014208013217882392
-0.0559,51.556,173.69,RX_3478,0.00011852738404409095
-0.0559,51.556,175.19,RX_3478,0.00011852738404409095
-0.0558,51.556,174.82999999999998,RX_3480,6.843629097563858e-05
-0.0558,51.556,175.51,RX_3480,6.843629097563858e-05
-0.0558,51.556,175.93,RX_3480,6.843629097563858e-05
-0.0557,51.5561,175.17000000000002,RX_3484,0.00021837968477528348
-0.0557,51.5561,175.44,RX_3484,0.00021837968477528348
-0.0557,51.5561,175.51999999999998,RX_3484,0.00021837968477528348
-0.0556,51.5561,174.98000000000002,RX_3485,0.00018341835259626514
-0.0556,51.5561,173.9,RX_3485,0.00018341835259626514
-0.0555,51.5561,173.04000000000002,RX_3488,0.00017773110644306227
-0.0555,51.5561,174.89,RX_3488,0.00017773110644306227
-0.0555,51.5561,172.92000000000002,RX_3488,0.00017773110644306227
-0.0554,51.5561,173.64,RX_3491,0.00017617143534918227
-0.0554,51.5561,173.25,RX_3491,0.00017617143534918227
-0.0553,51.5561,174.7,RX_3494,0.0001332998347271727
-0.0553,51.5561,173.49,RX_3494,0.0001332998347271727
-0.0553,51.5561,175.19,RX_3494,0.0001332998347271727
-0.0552,51.5561,175.21,RX_3495,0.00012148862101633876
-0.0552,51.5561,175.12,RX_3495,0.00012148862101633876
-0.0552,51.5561,172.29000000000002,RX_3495,0.00012148862101633876
-0.0552,51.556,173.9,RX_3499,0.00019134408660568647
-0.0552,51.556,171.9,RX_3499,0.00019134408660568647
-0.0552,51.556,172.82,RX_3499,0.00019134408660568647
-0.0551,51.556,172.82999999999998,RX_3501,0.00015650819892327434
-0.0551,51.5559,174.89,RX_3505,0.00018932641422900515
-0.0551,51.5559,173.45,RX_3505,0.00018932641422900515
-0.0551,51.5559,175.32999999999998,RX_3505,0.00018932641422900515
-0.0551,51.5559,174.98000000000002,RX_3505,0.00018932641422900515
-0.0551,51.5558,174.61,RX_3506,0.00015285650167184368
-0.055,51.5558,174.99,RX_3507,0.00016900145740907853
-0.055,51.5558,174.71,RX_3507,0.00016900145740907853
-0.055,51.5558,175.72,RX_3507,0.00016900145740907853
-0.055,51.5557,175.55,RX_3510,0.00021060309140798466
-0.055,51.5557,175.53,RX_3510,0.00021060309140798466
-0.055,51.5557,176.07,RX_3510,0.00021060309140798466
-0.055,51.5557,174.39,RX_3510,0.00021060309140798466
-0.0549,51.5556,176.0,RX_3514,0.00013074678155496847
-0.0549,51.5556,175.82,RX_3514,0.00013074678155496847
-0.0549,51.5556,174.36,RX_3514,0.00013074678155496847
-0.0549,51.5556,174.11,RX_3514,0.00013074678155496847
-0.0549,51.5555,175.12,RX_3518,0.00014073711434184707
-0.0549,51.5555,175.93,RX_3518,0.00014073711434184707
-0.0549,51.5555,175.92000000000002,RX_3518,0.00014073711434184707
-0.0548,51.5554,176.45,RX_3523,9.89670009711733e-05
-0.0548,51.5554,176.61,RX_3523,9.89670009711733e-05
-0.0548,51.5554,176.91,RX_3523,9.89670009711733e-05
-0.0548,51.5554,176.73000000000002,RX_3523,9.89670009711733e-05
-0.0548,51.5553,175.96,RX_3525,9.170005656282304e-05
-0.0548,51.5553,176.35000000000002,RX_3525,9.170005656282304e-05
-0.0547,51.5553,175.61,RX_3527,9.397893852112678e-05
-0.0547,51.5552,175.91,RX_3530,5.819142482686378e-05
-0.0547,51.5552,176.29000000000002,RX_3530,5.819142482686378e-05
-0.0547,51.5552,176.01999999999998,RX_3530,5.819142482686378e-05
-0.0547,51.5552,175.64,RX_3530,5.819142482686378e-05
-0.0547,51.5551,175.60000000000002,RX_3533,8.406699805434259e-05
-0.0547,51.5551,173.99,RX_3533,8.406699805434259e-05
-0.0546,51.5551,174.62,RX_3534,0.00016430650428879694
-0.0546,51.555,174.94,RX_3535,0.00014342482992566328
-0.0546,51.555,175.04000000000002,RX_3535,0.00014342482992566328
-0.0546,51.555,175.21,RX_3535,0.00014342482992566328
-0.0546,51.5549,175.37,RX_3538,6.320814453208985e-05
-0.0545,51.5549,174.85000000000002,RX_3541,0.0001239185868297238
-0.0545,51.5549,176.12,RX_3541,0.0001239185868297238
-0.0545,51.5549,175.85000000000002,RX_3541,0.0001239185868297238
-0.0545,51.5548,175.34,RX_3542,2.908622954841488e-05
-0.0545,51.5548,175.74,RX_3542,2.908622954841488e-05
-0.0544,51.5548,175.17000000000002,RX_3544,8.987398617846194e-05
-0.0544,51.5547,173.44,RX_3545,7.920443462585037e-05
-0.0544,51.5547,174.45,RX_3545,7.920443462585037e-05
-0.0544,51.5547,174.8,RX_3545,7.920443462585037e-05
-0.0543,51.5547,174.98000000000002,RX_3548,0.00010246679287014204
-0.0543,51.5546,175.73000000000002,RX_3549,0.00013898606579619996
-0.0543,51.5546,175.9,RX_3549,0.00013898606579619996
-0.0543,51.5546,175.63,RX_3549,0.00013898606579619996
-0.0543,51.5545,176.07,RX_3552,0.0001553866108161993
-0.0542,51.5545,174.12,RX_3553,0.00013766254182810158
-0.0542,51.5545,174.75,RX_3553,0.00013766254182810158
-0.0542,51.5545,174.23000000000002,RX_3553,0.00013766254182810158
-0.0542,51.5544,173.11,RX_3556,6.325711910097929e-05
-0.0542,51.5544,173.59,RX_3556,6.325711910097929e-05
-0.0541,51.5544,174.82999999999998,RX_3558,0.00011973815599137071
-0.0541,51.5544,174.89,RX_3558,0.00011973815599137071
-0.0541,51.5544,174.4,RX_3558,0.00011973815599137071
-0.0541,51.5543,174.4,RX_3561,0.0001865889327349782
-0.0541,51.5543,173.94,RX_3561,0.0001865889327349782
-0.054,51.5543,172.85000000000002,RX_3563,0.00010733906381721187
-0.054,51.5543,174.35000000000002,RX_3563,0.00010733906381721187
-0.054,51.5542,174.56,RX_3566,0.00010171775929070204
-0.054,51.5542,176.09,RX_3566,0.00010171775929070204
-0.0539,51.5542,175.87,RX_3568,0.00020832602084468443
-0.0539,51.5542,174.03,RX_3568,0.00020832602084468443
-0.0539,51.5541,173.71,RX_3569,9.256814311103139e-05
-0.0539,51.5541,172.03,RX_3569,9.256814311103139e-05
-0.0539,51.5541,171.72,RX_3569,9.256814311103139e-05
-0.0538,51.5541,171.8,RX_3572,0.0001232355650520658
-0.0538,51.554,173.67000000000002,RX_3574,4.547666328858987e-05
-0.0538,51.554,174.36,RX_3574,4.547666328858987e-05
-0.0538,51.554,175.3,RX_3574,4.547666328858987e-05
-0.0538,51.554,175.91,RX_3574,4.547666328858987e-05
-0.0537,51.5539,174.2,RX_3580,6.392169626209225e-05
-0.0537,51.5539,173.03,RX_3580,6.392169626209225e-05
-0.0537,51.5539,174.04000000000002,RX_3580,6.392169626209225e-05
-0.0537,51.5539,174.25,RX_3580,6.392169626209225e-05
-0.0537,51.5538,174.26,RX_3581,0.00013545810071681266
-0.0536,51.5538,174.89,RX_3583,0.00010349387415082985
-0.0536,51.5538,175.10000000000002,RX_3583,0.00010349387415082985
-0.0536,51.5538,174.66,RX_3583,0.00010349387415082985
-0.0536,51.5537,173.94,RX_3587,0.00011090080621986393
-0.0536,51.5537,173.10000000000002,RX_3587,0.00011090080621986393
-0.0536,51.5537,174.07,RX_3587,0.00011090080621986393
-0.0535,51.5537,175.36,RX_3588,0.00015527553409528514
-0.0535,51.5536,175.79000000000002,RX_3590,0.00010491117655203743
-0.0535,51.5536,176.3,RX_3590,0.00010491117655203743
-0.0535,51.5536,176.65,RX_3590,0.00010491117655203743
-0.0534,51.5536,175.31,RX_3592,0.00010624006535153927
-0.0534,51.5535,175.7,RX_3594,0.0001357891650247173
-0.0534,51.5535,176.88,RX_3594,0.0001357891650247173
-0.0534,51.5535,176.66,RX_3594,0.0001357891650247173
-0.0534,51.5535,176.10000000000002,RX_3594,0.0001357891650247173
-0.0533,51.5534,175.85000000000002,RX_3599,0.00010960801827330907
-0.0533,51.5534,173.47,RX_3599,0.00010960801827330907
-0.0533,51.5534,170.26,RX_3599,0.00010960801827330907
-0.0533,51.5533,170.54000000000002,RX_3601,5.927602583825152e-05
-0.0533,51.5533,170.37,RX_3601,5.927602583825152e-05
-0.0532,51.5533,170.24,RX_3602,0.00012183444309805494
-0.0532,51.5533,171.67000000000002,RX_3602,0.00012183444309805494
-0.0532,51.5532,173.10000000000002,RX_3605,6.832206956669821e-05
-0.0532,51.5532,174.59,RX_3605,6.832206956669821e-05
-0.0532,51.5532,173.74,RX_3605,6.832206956669821e-05
-0.0532,51.5531,172.76,RX_3607,4.417809675287483e-05
-0.0531,51.5531,172.81,RX_3609,0.00013071479282677245
-0.0531,51.5531,174.73000000000002,RX_3609,0.00013071479282677245
-0.0531,51.5531,175.32,RX_3609,0.00013071479282677245
-0.0531,51.553,175.99,RX_3611,7.85776447084792e-05
-0.0531,51.553,175.39,RX_3611,7.85776447084792e-05
-0.053,51.553,175.47,RX_3613,0.00013959013317019857
-0.053,51.5529,173.76999999999998,RX_3617,8.1936578847743e-05
-0.053,51.5529,174.69,RX_3617,8.1936578847743e-05
-0.053,51.5529,173.69,RX_3617,8.1936578847743e-05
-0.053,51.5529,174.07,RX_3617,8.1936578847743e-05
-0.0529,51.5528,175.44,RX_3620,9.073146064440494e-05
-0.0529,51.5528,175.72,RX_3620,9.073146064440494e-05
-0.0529,51.5528,175.23000000000002,RX_3620,9.073146064440494e-05
-0.0529,51.5527,175.93,RX_3621,9.065565668338057e-05
-0.0529,51.5527,175.98000000000002,RX_3621,9.065565668338057e-05
-0.0528,51.5527,176.42000000000002,RX_3623,0.00017274247658418654
-0.0528,51.5527,175.94,RX_3623,0.00017274247658418654
-0.0528,51.5526,175.49,RX_3625,0.00016644221947248765
-0.0528,51.5526,174.25,RX_3625,0.00016644221947248765
-0.0527,51.5525,175.7,RX_3628,4.479722772041836e-05
-0.0527,51.5525,174.5,RX_3628,4.479722772041836e-05
-0.0527,51.5525,174.36,RX_3628,4.479722772041836e-05
-0.0527,51.5525,173.85000000000002,RX_3628,4.479722772041836e-05
-0.0527,51.5525,173.07999999999998,RX_3628,4.479722772041836e-05
-0.0527,51.5524,172.09,RX_3632,0.00013926549000960664
-0.0526,51.5524,172.71,RX_3633,0.00012847822070890917
-0.0526,51.5524,171.94,RX_3633,0.00012847822070890917
-0.0526,51.5524,171.22,RX_3633,0.00012847822070890917
-0.0526,51.5524,171.44,RX_3633,0.00012847822070890917
-0.0525,51.5523,170.69,RX_3639,0.00016017598608530933
-0.0525,51.5523,172.37,RX_3639,0.00016017598608530933
-0.0525,51.5523,171.68,RX_3639,0.00016017598608530933
-0.0525,51.5523,171.10000000000002,RX_3639,0.00016017598608530933
-0.0525,51.5522,170.62,RX_3641,9.574776636874267e-05
-0.0524,51.5522,169.38,RX_3644,0.00010585037236295129
-0.0524,51.5522,168.71,RX_3644,0.00010585037236295129
-0.0524,51.5522,168.78,RX_3644,0.00010585037236295129
-0.0524,51.5521,169.24,RX_3645,0.00014159733420688984
-0.0523,51.5521,168.67000000000002,RX_3647,0.00011445935950107613
-0.0523,51.5521,168.64,RX_3647,0.00011445935950107613
-0.0523,51.5521,170.5,RX_3647,0.00011445935950107613
-0.0523,51.552,171.03,RX_3649,0.00015493319235500058
-0.0522,51.552,170.01,RX_3650,0.0001763119701098459
-0.0522,51.552,171.25,RX_3650,0.0001763119701098459
-0.0522,51.552,170.29000000000002,RX_3650,0.0001763119701098459
-0.0522,51.5519,170.98000000000002,RX_3653,7.61129614191162e-05
-0.0521,51.5519,170.97,RX_3654,0.00019455133206080247
-0.0521,51.5519,173.36,RX_3654,0.00019455133206080247
-0.0521,51.5519,174.06,RX_3654,0.00019455133206080247
-0.052,51.5518,174.17000000000002,RX_3659,4.843664720381478e-05
-0.052,51.5518,173.65,RX_3659,4.843664720381478e-05
-0.052,51.5518,174.97,RX_3659,4.843664720381478e-05
-0.0519,51.5517,174.67000000000002,RX_3660,0.0001592435046633987
-0.0519,51.5517,176.57,RX_3660,0.0001592435046633987
-0.0519,51.5517,174.64,RX_3660,0.0001592435046633987
-0.0519,51.5517,174.85000000000002,RX_3660,0.0001592435046633987
-0.0518,51.5517,175.79000000000002,RX_3664,0.00011903799338311529
-0.0518,51.5517,175.07,RX_3664,0.00011903799338311529
-0.0518,51.5516,176.18,RX_3666,7.691723969805816e-05
-0.0518,51.5516,175.7,RX_3666,7.691723969805816e-05
-0.0517,51.5516,176.66,RX_3669,0.00010713039942973375
-0.0517,51.5516,176.26,RX_3669,0.00010713039942973375
-0.0518,51.5515,175.87,RX_3670,0.00010781800925110528
-0.0518,51.5515,176.67000000000002,RX_3670,0.00010781800925110528
-0.0518,51.5515,175.54000000000002,RX_3670,0.00010781800925110528
-0.0518,51.5514,177.79000000000002,RX_3673,0.00019156342640208203
-0.0517,51.5514,176.69,RX_3676,0.00021839923433709962
-0.0517,51.5514,175.3,RX_3676,0.00021839923433709962
-0.0517,51.5514,176.55,RX_3676,0.00021839923433709962
-0.0517,51.5513,176.28,RX_3679,0.00015634837238994446
-0.0517,51.5513,176.04000000000002,RX_3679,0.00015634837238994446
-0.0517,51.5513,176.18,RX_3679,0.00015634837238994446
-0.0516,51.5512,175.62,RX_3680,0.00012223946431074988
-0.0516,51.5512,175.89,RX_3680,0.00012223946431074988
-0.0516,51.5511,175.91,RX_3682,0.00013575659295649316
-0.0516,51.5511,175.95,RX_3682,0.00013575659295649316
-0.0516,51.5511,175.06,RX_3682,0.00013575659295649316
-0.0515,51.5511,174.76999999999998,RX_3685,0.00016363678041837672
-0.0515,51.551,175.11,RX_3686,0.00013605839338831505
-0.0515,51.551,174.26,RX_3686,0.00013605839338831505
-0.0515,51.551,174.36,RX_3686,0.00013605839338831505
-0.0515,51.551,173.7,RX_3686,0.00013605839338831505
-0.0515,51.551,174.07999999999998,RX_3686,0.00013605839338831505
-0.0515,51.5509,174.86,RX_3692,0.00013826755044081583
-0.0515,51.5509,174.55,RX_3692,0.00013826755044081583
-0.0516,51.5509,174.07,RX_3694,2.6059705336304526e-05
-0.0516,51.5509,174.35000000000002,RX_3694,2.6059705336304526e-05
-0.0516,51.5509,174.71,RX_3694,2.6059705336304526e-05
-0.0517,51.5509,174.59,RX_3697,9.769272874738626e-05
-0.0517,51.5509,174.78,RX_3697,9.769272874738626e-05
-0.0518,51.5509,173.45,RX_3698,0.0002073553352756887
-0.0518,51.5508,174.62,RX_3699,0.00012904609287766697
-0.0519,51.5508,174.74,RX_3701,5.1473082005944814e-05
-0.0519,51.5508,175.89,RX_3701,5.1473082005944814e-05
-0.052,51.5508,175.3,RX_3703,0.00014922255356526471
-0.052,51.5508,173.79000000000002,RX_3703,0.00014922255356526471
-0.0521,51.5508,173.07,RX_3705,0.00015127289054363554
-0.0521,51.5508,174.43,RX_3705,0.00015127289054363554
-0.0522,51.5508,175.01,RX_3706,7.600221026849712e-05
-0.0522,51.5508,174.76999999999998,RX_3706,7.600221026849712e-05
-0.0523,51.5508,174.81,RX_3709,0.00014373058981032147
-0.0523,51.5508,174.51999999999998,RX_3709,0.00014373058981032147
-0.0524,51.5508,173.8,RX_3710,0.00014192494688589785
-0.0524,51.5508,176.24,RX_3710,0.00014192494688589785
-0.0524,51.5508,173.8,RX_3710,0.00014192494688589785
-0.0525,51.5507,176.17000000000002,RX_3713,0.00015532132357472866
-0.0525,51.5507,175.13,RX_3713,0.00015532132357472866
-0.0526,51.5507,174.78,RX_3717,8.981799010517483e-05
-0.0526,51.5507,171.26,RX_3717,8.981799010517483e-05
-0.0526,51.5507,172.95,RX_3717,8.981799010517483e-05
-0.0527,51.5507,173.07,RX_3718,0.00019922577721395287
-0.0527,51.5507,172.26999999999998,RX_3718,0.00019922577721395287
-0.0528,51.5507,172.25,RX_3721,8.518114528573629e-05
-0.0528,51.5507,172.23000000000002,RX_3721,8.518114528573629e-05
-0.0529,51.5507,173.46,RX_3722,8.45013012095185e-05
-0.0529,51.5507,174.12,RX_3722,8.45013012095185e-05
-0.053,51.5507,172.19,RX_3724,0.00018432782183919227
-0.0531,51.5507,172.82,RX_3725,6.134770128946033e-05
-0.0531,51.5506,173.38,RX_3726,1.2020481459391139e-05
-0.0532,51.5506,173.32,RX_3728,0.00021261021131581233
-0.0532,51.5506,173.37,RX_3728,0.00021261021131581233
-0.0532,51.5506,172.21,RX_3728,0.00021261021131581233
-0.0533,51.5506,171.81,RX_3730,4.354006903515923e-05
-0.0533,51.5506,171.7,RX_3730,4.354006903515923e-05
-0.0534,51.5506,172.28,RX_3733,0.0001755880684333781
-0.0534,51.5506,171.75,RX_3733,0.0001755880684333781
-0.0534,51.5505,171.41,RX_3734,0.0001770781204928766
-0.0535,51.5505,171.32999999999998,RX_3737,6.121908341708975e-05
-0.0535,51.5505,170.5,RX_3737,6.121908341708975e-05
-0.0535,51.5505,170.15,RX_3737,6.121908341708975e-05
-0.0536,51.5504,169.21,RX_3740,2.9559340310214422e-05
-0.0536,51.5504,169.68,RX_3740,2.9559340310214422e-05
-0.0536,51.5504,169.3,RX_3740,2.9559340310214422e-05
-0.0536,51.5504,168.75,RX_3740,2.9559340310214422e-05
-0.0536,51.5504,169.05,RX_3740,2.9559340310214422e-05
-0.0537,51.5504,168.56,RX_3743,0.00019613492910395573
-0.0537,51.5503,169.4,RX_3747,6.688859520435359e-05
-0.0537,51.5503,170.8,RX_3747,6.688859520435359e-05
-0.0537,51.5503,168.54000000000002,RX_3747,6.688859520435359e-05
-0.0537,51.5503,170.82,RX_3747,6.688859520435359e-05
-0.0538,51.5503,170.23000000000002,RX_3748,0.0001607767431491417
-0.0538,51.5502,170.69,RX_3749,0.00011023679114726332
-0.0538,51.5502,169.8,RX_3749,0.00011023679114726332
-0.0538,51.5502,170.13,RX_3749,0.00011023679114726332
-0.0539,51.5502,169.29000000000002,RX_3752,9.137745296530817e-05
-0.0539,51.5502,170.38,RX_3752,9.137745296530817e-05
-0.0539,51.5501,170.34,RX_3754,0.00019196088586074085
-0.054,51.5501,170.42000000000002,RX_3755,8.165539014619396e-05
-0.054,51.5501,170.95,RX_3755,8.165539014619396e-05
-0.054,51.5501,171.3,RX_3755,8.165539014619396e-05
-0.054,51.55,171.44,RX_3758,0.0001549935271234469
-0.0541,51.55,170.49,RX_3761,0.00016860544741783388
-0.0541,51.55,169.84,RX_3761,0.00016860544741783388
-0.0541,51.55,171.06,RX_3761,0.00016860544741783388
-0.0542,51.55,171.84,RX_3762,0.00017176651608176628
-0.0542,51.5499,172.86,RX_3764,8.85975083183827e-05
-0.0542,51.5499,174.72,RX_3764,8.85975083183827e-05
-0.0543,51.5499,172.54000000000002,RX_3765,3.164877071016907e-05
-0.0543,51.5499,173.67000000000002,RX_3765,3.164877071016907e-05
-0.0543,51.5498,173.32999999999998,RX_3768,9.818999284360023e-05
-0.0543,51.5498,174.16,RX_3768,9.818999284360023e-05
-0.0544,51.5498,173.65,RX_3770,8.146846575421807e-05
-0.0544,51.5498,173.3,RX_3770,8.146846575421807e-05
-0.0544,51.5497,174.96,RX_3771,0.00016568280584952825
-0.0545,51.5497,174.05,RX_3773,0.00013930256948661154
-0.0545,51.5497,173.17000000000002,RX_3773,0.00013930256948661154
-0.0545,51.5497,173.76,RX_3773,0.00013930256948661154
-0.0546,51.5497,176.17000000000002,RX_3775,0.00011936459220418722
-0.0546,51.5496,174.07999999999998,RX_3776,0.00015689499432582877
-0.0547,51.5496,173.97,RX_3779,0.00013748014505639468
-0.0547,51.5496,175.44,RX_3779,0.00013748014505639468
-0.0547,51.5496,176.04000000000002,RX_3779,0.00013748014505639468
-0.0548,51.5496,175.16,RX_3781,0.00012304842057500985
-0.0548,51.5496,176.43,RX_3781,0.00012304842057500985
-0.0549,51.5495,175.22,RX_3782,9.241766805051036e-05
-0.0549,51.5495,174.88,RX_3782,9.241766805051036e-05
-0.055,51.5495,174.57,RX_3784,0.00013964465548915142
-0.055,51.5495,174.75,RX_3784,0.00013964465548915142
-0.0551,51.5495,174.78,RX_3786,0.0001959323007349924
-0.0551,51.5495,174.43,RX_3786,0.0001959323007349924
-0.0551,51.5495,173.96,RX_3786,0.0001959323007349924
-0.0552,51.5495,174.81,RX_3789,0.0001395720887296456
-0.0552,51.5495,173.57,RX_3789,0.0001395720887296456
-0.0553,51.5495,173.69,RX_3792,0.00011176791840414519
-0.0553,51.5495,173.97,RX_3792,0.00011176791840414519
-0.0554,51.5495,174.87,RX_3795,0.00010362898487052387
-0.0554,51.5495,175.35000000000002,RX_3795,0.00010362898487052387
-0.0554,51.5495,173.82999999999998,RX_3795,0.00010362898487052387
-0.0555,51.5495,174.05,RX_3797,6.534709438574353e-05
-0.0555,51.5495,173.2,RX_3797,6.534709438574353e-05
-0.0556,51.5495,174.0,RX_3798,0.00012156920274413307
-0.0556,51.5495,174.42000000000002,RX_3798,0.00012156920274413307
-0.0557,51.5495,174.96,RX_3801,0.0002175601273730035
-0.0557,51.5495,175.59,RX_3801,0.0002175601273730035
-0.0558,51.5495,174.53,RX_3804,0.00014981887953530312
-0.0558,51.5495,173.36,RX_3804,0.00014981887953530312
-0.0558,51.5495,174.16,RX_3804,0.00014981887953530312
-0.0559,51.5495,174.49,RX_3805,0.00012315317233245
-0.0559,51.5495,172.5,RX_3805,0.00012315317233245
-0.056,51.5495,175.14,RX_3808,4.861830330356957e-05
-0.056,51.5495,174.22,RX_3808,4.861830330356957e-05
-0.0561,51.5495,174.61,RX_3811,8.926933844281097e-05
-0.0561,51.5495,175.04000000000002,RX_3811,8.926933844281097e-05
-0.0561,51.5495,173.74,RX_3811,8.926933844281097e-05
-0.0562,51.5495,174.47,RX_3813,0.0001114502225348197
-0.0562,51.5495,172.85000000000002,RX_3813,0.0001114502225348197
-0.0563,51.5495,173.82,RX_3815,0.0002013155787501794
-0.0563,51.5495,173.91,RX_3815,0.0002013155787501794
-0.0564,51.5495,174.25,RX_3817,0.0001587981506485863
-0.0564,51.5495,173.44,RX_3817,0.0001587981506485863
-0.0565,51.5495,172.2,RX_3818,0.00010704435698045615
-0.0565,51.5495,172.25,RX_3818,0.00010704435698045615
-0.0566,51.5495,171.49,RX_3822,0.00011692857325010827
-0.0566,51.5495,173.07,RX_3822,0.00011692857325010827
-0.0566,51.5495,169.93,RX_3822,0.00011692857325010827
-0.0567,51.5495,167.79000000000002,RX_3823,6.223453994492218e-05
-0.0568,51.5495,168.34,RX_3826,0.00010469559154689395
-0.0568,51.5495,168.46,RX_3826,0.00010469559154689395
-0.0568,51.5495,168.55,RX_3826,0.00010469559154689395
-0.0569,51.5495,167.11,RX_3828,0.00017843619099837586
-0.0569,51.5495,167.98000000000002,RX_3828,0.00017843619099837586
-0.057,51.5495,170.23000000000002,RX_3829,0.000172395499095499
-0.057,51.5495,170.03,RX_3829,0.000172395499095499
-0.0571,51.5495,170.31,RX_3831,0.00013574928529242746
-0.0571,51.5495,169.01999999999998,RX_3831,0.00013574928529242746
-0.0572,51.5495,170.07,RX_3834,0.00012249322531441065
-0.0572,51.5495,167.63,RX_3834,0.00012249322531441065
-0.0572,51.5495,167.86,RX_3834,0.00012249322531441065
-0.0573,51.5495,167.84,RX_3836,0.0001238918090553595
-0.0573,51.5495,168.5,RX_3836,0.0001238918090553595
-0.0574,51.5495,169.66,RX_3838,0.00016116237786067438
-0.0574,51.5495,169.99,RX_3838,0.00016116237786067438
-0.0575,51.5495,169.23000000000002,RX_3840,0.00021300360841167363
-0.0575,51.5495,170.48000000000002,RX_3840,0.00021300360841167363
-0.0576,51.5495,169.12,RX_3844,0.00016714856472048564
-0.0576,51.5495,169.57999999999998,RX_3844,0.00016714856472048564
-0.0576,51.5495,170.26,RX_3844,0.00016714856472048564
-0.0577,51.5495,169.21,RX_3845,9.399650707697199e-05
-0.0578,51.5495,170.2,RX_3846,1.6564061172043037e-05
-0.0578,51.5495,171.09,RX_3846,1.6564061172043037e-05
-0.0578,51.5495,170.3,RX_3846,1.6564061172043037e-05
-0.0579,51.5495,170.63,RX_3849,6.766739789313755e-05
-0.0579,51.5495,170.2,RX_3849,6.766739789313755e-05
-0.058,51.5495,169.95,RX_3852,0.0001568892082695299
-0.058,51.5495,168.42000000000002,RX_3852,0.0001568892082695299
-0.0581,51.5495,170.75,RX_3853,0.00021090045586571695
-0.0581,51.5495,169.42000000000002,RX_3853,0.00021090045586571695
-0.0582,51.5495,171.13,RX_3856,0.0001290056079456812
-0.0582,51.5495,170.88,RX_3856,0.0001290056079456812
-0.0583,51.5495,171.22,RX_3857,0.0001134131909033222
-0.0584,51.5495,170.43,RX_3859,5.2849223318591336e-05
-0.0584,51.5495,171.01,RX_3859,5.2849223318591336e-05
-0.0585,51.5495,171.76999999999998,RX_3861,9.524908167979037e-05
-0.0585,51.5495,170.69,RX_3861,9.524908167979037e-05
-0.0586,51.5495,171.17000000000002,RX_3863,0.0001665193033157352
-0.0586,51.5495,170.29000000000002,RX_3863,0.0001665193033157352
-0.0587,51.5495,170.43,RX_3864,0.00018473816266442869
-0.0587,51.5495,170.2,RX_3864,0.00018473816266442869
-0.0588,51.5495,168.97,RX_3868,0.00011300816901801424
-0.0588,51.5495,171.32,RX_3868,0.00011300816901801424
-0.0588,51.5495,170.87,RX_3868,0.00011300816901801424
-0.0589,51.5495,170.39,RX_3869,0.00010294426386650775
-0.0589,51.5495,170.01999999999998,RX_3869,0.00010294426386650775
-0.059,51.5495,170.57999999999998,RX_3871,3.8046639881587876e-05
-0.059,51.5495,170.01999999999998,RX_3871,3.8046639881587876e-05
-0.0591,51.5495,170.05,RX_3873,0.00013212926464258468
-0.0592,51.5495,171.28,RX_3874,0.0002034547127784361
-0.0592,51.5495,172.01,RX_3874,0.0002034547127784361
-0.0592,51.5495,171.98000000000002,RX_3874,0.0002034547127784361
-0.0592,51.5495,170.17000000000002,RX_3874,0.0002034547127784361
-0.0593,51.5495,172.5,RX_3878,0.00014918606468471504
-0.0593,51.5495,170.12,RX_3878,0.00014918606468471504
-0.0593,51.5495,170.62,RX_3878,0.00014918606468471504
-0.0594,51.5495,172.28,RX_3882,6.97125999462911e-05
-0.0594,51.5495,171.17000000000002,RX_3882,6.97125999462911e-05
-0.0595,51.5495,168.57,RX_3885,4.843518115777049e-05
-0.0595,51.5495,167.17000000000002,RX_3885,4.843518115777049e-05
-0.0595,51.5495,166.69,RX_3885,4.843518115777049e-05
-0.0596,51.5495,169.62,RX_3886,0.00011094845925139926
-0.0596,51.5495,168.65,RX_3886,0.00011094845925139926
-0.0597,51.5495,170.38,RX_3888,0.00018134845499924966
-0.0597,51.5495,170.0,RX_3888,0.00018134845499924966
-0.0598,51.5495,168.93,RX_3229,0.00020382444634665223
-0.0598,51.5495,169.25,RX_3229,0.00020382444634665223
-0.0598,51.5495,169.63,RX_3229,0.00020382444634665223
-0.0599,51.5495,170.28,RX_3894,0.00015168408372571415
-0.0599,51.5495,170.26999999999998,RX_3894,0.00015168408372571415
-0.06,51.5495,172.57,RX_3895,0.00011341488773081759
-0.06,51.5495,172.09,RX_3895,0.00011341488773081759
-0.0601,51.5495,172.79000000000002,RX_3897,0.00010683395646707592
-0.0601,51.5495,172.94,RX_3897,0.00010683395646707592
-0.0602,51.5495,172.5,RX_3899,0.00013966624334652242
-0.0602,51.5495,167.72,RX_3899,0.00013966624334652242
-0.0603,51.5495,172.61,RX_3901,0.00019629189294196415
-0.0603,51.5495,172.71,RX_3901,0.00019629189294196415
-0.0603,51.5495,173.44,RX_3901,0.00019629189294196415
-0.0604,51.5495,173.32999999999998,RX_3904,0.00012678804106747328
-0.0604,51.5495,173.13,RX_3904,0.00012678804106747328
-0.0605,51.5495,172.11,RX_3906,8.407660776516694e-05
-0.0605,51.5495,172.74,RX_3906,8.407660776516694e-05
-0.0606,51.5496,173.23000000000002,RX_3909,0.00014740609342386133
-0.0606,51.5496,171.99,RX_3909,0.00014740609342386133
-0.0607,51.5496,170.94,RX_3911,0.00020374675989069836
-0.0607,51.5496,171.94,RX_3911,0.00020374675989069836
-0.0607,51.5496,171.79000000000002,RX_3911,0.00020374675989069836
-0.0608,51.5496,172.43,RX_3913,0.00016349904070535383
-0.0608,51.5496,173.65,RX_3913,0.00016349904070535383
-0.0609,51.5496,173.46,RX_3915,0.00014256429543827681
-0.0609,51.5496,173.69,RX_3915,0.00014256429543827681
-0.061,51.5496,174.71,RX_3917,8.524478767134134e-05
-0.061,51.5496,174.48000000000002,RX_3917,8.524478767134134e-05
-0.0611,51.5496,174.39,RX_3921,5.267307391837576e-05
-0.0611,51.5496,174.32999999999998,RX_3921,5.267307391837576e-05
-0.0611,51.5496,174.31,RX_3921,5.267307391837576e-05
-0.0612,51.5496,175.19,RX_3923,8.414632506931981e-05
-0.0612,51.5496,175.01,RX_3923,8.414632506931981e-05
-0.0613,51.5496,174.8,RX_3924,0.00010543810000700724
-0.0613,51.5496,172.98000000000002,RX_3924,0.00010543810000700724
-0.0614,51.5497,176.16,RX_3928,0.00011023637185598359
-0.0614,51.5497,176.04000000000002,RX_3928,0.00011023637185598359
-0.0614,51.5497,175.03,RX_3928,0.00011023637185598359
-0.0615,51.5497,176.21,RX_3930,9.624982316643175e-05
-0.0615,51.5497,175.07,RX_3930,9.624982316643175e-05
-0.0616,51.5497,174.17000000000002,RX_3932,0.0001137479587090514
-0.0616,51.5497,176.0,RX_3932,0.0001137479587090514
-0.0617,51.5497,176.10000000000002,RX_3935,0.00017597047289476193
-0.0617,51.5497,175.36,RX_3935,0.00017597047289476193
-0.0617,51.5497,175.78,RX_3935,0.00017597047289476193
-0.0618,51.5497,176.10000000000002,RX_3937,0.0001767873200744412
-0.0618,51.5497,176.19,RX_3937,0.0001767873200744412
-0.0619,51.5498,175.35000000000002,RX_3938,3.4528620274685556e-05
-0.0619,51.5498,174.64,RX_3938,3.4528620274685556e-05
-0.062,51.5498,175.82,RX_3942,7.843575705207727e-05
-0.062,51.5498,174.62,RX_3942,7.843575705207727e-05
-0.062,51.5498,175.17000000000002,RX_3942,7.843575705207727e-05
-0.0621,51.5498,175.09,RX_3943,0.00011553158861542401
-0.0621,51.5498,175.86,RX_3943,0.00011553158861542401
-0.0622,51.5498,175.0,RX_3945,0.00010110438022658962
-0.0622,51.5498,174.53,RX_3945,0.00010110438022658962
-0.0623,51.5498,175.57999999999998,RX_3947,8.215515965307238e-05
-0.0623,51.5499,173.84,RX_3949,9.202104115369118e-05
-0.0623,51.5499,172.44,RX_3949,9.202104115369118e-05
-0.0624,51.5499,173.54000000000002,RX_3951,7.091483132471524e-05
-0.0624,51.5499,173.64,RX_3951,7.091483132471524e-05
-0.0625,51.5499,172.46,RX_3952,5.4131999633691145e-05
-0.0625,51.5499,170.99,RX_3952,5.4131999633691145e-05
-0.0626,51.5499,172.51999999999998,RX_3954,4.713878483355442e-05
-0.0626,51.5499,172.51,RX_3954,4.713878483355442e-05
-0.0627,51.55,173.01,RX_3957,1.546113390294336e-05
-0.0627,51.55,173.11,RX_3957,1.546113390294336e-05
-0.0627,51.55,170.87,RX_3957,1.546113390294336e-05
-0.0628,51.55,172.23000000000002,RX_3959,6.490789768006386e-05
-0.0628,51.55,170.94,RX_3959,6.490789768006386e-05
-0.0629,51.55,170.85000000000002,RX_3961,0.0001237882467190235
-0.0629,51.55,171.49,RX_3961,0.0001237882467190235
-0.063,51.55,169.48000000000002,RX_3963,0.00016943989802434994
-0.063,51.5501,169.7,RX_3965,0.00019482522520153614
-0.063,51.5501,171.3,RX_3965,0.00019482522520153614
-0.0631,51.5501,168.10000000000002,RX_3966,0.00015003696299179022
-0.0632,51.5501,167.73000000000002,RX_3969,5.393478558477698e-05
-0.0632,51.5501,167.03,RX_3969,5.393478558477698e-05
-0.0632,51.5501,166.68,RX_3969,5.393478558477698e-05
-0.0633,51.5501,166.14,RX_3970,5.3050444866738664e-05
-0.0633,51.5502,165.42000000000002,RX_3971,0.00017897850363774917
-0.0634,51.5502,165.16,RX_3972,0.00015013960625245065
-0.0634,51.5502,166.93,RX_3972,0.00015013960625245065
-0.0635,51.5502,167.71,RX_3974,6.58766092494486e-05
-0.0635,51.5502,165.78,RX_3974,6.58766092494486e-05
-0.0635,51.5502,165.31,RX_3974,6.58766092494486e-05
-0.0636,51.5502,164.82999999999998,RX_3978,7.772720564742548e-05
-0.0636,51.5502,165.60000000000002,RX_3978,7.772720564742548e-05
-0.0636,51.5503,166.43,RX_3979,0.00010532126933215565
-0.0637,51.5503,166.69,RX_3982,0.00012053384447654187
-0.0637,51.5503,166.53,RX_3982,0.00012053384447654187
-0.0637,51.5503,166.25,RX_3982,0.00012053384447654187
-0.0638,51.5503,167.63,RX_3983,0.0001232041114978866
-0.0638,51.5504,167.82999999999998,RX_3984,3.652496899516699e-05
-0.0638,51.5504,167.56,RX_3984,3.652496899516699e-05
-0.0639,51.5504,167.31,RX_3986,0.00017927144591806414
-0.0639,51.5504,168.38,RX_3986,0.00017927144591806414
-0.064,51.5504,169.31,RX_3989,0.00010790479802469112
-0.064,51.5504,172.31,RX_3989,0.00010790479802469112
-0.064,51.5505,172.97,RX_3990,0.00018179434290971222
-0.0641,51.5505,171.51,RX_3993,0.00011296104249010676
-0.0641,51.5505,171.26999999999998,RX_3993,0.00011296104249010676
-0.0641,51.5505,170.13,RX_3993,0.00011296104249010676
-0.0642,51.5505,171.88,RX_3994,0.00015331387642348272
-0.0642,51.5505,171.45,RX_3994,0.00015331387642348272
-0.0642,51.5506,168.29000000000002,RX_3996,0.0001289608612727557
-0.0643,51.5506,170.82999999999998,RX_3998,0.00011193135770902739
-0.0643,51.5506,170.84,RX_3998,0.00011193135770902739
-0.0643,51.5506,170.47,RX_3998,0.00011193135770902739
-0.0644,51.5506,172.28,RX_4000,0.00015397291288316665
