name,lon,lat,height
RX_1,-0.1349,51.5304,1.5
RX_2,-0.1351,51.5304,1.5
RX_3,-0.1351,51.5303,1.5
RX_4,-0.1351,51.5302,1.5
RX_5,-0.1352,51.5302,1.5
RX_6,-0.1353,51.5302,1.5
RX_7,-0.1354,51.5301,1.5
RX_8,-0.1354,51.5301,1.5
RX_9,-0.1355,51.5301,1.5
RX_10,-0.1355,51.5301,1.5
RX_11,-0.1356,51.5301,1.5
RX_12,-0.1356,51.53,1.5
RX_13,-0.1357,51.53,1.5
RX_14,-0.1359,51.53,1.5
RX_15,-0.1365,51.5298,1.5
RX_16,-0.1369,51.5298,1.5
RX_17,-0.1371,51.5298,1.5
RX_18,-0.1372,51.5299,1.5
RX_19,-0.1375,51.5299,1.5
RX_20,-0.1375,51.5297,1.5
RX_21,-0.1375,51.5296,1.5
RX_22,-0.1375,51.5295,1.5
RX_23,-0.1375,51.5294,1.5
RX_24,-0.1376,51.5293,1.5
RX_25,-0.1377,51.5293,1.5
RX_26,-0.1379,51.5292,1.5
RX_27,-0.1381,51.5291,1.5
RX_28,-0.1383,51.529,1.5
RX_29,-0.1384,51.529,1.5
RX_30,-0.1386,51.529,1.5
RX_31,-0.1387,51.5291,1.5
RX_32,-0.1387,51.5292,1.5
RX_33,-0.1388,51.5293,1.5
RX_34,-0.139,51.5293,1.5
RX_35,-0.1392,51.5293,1.5
RX_36,-0.1393,51.5293,1.5
RX_37,-0.1395,51.5292,1.5
RX_38,-0.1397,51.5292,1.5
RX_39,-0.1399,51.5292,1.5
RX_40,-0.1401,51.5292,1.5
RX_41,-0.1403,51.5293,1.5
RX_42,-0.1405,51.5293,1.5
RX_43,-0.1407,51.5293,1.5
RX_44,-0.1408,51.5293,1.5
RX_45,-0.141,51.5293,1.5
RX_46,-0.1412,51.5293,1.5
RX_47,-0.1414,51.5293,1.5
RX_48,-0.1416,51.5293,1.5
RX_49,-0.1416,51.5294,1.5
RX_50,-0.1417,51.5295,1.5
RX_51,-0.1417,51.5295,1.5
RX_52,-0.1418,51.5296,1.5
RX_53,-0.1418,51.5297,1.5
RX_54,-0.1417,51.5299,1.5
RX_55,-0.1416,51.53,1.5
RX_56,-0.1415,51.5301,1.5
RX_57,-0.1416,51.5302,1.5
RX_58,-0.1416,51.5304,1.5
RX_59,-0.1416,51.5305,1.5
RX_60,-0.1417,51.5306,1.5
RX_61,-0.1418,51.5308,1.5
RX_62,-0.1417,51.5309,1.5
RX_63,-0.1418,51.531,1.5
RX_64,-0.1418,51.5311,1.5
RX_65,-0.1419,51.5312,1.5
RX_66,-0.1419,51.5313,1.5
RX_67,-0.142,51.5314,1.5
RX_68,-0.142,51.5315,1.5
RX_69,-0.1421,51.5316,1.5
RX_70,-0.1421,51.5317,1.5
RX_71,-0.1421,51.5319,1.5
RX_72,-0.1422,51.5321,1.5
RX_73,-0.1423,51.5322,1.5
RX_74,-0.1424,51.5322,1.5
RX_75,-0.1426,51.5323,1.5
RX_76,-0.1427,51.5324,1.5
RX_77,-0.1428,51.5325,1.5
RX_78,-0.1429,51.5326,1.5
RX_79,-0.143,51.5326,1.5
RX_80,-0.1431,51.5328,1.5
RX_81,-0.1432,51.5329,1.5
RX_82,-0.1433,51.533,1.5
RX_83,-0.1434,51.5331,1.5
RX_84,-0.1434,51.5332,1.5
RX_85,-0.1435,51.5333,1.5
RX_86,-0.1436,51.5334,1.5
RX_87,-0.1436,51.5335,1.5
RX_88,-0.1437,51.5336,1.5
RX_89,-0.1437,51.5337,1.5
RX_90,-0.1438,51.5338,1.5
RX_91,-0.1438,51.5339,1.5
RX_92,-0.1438,51.534,1.5
RX_93,-0.1439,51.5341,1.5
RX_94,-0.1439,51.5342,1.5
RX_95,-0.1438,51.5343,1.5
RX_96,-0.1436,51.5344,1.5
RX_97,-0.1434,51.5344,1.5
RX_98,-0.1432,51.5345,1.5
RX_99,-0.143,51.5346,1.5
RX_100,-0.1429,51.5346,1.5
RX_101,-0.1428,51.5347,1.5
RX_102,-0.1426,51.5347,1.5
RX_103,-0.1425,51.5348,1.5
RX_104,-0.1423,51.5349,1.5
RX_105,-0.1421,51.5349,1.5
RX_106,-0.1422,51.535,1.5
RX_107,-0.1423,51.5351,1.5
RX_108,-0.1425,51.5352,1.5
RX_109,-0.1425,51.5353,1.5
RX_110,-0.1426,51.5354,1.5
RX_111,-0.1427,51.5355,1.5
RX_112,-0.1428,51.5356,1.5
RX_113,-0.1429,51.5357,1.5
RX_114,-0.143,51.5358,1.5
RX_115,-0.1431,51.5359,1.5
RX_116,-0.1432,51.5359,1.5
RX_117,-0.1433,51.536,1.5
RX_118,-0.1433,51.5361,1.5
RX_119,-0.1434,51.5363,1.5
RX_120,-0.1435,51.5364,1.5
RX_121,-0.1435,51.5364,1.5
RX_122,-0.1435,51.5364,1.5
RX_123,-0.1436,51.5364,1.5
RX_124,-0.1438,51.5364,1.5
RX_125,-0.144,51.5364,1.5
RX_126,-0.1441,51.5364,1.5
RX_127,-0.1443,51.5364,1.5
RX_128,-0.1445,51.5363,1.5
RX_129,-0.1447,51.5363,1.5
RX_130,-0.1449,51.5363,1.5
RX_131,-0.1451,51.5364,1.5
RX_132,-0.1453,51.5364,1.5
RX_133,-0.1455,51.5364,1.5
RX_134,-0.1457,51.5364,1.5
RX_135,-0.1458,51.5365,1.5
RX_136,-0.146,51.5366,1.5
RX_137,-0.146,51.5367,1.5
RX_138,-0.146,51.5368,1.5
RX_139,-0.146,51.5369,1.5
RX_140,-0.1459,51.537,1.5
RX_141,-0.1458,51.5371,1.5
RX_142,-0.1456,51.5372,1.5
RX_143,-0.1455,51.5373,1.5
RX_144,-0.1454,51.5374,1.5
RX_145,-0.1453,51.5375,1.5
RX_146,-0.1452,51.5375,1.5
RX_147,-0.1451,51.5376,1.5
RX_148,-0.145,51.5377,1.5
RX_149,-0.1448,51.5378,1.5
RX_150,-0.1447,51.5379,1.5
RX_151,-0.1446,51.538,1.5
RX_152,-0.1446,51.538,1.5
RX_153,-0.1445,51.5381,1.5
RX_154,-0.1444,51.5382,1.5
RX_155,-0.1442,51.5383,1.5
RX_156,-0.1441,51.5384,1.5
RX_157,-0.1439,51.5385,1.5
RX_158,-0.1438,51.5386,1.5
RX_159,-0.1437,51.5386,1.5
RX_160,-0.1435,51.5387,1.5
RX_161,-0.1432,51.5387,1.5
RX_162,-0.1431,51.5387,1.5
RX_163,-0.143,51.5387,1.5
RX_164,-0.1429,51.5387,1.5
RX_165,-0.1427,51.5388,1.5
RX_166,-0.1426,51.5389,1.5
RX_167,-0.1425,51.539,1.5
RX_168,-0.1424,51.5391,1.5
RX_169,-0.1423,51.5392,1.5
RX_170,-0.1422,51.5393,1.5
RX_171,-0.1421,51.5394,1.5
RX_172,-0.1419,51.5395,1.5
RX_173,-0.1417,51.5396,1.5
RX_174,-0.1416,51.5397,1.5
RX_175,-0.1415,51.5398,1.5
RX_176,-0.1414,51.5398,1.5
RX_177,-0.1412,51.5399,1.5
RX_178,-0.1411,51.54,1.5
RX_179,-0.141,51.5401,1.5
RX_180,-0.1408,51.5401,1.5
RX_181,-0.1407,51.5402,1.5
RX_182,-0.1405,51.5402,1.5
RX_183,-0.1404,51.5403,1.5
RX_184,-0.1402,51.5404,1.5
RX_185,-0.1401,51.5404,1.5
RX_186,-0.1399,51.5405,1.5
RX_187,-0.1398,51.5406,1.5
RX_188,-0.1397,51.5406,1.5
RX_189,-0.1395,51.5407,1.5
RX_190,-0.1394,51.5408,1.5
RX_191,-0.1393,51.5409,1.5
RX_192,-0.1391,51.541,1.5
RX_193,-0.139,51.5411,1.5
RX_194,-0.139,51.5412,1.5
RX_195,-0.1389,51.5413,1.5
RX_196,-0.1388,51.5414,1.5
RX_197,-0.1387,51.5415,1.5
RX_198,-0.1386,51.5416,1.5
RX_199,-0.1385,51.5417,1.5
RX_200,-0.1384,51.5418,1.5
RX_201,-0.1384,51.5418,1.5
RX_202,-0.1385,51.5418,1.5
RX_203,-0.1386,51.5419,1.5
RX_204,-0.1387,51.542,1.5
RX_205,-0.1388,51.5422,1.5
RX_206,-0.1389,51.5423,1.5
RX_207,-0.139,51.5424,1.5
RX_208,-0.1391,51.5425,1.5
RX_209,-0.1392,51.5426,1.5
RX_210,-0.1393,51.5427,1.5
RX_211,-0.1394,51.5428,1.5
RX_212,-0.1395,51.543,1.5
RX_213,-0.1396,51.5431,1.5
RX_214,-0.1397,51.5432,1.5
RX_215,-0.1398,51.5433,1.5
RX_216,-0.1399,51.5433,1.5
RX_217,-0.14,51.5434,1.5
RX_218,-0.1401,51.5435,1.5
RX_219,-0.1402,51.5436,1.5
RX_220,-0.1403,51.5437,1.5
RX_221,-0.1404,51.5438,1.5
RX_222,-0.1405,51.5439,1.5
RX_223,-0.1406,51.544,1.5
RX_224,-0.1407,51.544,1.5
RX_225,-0.1408,51.5442,1.5
RX_226,-0.1409,51.5442,1.5
RX_227,-0.141,51.5443,1.5
RX_228,-0.1411,51.5444,1.5
RX_229,-0.1413,51.5445,1.5
RX_230,-0.1413,51.5446,1.5
RX_231,-0.1414,51.5448,1.5
RX_232,-0.1415,51.5449,1.5
RX_233,-0.1416,51.5449,1.5
RX_234,-0.1417,51.545,1.5
RX_235,-0.1417,51.5452,1.5
RX_236,-0.1417,51.5453,1.5
RX_237,-0.1417,51.5454,1.5
RX_238,-0.1417,51.5455,1.5
RX_239,-0.1418,51.5457,1.5
RX_240,-0.1418,51.5458,1.5
RX_241,-0.1418,51.5459,1.5
RX_242,-0.1418,51.546,1.5
RX_243,-0.1418,51.5461,1.5
RX_244,-0.1418,51.5462,1.5
RX_245,-0.1418,51.5463,1.5
RX_246,-0.1418,51.5464,1.5
RX_247,-0.1418,51.5465,1.5
RX_248,-0.1418,51.5467,1.5
RX_249,-0.1417,51.5468,1.5
RX_250,-0.1417,51.5469,1.5
RX_251,-0.1417,51.547,1.5
RX_252,-0.1417,51.5471,1.5
RX_253,-0.1416,51.5472,1.5
RX_254,-0.1416,51.5474,1.5
RX_255,-0.1415,51.5475,1.5
RX_256,-0.1415,51.5475,1.5
RX_257,-0.1414,51.5477,1.5
RX_258,-0.1413,51.5478,1.5
RX_259,-0.1413,51.5479,1.5
RX_260,-0.1413,51.548,1.5
RX_261,-0.1412,51.5481,1.5
RX_262,-0.1412,51.5482,1.5
RX_263,-0.1412,51.5483,1.5
RX_264,-0.1411,51.5484,1.5
RX_265,-0.1411,51.5485,1.5
RX_266,-0.1411,51.5487,1.5
RX_267,-0.141,51.5488,1.5
RX_268,-0.141,51.5489,1.5
RX_269,-0.141,51.549,1.5
RX_270,-0.141,51.5491,1.5
RX_271,-0.1409,51.5492,1.5
RX_272,-0.1409,51.5493,1.5
RX_273,-0.1409,51.5494,1.5
RX_274,-0.1409,51.5496,1.5
RX_275,-0.1408,51.5497,1.5
RX_276,-0.1408,51.5498,1.5
RX_277,-0.1408,51.5499,1.5
RX_278,-0.1407,51.55,1.5
RX_279,-0.1407,51.5501,1.5
RX_280,-0.1407,51.5502,1.5
RX_281,-0.1407,51.5503,1.5
RX_282,-0.1407,51.5504,1.5
RX_283,-0.1407,51.5506,1.5
RX_284,-0.1407,51.5507,1.5
RX_285,-0.1407,51.5508,1.5
RX_286,-0.1407,51.5509,1.5
RX_287,-0.1407,51.551,1.5
RX_288,-0.1408,51.5511,1.5
RX_289,-0.1408,51.5513,1.5
RX_290,-0.141,51.5514,1.5
RX_291,-0.141,51.5515,1.5
RX_292,-0.1411,51.5516,1.5
RX_293,-0.1412,51.5516,1.5
RX_294,-0.1412,51.5518,1.5
RX_295,-0.1412,51.5519,1.5
RX_296,-0.1412,51.552,1.5
RX_297,-0.1412,51.5521,1.5
RX_298,-0.1412,51.5522,1.5
RX_299,-0.1411,51.5523,1.5
RX_300,-0.1411,51.5524,1.5
RX_301,-0.1411,51.5525,1.5
RX_302,-0.1411,51.5526,1.5
RX_303,-0.141,51.5528,1.5
RX_304,-0.141,51.5529,1.5
RX_305,-0.141,51.553,1.5
RX_306,-0.141,51.5531,1.5
RX_307,-0.1409,51.5532,1.5
RX_308,-0.1409,51.5533,1.5
RX_309,-0.1408,51.5534,1.5
RX_310,-0.1408,51.5535,1.5
RX_311,-0.1407,51.5536,1.5
RX_312,-0.1407,51.5537,1.5
RX_313,-0.1406,51.5538,1.5
RX_314,-0.1406,51.5539,1.5
RX_315,-0.1405,51.554,1.5
RX_316,-0.1404,51.5542,1.5
RX_317,-0.1403,51.5543,1.5
RX_318,-0.1403,51.5544,1.5
RX_319,-0.1402,51.5545,1.5
RX_320,-0.1401,51.5546,1.5
RX_321,-0.14,51.5547,1.5
RX_322,-0.14,51.5548,1.5
RX_323,-0.1399,51.5549,1.5
RX_324,-0.1398,51.555,1.5
RX_325,-0.1397,51.5551,1.5
RX_326,-0.1397,51.5552,1.5
RX_327,-0.1396,51.5553,1.5
RX_328,-0.1395,51.5554,1.5
RX_329,-0.1394,51.5555,1.5
RX_330,-0.1393,51.5556,1.5
RX_331,-0.1393,51.5557,1.5
RX_332,-0.1392,51.5558,1.5
RX_333,-0.1391,51.5559,1.5
RX_334,-0.139,51.5561,1.5
RX_335,-0.1389,51.5562,1.5
RX_336,-0.1388,51.5563,1.5
RX_337,-0.1387,51.5564,1.5
RX_338,-0.1386,51.5565,1.5
RX_339,-0.1386,51.5566,1.5
RX_340,-0.1385,51.5567,1.5
RX_341,-0.1385,51.5568,1.5
RX_342,-0.1384,51.5569,1.5
RX_343,-0.1384,51.557,1.5
RX_344,-0.1383,51.5571,1.5
RX_345,-0.1383,51.5572,1.5
RX_346,-0.1382,51.5573,1.5
RX_347,-0.1382,51.5574,1.5
RX_348,-0.1381,51.5575,1.5
RX_349,-0.1381,51.5576,1.5
RX_350,-0.138,51.5578,1.5
RX_351,-0.138,51.5579,1.5
RX_352,-0.1379,51.558,1.5
RX_353,-0.1379,51.5581,1.5
RX_354,-0.1379,51.5582,1.5
RX_355,-0.1379,51.5583,1.5
RX_356,-0.1378,51.5584,1.5
RX_357,-0.1378,51.5585,1.5
RX_358,-0.1378,51.5586,1.5
RX_359,-0.1378,51.5588,1.5
RX_360,-0.1378,51.5589,1.5
RX_361,-0.1377,51.559,1.5
RX_362,-0.1377,51.5591,1.5
RX_363,-0.1377,51.5592,1.5
RX_364,-0.1376,51.5593,1.5
RX_365,-0.1376,51.5594,1.5
RX_366,-0.1376,51.5595,1.5
RX_367,-0.1375,51.5596,1.5
RX_368,-0.1375,51.5598,1.5
RX_369,-0.1375,51.5598,1.5
RX_370,-0.1375,51.56,1.5
RX_371,-0.1375,51.5601,1.5
RX_372,-0.1374,51.5602,1.5
RX_373,-0.1374,51.5603,1.5
RX_374,-0.1374,51.5604,1.5
RX_375,-0.1373,51.5605,1.5
RX_376,-0.1373,51.5606,1.5
RX_377,-0.1372,51.5607,1.5
RX_378,-0.1371,51.5609,1.5
RX_379,-0.1371,51.561,1.5
RX_380,-0.137,51.5611,1.5
RX_381,-0.137,51.5612,1.5
RX_382,-0.1369,51.5613,1.5
RX_383,-0.1368,51.5614,1.5
RX_384,-0.1368,51.5615,1.5
RX_385,-0.1367,51.5616,1.5
RX_386,-0.1366,51.5617,1.5
RX_387,-0.1366,51.5618,1.5
RX_388,-0.1365,51.562,1.5
RX_389,-0.1365,51.5621,1.5
RX_390,-0.1364,51.5622,1.5
RX_391,-0.1363,51.5623,1.5
RX_392,-0.1363,51.5624,1.5
RX_393,-0.1362,51.5625,1.5
RX_394,-0.1362,51.5626,1.5
RX_395,-0.1361,51.5627,1.5
RX_396,-0.1361,51.5628,1.5
RX_397,-0.136,51.5629,1.5
RX_398,-0.1359,51.5631,1.5
RX_399,-0.1358,51.5632,1.5
RX_400,-0.1358,51.5633,1.5
RX_401,-0.1357,51.5634,1.5
RX_402,-0.1357,51.5635,1.5
RX_403,-0.1356,51.5636,1.5
RX_404,-0.1356,51.5637,1.5
RX_405,-0.1355,51.5638,1.5
RX_406,-0.1354,51.5639,1.5
RX_407,-0.1353,51.564,1.5
RX_408,-0.1353,51.5641,1.5
RX_409,-0.1352,51.5642,1.5
RX_410,-0.1352,51.5643,1.5
RX_411,-0.1351,51.5644,1.5
RX_412,-0.1351,51.5645,1.5
RX_413,-0.135,51.5646,1.5
RX_414,-0.135,51.5647,1.5
RX_415,-0.1349,51.5648,1.5
RX_416,-0.1348,51.5649,1.5
RX_417,-0.1348,51.5651,1.5
RX_418,-0.1347,51.5652,1.5
RX_419,-0.1346,51.5653,1.5
RX_420,-0.1346,51.5654,1.5
RX_421,-0.1345,51.5655,1.5
RX_422,-0.1344,51.5656,1.5
RX_423,-0.1343,51.5656,1.5
RX_424,-0.1342,51.5657,1.5
RX_425,-0.1341,51.5658,1.5
RX_426,-0.134,51.5659,1.5
RX_427,-0.1339,51.566,1.5
RX_428,-0.1338,51.5661,1.5
RX_429,-0.1338,51.5662,1.5
RX_430,-0.134,51.5663,1.5
RX_431,-0.1341,51.5664,1.5
RX_432,-0.1343,51.5664,1.5
RX_433,-0.1345,51.5665,1.5
RX_434,-0.1347,51.5665,1.5
RX_435,-0.1349,51.5665,1.5
RX_436,-0.135,51.5664,1.5
RX_437,-0.1351,51.5663,1.5
RX_438,-0.1352,51.5662,1.5
RX_439,-0.1353,51.5661,1.5
RX_440,-0.1355,51.566,1.5
RX_441,-0.1356,51.566,1.5
RX_442,-0.1358,51.5661,1.5
RX_443,-0.1359,51.5661,1.5
RX_444,-0.1361,51.5662,1.5
RX_445,-0.1362,51.5663,1.5
RX_446,-0.1364,51.5663,1.5
RX_447,-0.1365,51.5664,1.5
RX_448,-0.1367,51.5665,1.5
RX_449,-0.1369,51.5666,1.5
RX_450,-0.137,51.5666,1.5
RX_451,-0.1371,51.5667,1.5
RX_452,-0.1372,51.5667,1.5
RX_453,-0.1374,51.5668,1.5
RX_454,-0.1375,51.5669,1.5
RX_455,-0.1376,51.5669,1.5
RX_456,-0.1378,51.567,1.5
RX_457,-0.1379,51.5671,1.5
RX_458,-0.1381,51.5672,1.5
RX_459,-0.1382,51.5673,1.5
RX_460,-0.1383,51.5673,1.5
RX_461,-0.1385,51.5674,1.5
RX_462,-0.1386,51.5675,1.5
RX_463,-0.1387,51.5676,1.5
RX_464,-0.1389,51.5676,1.5
RX_465,-0.139,51.5677,1.5
RX_466,-0.1391,51.5678,1.5
RX_467,-0.1393,51.5679,1.5
RX_468,-0.1394,51.5679,1.5
RX_469,-0.1396,51.568,1.5
RX_470,-0.1397,51.5681,1.5
RX_471,-0.1398,51.5682,1.5
RX_472,-0.14,51.5682,1.5
RX_473,-0.1401,51.5683,1.5
RX_474,-0.1403,51.5683,1.5
RX_475,-0.1405,51.5684,1.5
RX_476,-0.1406,51.5684,1.5
RX_477,-0.1408,51.5685,1.5
RX_478,-0.1409,51.5685,1.5
RX_479,-0.1411,51.5686,1.5
RX_480,-0.1412,51.5687,1.5
RX_481,-0.1414,51.5687,1.5
RX_482,-0.1415,51.5688,1.5
RX_483,-0.1417,51.5689,1.5
RX_484,-0.142,51.569,1.5
RX_485,-0.142,51.569,1.5
RX_486,-0.1421,51.5691,1.5
RX_487,-0.1423,51.5691,1.5
RX_488,-0.1424,51.5692,1.5
RX_489,-0.1425,51.5693,1.5
RX_490,-0.1427,51.5693,1.5
RX_491,-0.1428,51.5694,1.5
RX_492,-0.143,51.5695,1.5
RX_493,-0.1431,51.5695,1.5
RX_494,-0.1433,51.5696,1.5
RX_495,-0.1434,51.5697,1.5
RX_496,-0.1436,51.5697,1.5
RX_497,-0.1437,51.5698,1.5
RX_498,-0.1439,51.5699,1.5
RX_499,-0.144,51.5699,1.5
RX_500,-0.1442,51.57,1.5
RX_501,-0.1444,51.57,1.5
RX_502,-0.1445,51.57,1.5
RX_503,-0.1447,51.5701,1.5
RX_504,-0.1449,51.5701,1.5
RX_505,-0.1451,51.5701,1.5
RX_506,-0.1453,51.5702,1.5
RX_507,-0.1455,51.5702,1.5
RX_508,-0.1457,51.5703,1.5
RX_509,-0.1458,51.5703,1.5
RX_510,-0.146,51.5703,1.5
RX_511,-0.1461,51.5704,1.5
RX_512,-0.1463,51.5704,1.5
RX_513,-0.1465,51.5705,1.5
RX_514,-0.1466,51.5705,1.5
RX_515,-0.1468,51.5705,1.5
RX_516,-0.1469,51.5706,1.5
RX_517,-0.1471,51.5706,1.5
RX_518,-0.1473,51.5706,1.5
RX_519,-0.1474,51.5706,1.5
RX_520,-0.1476,51.5707,1.5
RX_521,-0.1478,51.5707,1.5
RX_522,-0.148,51.5707,1.5
RX_523,-0.1482,51.5708,1.5
RX_524,-0.1484,51.5708,1.5
RX_525,-0.1485,51.5708,1.5
RX_526,-0.1487,51.5709,1.5
RX_527,-0.1489,51.571,1.5
RX_528,-0.1491,51.571,1.5
RX_529,-0.1493,51.5711,1.5
RX_530,-0.1494,51.5711,1.5
RX_531,-0.1495,51.5712,1.5
RX_532,-0.1497,51.5713,1.5
RX_533,-0.1498,51.5713,1.5
RX_534,-0.1499,51.5714,1.5
RX_535,-0.1499,51.5715,1.5
RX_536,-0.15,51.5716,1.5
RX_537,-0.15,51.5717,1.5
RX_538,-0.15,51.5718,1.5
RX_539,-0.1499,51.5719,1.5
RX_540,-0.1499,51.5721,1.5
RX_541,-0.1499,51.5722,1.5
RX_542,-0.1499,51.5723,1.5
RX_543,-0.1498,51.5724,1.5
RX_544,-0.1498,51.5725,1.5
RX_545,-0.1498,51.5726,1.5
RX_546,-0.1498,51.5727,1.5
RX_547,-0.1498,51.5728,1.5
RX_548,-0.1498,51.5729,1.5
RX_549,-0.1497,51.573,1.5
RX_550,-0.1497,51.5731,1.5
RX_551,-0.1497,51.5733,1.5
RX_552,-0.1497,51.5734,1.5
RX_553,-0.1497,51.5735,1.5
RX_554,-0.1497,51.5736,1.5
RX_555,-0.1497,51.5737,1.5
RX_556,-0.1497,51.5738,1.5
RX_557,-0.1497,51.5739,1.5
RX_558,-0.1497,51.574,1.5
RX_559,-0.1497,51.5742,1.5
RX_560,-0.1497,51.5743,1.5
RX_561,-0.1498,51.5744,1.5
RX_562,-0.1499,51.5745,1.5
RX_563,-0.1499,51.5746,1.5
RX_564,-0.15,51.5747,1.5
RX_565,-0.1501,51.5748,1.5
RX_566,-0.1502,51.5749,1.5
RX_567,-0.1503,51.575,1.5
RX_568,-0.1504,51.5751,1.5
RX_569,-0.1504,51.5752,1.5
RX_570,-0.1505,51.5753,1.5
RX_571,-0.1506,51.5754,1.5
RX_572,-0.1507,51.5755,1.5
RX_573,-0.1508,51.5756,1.5
RX_574,-0.1509,51.5757,1.5
RX_575,-0.151,51.5758,1.5
RX_576,-0.1511,51.5759,1.5
RX_577,-0.1512,51.576,1.5
RX_578,-0.1512,51.5761,1.5
RX_579,-0.1514,51.5762,1.5
RX_580,-0.1515,51.5763,1.5
RX_581,-0.1516,51.5764,1.5
RX_582,-0.1517,51.5764,1.5
RX_583,-0.1518,51.5765,1.5
RX_584,-0.1519,51.5766,1.5
RX_585,-0.152,51.5766,1.5
RX_586,-0.1521,51.5767,1.5
RX_587,-0.1522,51.5768,1.5
RX_588,-0.1523,51.5769,1.5
RX_589,-0.1524,51.5771,1.5
RX_590,-0.1525,51.5772,1.5
RX_591,-0.1525,51.5773,1.5
RX_592,-0.1526,51.5774,1.5
RX_593,-0.1528,51.5775,1.5
RX_594,-0.1529,51.5776,1.5
RX_595,-0.153,51.5777,1.5
RX_596,-0.1531,51.5779,1.5
RX_597,-0.1531,51.578,1.5
RX_598,-0.153,51.578,1.5
RX_599,-0.1528,51.5781,1.5
RX_600,-0.1526,51.5781,1.5
RX_601,-0.1524,51.5782,1.5
RX_602,-0.1522,51.5782,1.5
RX_603,-0.152,51.5783,1.5
RX_604,-0.1519,51.5784,1.5
RX_605,-0.1517,51.5784,1.5
RX_606,-0.1516,51.5784,1.5
RX_607,-0.1514,51.5785,1.5
RX_608,-0.1513,51.5786,1.5
RX_609,-0.1511,51.5786,1.5
RX_610,-0.151,51.5787,1.5
RX_611,-0.1508,51.5787,1.5
RX_612,-0.1506,51.5788,1.5
RX_613,-0.1505,51.5789,1.5
RX_614,-0.1503,51.579,1.5
RX_615,-0.1502,51.579,1.5
RX_616,-0.1501,51.579,1.5
RX_617,-0.15,51.5789,1.5
RX_618,-0.1499,51.5788,1.5
RX_619,-0.1497,51.5788,1.5
RX_620,-0.1496,51.5787,1.5
RX_621,-0.1494,51.5786,1.5
RX_622,-0.1493,51.5786,1.5
RX_623,-0.1491,51.5785,1.5
RX_624,-0.1489,51.5784,1.5
RX_625,-0.1488,51.5784,1.5
RX_626,-0.1486,51.5783,1.5
RX_627,-0.1483,51.5782,1.5
RX_628,-0.1483,51.5782,1.5
RX_629,-0.1481,51.5781,1.5
RX_630,-0.148,51.5781,1.5
RX_631,-0.1479,51.578,1.5
RX_632,-0.1477,51.5779,1.5
RX_633,-0.1475,51.5779,1.5
RX_634,-0.1474,51.5779,1.5
RX_635,-0.1473,51.5779,1.5
RX_636,-0.1473,51.578,1.5
RX_637,-0.1474,51.5781,1.5
RX_638,-0.1474,51.5782,1.5
RX_639,-0.1475,51.5784,1.5
RX_640,-0.1475,51.5785,1.5
RX_641,-0.1475,51.5786,1.5
RX_642,-0.1475,51.5787,1.5
RX_643,-0.1475,51.5788,1.5
RX_644,-0.1475,51.5789,1.5
RX_645,-0.1474,51.5791,1.5
RX_646,-0.1474,51.5792,1.5
RX_647,-0.1474,51.5793,1.5
RX_648,-0.1473,51.5794,1.5
RX_649,-0.1473,51.5795,1.5
RX_650,-0.1472,51.5796,1.5
RX_651,-0.1471,51.5797,1.5
RX_652,-0.1471,51.5798,1.5
RX_653,-0.1471,51.5799,1.5
RX_654,-0.147,51.5801,1.5
RX_655,-0.147,51.5802,1.5
RX_656,-0.147,51.5803,1.5
RX_657,-0.147,51.5804,1.5
RX_658,-0.147,51.5806,1.5
RX_659,-0.147,51.5807,1.5
RX_660,-0.147,51.5808,1.5
RX_661,-0.147,51.5809,1.5
RX_662,-0.147,51.5809,1.5
RX_663,-0.1469,51.581,1.5
RX_664,-0.1469,51.5811,1.5
RX_665,-0.1469,51.5813,1.5
RX_666,-0.1469,51.5814,1.5
RX_667,-0.1468,51.5815,1.5
RX_668,-0.1467,51.5816,1.5
RX_669,-0.1466,51.5817,1.5
RX_670,-0.1466,51.5818,1.5
RX_671,-0.1465,51.5819,1.5
RX_672,-0.1465,51.582,1.5
RX_673,-0.1464,51.5821,1.5
RX_674,-0.1463,51.5822,1.5
RX_675,-0.1463,51.5824,1.5
RX_676,-0.1463,51.5825,1.5
RX_677,-0.1463,51.5826,1.5
RX_678,-0.1464,51.5827,1.5
RX_679,-0.1464,51.5828,1.5
RX_680,-0.1464,51.5829,1.5
RX_681,-0.1465,51.583,1.5
RX_682,-0.1465,51.5831,1.5
RX_683,-0.1465,51.5831,1.5
RX_684,-0.1466,51.5832,1.5
RX_685,-0.1466,51.5834,1.5
RX_686,-0.1467,51.5835,1.5
RX_687,-0.1468,51.5836,1.5
RX_688,-0.1468,51.5837,1.5
RX_689,-0.1469,51.5838,1.5
RX_690,-0.1469,51.5839,1.5
RX_691,-0.1469,51.584,1.5
RX_692,-0.1469,51.5841,1.5
RX_693,-0.147,51.5843,1.5
RX_694,-0.147,51.5844,1.5
RX_695,-0.147,51.5845,1.5
RX_696,-0.147,51.5846,1.5
RX_697,-0.147,51.5847,1.5
RX_698,-0.147,51.5848,1.5
RX_699,-0.147,51.585,1.5
RX_700,-0.147,51.5851,1.5
RX_701,-0.147,51.5852,1.5
RX_702,-0.147,51.5853,1.5
RX_703,-0.1471,51.5854,1.5
RX_704,-0.1471,51.5855,1.5
RX_705,-0.1471,51.5857,1.5
RX_706,-0.1471,51.5858,1.5
RX_707,-0.1471,51.5859,1.5
RX_708,-0.1471,51.586,1.5
RX_709,-0.1471,51.5862,1.5
RX_710,-0.1471,51.5863,1.5
RX_711,-0.1471,51.5864,1.5
RX_712,-0.1471,51.5865,1.5
RX_713,-0.1471,51.5866,1.5
RX_714,-0.1471,51.5867,1.5
RX_715,-0.1471,51.5868,1.5
RX_716,-0.1471,51.5869,1.5
RX_717,-0.147,51.587,1.5
RX_718,-0.147,51.5872,1.5
RX_719,-0.147,51.5873,1.5
RX_720,-0.147,51.5874,1.5
RX_721,-0.147,51.5875,1.5
RX_722,-0.1469,51.5876,1.5
RX_723,-0.1469,51.5877,1.5
RX_724,-0.1469,51.5879,1.5
RX_725,-0.1469,51.588,1.5
RX_726,-0.1469,51.5881,1.5
RX_727,-0.1468,51.5882,1.5
RX_728,-0.1467,51.5883,1.5
RX_729,-0.1466,51.5884,1.5
RX_730,-0.1465,51.5885,1.5
RX_731,-0.1464,51.5886,1.5
RX_732,-0.1463,51.5887,1.5
RX_733,-0.1462,51.5888,1.5
RX_734,-0.1461,51.5889,1.5
RX_735,-0.146,51.589,1.5
RX_736,-0.1459,51.5891,1.5
RX_737,-0.1458,51.5892,1.5
RX_738,-0.1457,51.5893,1.5
RX_739,-0.1456,51.5894,1.5
RX_740,-0.1454,51.5895,1.5
RX_741,-0.1454,51.5896,1.5
RX_742,-0.1455,51.5896,1.5
RX_743,-0.1456,51.5897,1.5
RX_744,-0.1457,51.5898,1.5
RX_745,-0.1458,51.5899,1.5
RX_746,-0.146,51.5899,1.5
RX_747,-0.1461,51.59,1.5
RX_748,-0.1463,51.5901,1.5
RX_749,-0.1464,51.5901,1.5
RX_750,-0.1466,51.5902,1.5
RX_751,-0.1467,51.5903,1.5
RX_752,-0.1469,51.5904,1.5
RX_753,-0.1471,51.5904,1.5
RX_754,-0.1472,51.5905,1.5
RX_755,-0.1473,51.5905,1.5
RX_756,-0.1475,51.5906,1.5
RX_757,-0.1476,51.5907,1.5
RX_758,-0.1478,51.5907,1.5
RX_759,-0.1479,51.5908,1.5
RX_760,-0.1481,51.5909,1.5
RX_761,-0.1482,51.591,1.5
RX_762,-0.1484,51.591,1.5
RX_763,-0.1486,51.5911,1.5
RX_764,-0.1487,51.5912,1.5
RX_765,-0.1488,51.5912,1.5
RX_766,-0.149,51.5913,1.5
RX_767,-0.1492,51.5913,1.5
RX_768,-0.1493,51.5913,1.5
RX_769,-0.1495,51.5912,1.5
RX_770,-0.1497,51.5912,1.5
RX_771,-0.1498,51.5912,1.5
RX_772,-0.15,51.5911,1.5
RX_773,-0.1502,51.5911,1.5
RX_774,-0.1504,51.591,1.5
RX_775,-0.1506,51.591,1.5
RX_776,-0.1508,51.591,1.5
RX_777,-0.1509,51.591,1.5
RX_778,-0.1511,51.591,1.5
RX_779,-0.1513,51.591,1.5
RX_780,-0.1514,51.591,1.5
RX_781,-0.1517,51.591,1.5
RX_782,-0.1519,51.591,1.5
RX_783,-0.1521,51.591,1.5
RX_784,-0.1522,51.591,1.5
RX_785,-0.1524,51.591,1.5
RX_786,-0.1525,51.591,1.5
RX_787,-0.1527,51.591,1.5
RX_788,-0.1529,51.591,1.5
RX_789,-0.1531,51.591,1.5
RX_790,-0.1533,51.591,1.5
RX_791,-0.1535,51.591,1.5
RX_792,-0.1537,51.591,1.5
RX_793,-0.1538,51.5909,1.5
RX_794,-0.154,51.5909,1.5
RX_795,-0.1542,51.5909,1.5
RX_796,-0.1543,51.5909,1.5
RX_797,-0.1545,51.5908,1.5
RX_798,-0.1547,51.5908,1.5
RX_799,-0.1549,51.5908,1.5
RX_800,-0.155,51.5908,1.5
RX_801,-0.1552,51.5908,1.5
RX_802,-0.1554,51.5907,1.5
RX_803,-0.1556,51.5907,1.5
RX_804,-0.1558,51.5907,1.5
RX_805,-0.1559,51.5907,1.5
RX_806,-0.1561,51.5906,1.5
RX_807,-0.1563,51.5906,1.5
RX_808,-0.1565,51.5906,1.5
RX_809,-0.1566,51.5906,1.5
RX_810,-0.1568,51.5905,1.5
RX_811,-0.157,51.5905,1.5
RX_812,-0.1572,51.5905,1.5
RX_813,-0.1573,51.5905,1.5
RX_814,-0.1575,51.5904,1.5
RX_815,-0.1577,51.5904,1.5
RX_816,-0.1579,51.5904,1.5
RX_817,-0.1581,51.5903,1.5
RX_818,-0.1582,51.5903,1.5
RX_819,-0.1584,51.5903,1.5
RX_820,-0.1586,51.5903,1.5
RX_821,-0.1588,51.5903,1.5
RX_822,-0.159,51.5902,1.5
RX_823,-0.1592,51.5902,1.5
RX_824,-0.1593,51.5902,1.5
RX_825,-0.1595,51.5902,1.5
RX_826,-0.1597,51.5901,1.5
RX_827,-0.1599,51.5901,1.5
RX_828,-0.16,51.5901,1.5
RX_829,-0.1602,51.5901,1.5
RX_830,-0.1604,51.5901,1.5
RX_831,-0.1606,51.59,1.5
RX_832,-0.1608,51.59,1.5
RX_833,-0.1609,51.59,1.5
RX_834,-0.1611,51.59,1.5
RX_835,-0.1613,51.5899,1.5
RX_836,-0.1615,51.5899,1.5
RX_837,-0.1616,51.5899,1.5
RX_838,-0.1618,51.5899,1.5
RX_839,-0.162,51.5898,1.5
RX_840,-0.1622,51.5898,1.5
RX_841,-0.1624,51.5898,1.5
RX_842,-0.1626,51.5897,1.5
RX_843,-0.1628,51.5897,1.5
RX_844,-0.163,51.5897,1.5
RX_845,-0.1631,51.5896,1.5
RX_846,-0.1634,51.5896,1.5
RX_847,-0.1635,51.5895,1.5
RX_848,-0.1636,51.5895,1.5
RX_849,-0.1637,51.5895,1.5
RX_850,-0.1639,51.5894,1.5
RX_851,-0.1641,51.5894,1.5
RX_852,-0.1642,51.5894,1.5
RX_853,-0.1644,51.5895,1.5
RX_854,-0.1645,51.5895,1.5
RX_855,-0.1647,51.5895,1.5
RX_856,-0.1649,51.5896,1.5
RX_857,-0.1651,51.5896,1.5
RX_858,-0.1653,51.5897,1.5
RX_859,-0.1655,51.5897,1.5
RX_860,-0.1657,51.5897,1.5
RX_861,-0.1659,51.5897,1.5
RX_862,-0.166,51.5897,1.5
RX_863,-0.1662,51.5897,1.5
RX_864,-0.1664,51.5898,1.5
RX_865,-0.1666,51.5898,1.5
RX_866,-0.1667,51.5898,1.5
RX_867,-0.1669,51.5898,1.5
RX_868,-0.1671,51.5898,1.5
RX_869,-0.1673,51.5898,1.5
RX_870,-0.1675,51.5898,1.5
RX_871,-0.1676,51.5897,1.5
RX_872,-0.1677,51.5896,1.5
RX_873,-0.1679,51.5896,1.5
RX_874,-0.168,51.5895,1.5
RX_875,-0.1681,51.5894,1.5
RX_876,-0.1682,51.5893,1.5
RX_877,-0.1683,51.5892,1.5
RX_878,-0.1684,51.5891,1.5
RX_879,-0.1686,51.5891,1.5
RX_880,-0.1687,51.589,1.5
RX_881,-0.1689,51.589,1.5
RX_882,-0.1691,51.589,1.5
RX_883,-0.1693,51.589,1.5
RX_884,-0.1694,51.5891,1.5
RX_885,-0.1696,51.5891,1.5
RX_886,-0.1697,51.5892,1.5
RX_887,-0.1699,51.5892,1.5
RX_888,-0.1701,51.5893,1.5
RX_889,-0.1702,51.5893,1.5
RX_890,-0.1704,51.5894,1.5
RX_891,-0.1706,51.5895,1.5
RX_892,-0.1707,51.5895,1.5
RX_893,-0.1708,51.5896,1.5
RX_894,-0.171,51.5897,1.5
RX_895,-0.1711,51.5898,1.5
RX_896,-0.1712,51.5898,1.5
RX_897,-0.1714,51.5899,1.5
RX_898,-0.1715,51.5899,1.5
RX_899,-0.1717,51.59,1.5
RX_900,-0.1719,51.59,1.5
RX_901,-0.172,51.5901,1.5
RX_902,-0.1722,51.5902,1.5
RX_903,-0.1723,51.5902,1.5
RX_904,-0.1724,51.5903,1.5
RX_905,-0.1726,51.5904,1.5
RX_906,-0.1727,51.5904,1.5
RX_907,-0.1729,51.5905,1.5
RX_908,-0.173,51.5906,1.5
RX_909,-0.1732,51.5906,1.5
RX_910,-0.1733,51.5907,1.5
RX_911,-0.1735,51.5908,1.5
RX_912,-0.1736,51.5908,1.5
RX_913,-0.1738,51.5909,1.5
RX_914,-0.174,51.5909,1.5
RX_915,-0.1741,51.591,1.5
RX_916,-0.1743,51.5911,1.5
RX_917,-0.1745,51.5911,1.5
RX_918,-0.1747,51.5911,1.5
RX_919,-0.1749,51.5912,1.5
RX_920,-0.1751,51.5912,1.5
RX_921,-0.1753,51.5912,1.5
RX_922,-0.1755,51.5913,1.5
RX_923,-0.1756,51.5913,1.5
RX_924,-0.1758,51.5914,1.5
RX_925,-0.1757,51.5914,1.5
RX_926,-0.1756,51.5915,1.5
RX_927,-0.1754,51.5916,1.5
RX_928,-0.1753,51.5917,1.5
RX_929,-0.1752,51.5918,1.5
RX_930,-0.1751,51.5918,1.5
RX_931,-0.1749,51.5919,1.5
RX_932,-0.1748,51.592,1.5
RX_933,-0.1747,51.5921,1.5
RX_934,-0.1745,51.5921,1.5
RX_935,-0.1744,51.5922,1.5
RX_936,-0.1743,51.5923,1.5
RX_937,-0.1741,51.5923,1.5
RX_938,-0.174,51.5924,1.5
RX_939,-0.1738,51.5925,1.5
RX_940,-0.1736,51.5925,1.5
RX_941,-0.1735,51.5926,1.5
RX_942,-0.1734,51.5927,1.5
RX_943,-0.1732,51.5927,1.5
RX_944,-0.1731,51.5928,1.5
RX_945,-0.1729,51.5928,1.5
RX_946,-0.1728,51.5929,1.5
RX_947,-0.1726,51.593,1.5
RX_948,-0.1724,51.593,1.5
RX_949,-0.1723,51.5931,1.5
RX_950,-0.1721,51.5932,1.5
RX_951,-0.172,51.5932,1.5
RX_952,-0.1719,51.5933,1.5
RX_953,-0.1717,51.5934,1.5
RX_954,-0.1716,51.5935,1.5
RX_955,-0.1715,51.5936,1.5
RX_956,-0.1714,51.5937,1.5
RX_957,-0.1712,51.5937,1.5
RX_958,-0.1711,51.5938,1.5
RX_959,-0.171,51.5939,1.5
RX_960,-0.1708,51.594,1.5
RX_961,-0.1707,51.594,1.5
RX_962,-0.1706,51.5941,1.5
RX_963,-0.1704,51.5942,1.5
RX_964,-0.1703,51.5943,1.5
RX_965,-0.1701,51.5943,1.5
RX_966,-0.17,51.5944,1.5
RX_967,-0.1698,51.5944,1.5
RX_968,-0.1696,51.5945,1.5
RX_969,-0.1694,51.5945,1.5
RX_970,-0.1692,51.5945,1.5
RX_971,-0.1691,51.5946,1.5
RX_972,-0.1691,51.5947,1.5
RX_973,-0.1692,51.5948,1.5
RX_974,-0.1693,51.5949,1.5
RX_975,-0.1694,51.5949,1.5
RX_976,-0.1695,51.595,1.5
RX_977,-0.1696,51.5951,1.5
RX_978,-0.1698,51.5952,1.5
RX_979,-0.1699,51.5953,1.5
RX_980,-0.17,51.5953,1.5
RX_981,-0.1701,51.5954,1.5
RX_982,-0.1702,51.5955,1.5
RX_983,-0.1704,51.5956,1.5
RX_984,-0.1705,51.5957,1.5
RX_985,-0.1706,51.5958,1.5
RX_986,-0.1707,51.5959,1.5
RX_987,-0.1708,51.596,1.5
RX_988,-0.171,51.596,1.5
RX_989,-0.1711,51.5961,1.5
RX_990,-0.1712,51.5962,1.5
RX_991,-0.1713,51.5963,1.5
RX_992,-0.1714,51.5964,1.5
RX_993,-0.1715,51.5965,1.5
RX_994,-0.1715,51.5966,1.5
RX_995,-0.1716,51.5967,1.5
RX_996,-0.1717,51.5968,1.5
RX_997,-0.1717,51.5969,1.5
RX_998,-0.1718,51.597,1.5
RX_999,-0.1718,51.5972,1.5
RX_1000,-0.1719,51.5973,1.5
RX_1001,-0.172,51.5974,1.5
RX_1002,-0.172,51.5975,1.5
RX_1003,-0.1721,51.5976,1.5
RX_1004,-0.1721,51.5977,1.5
RX_1005,-0.1722,51.5978,1.5
RX_1006,-0.1722,51.5979,1.5
RX_1007,-0.1723,51.598,1.5
RX_1008,-0.1723,51.5981,1.5
RX_1009,-0.1724,51.5983,1.5
RX_1010,-0.1725,51.5984,1.5
RX_1011,-0.1725,51.5984,1.5
RX_1012,-0.1726,51.5986,1.5
RX_1013,-0.1727,51.5987,1.5
RX_1014,-0.1728,51.5988,1.5
RX_1015,-0.1728,51.5989,1.5
RX_1016,-0.1729,51.599,1.5
RX_1017,-0.173,51.5991,1.5
RX_1018,-0.173,51.5992,1.5
RX_1019,-0.1731,51.5994,1.5
RX_1020,-0.1731,51.5994,1.5
RX_1021,-0.1732,51.5995,1.5
RX_1022,-0.1732,51.5996,1.5
RX_1023,-0.1732,51.5997,1.5
RX_1024,-0.1733,51.5998,1.5
RX_1025,-0.1733,51.5999,1.5
RX_1026,-0.1733,51.6,1.5
RX_1027,-0.1733,51.6002,1.5
RX_1028,-0.1733,51.6003,1.5
RX_1029,-0.1733,51.6004,1.5
RX_1030,-0.1733,51.6005,1.5
RX_1031,-0.1733,51.6006,1.5
RX_1032,-0.1733,51.6007,1.5
RX_1033,-0.1733,51.6008,1.5
RX_1034,-0.1734,51.601,1.5
RX_1035,-0.1734,51.6011,1.5
RX_1036,-0.1734,51.6012,1.5
RX_1037,-0.1735,51.6013,1.5
RX_1038,-0.1735,51.6014,1.5
RX_1039,-0.1736,51.6015,1.5
RX_1040,-0.1736,51.6017,1.5
RX_1041,-0.1737,51.6018,1.5
RX_1042,-0.1737,51.6019,1.5
RX_1043,-0.1738,51.602,1.5
RX_1044,-0.1739,51.6022,1.5
RX_1045,-0.1739,51.6022,1.5
RX_1046,-0.174,51.6023,1.5
RX_1047,-0.1741,51.6024,1.5
RX_1048,-0.1741,51.6025,1.5
RX_1049,-0.1742,51.6026,1.5
RX_1050,-0.1742,51.6027,1.5
RX_1051,-0.1743,51.6028,1.5
RX_1052,-0.1744,51.6029,1.5
RX_1053,-0.1744,51.603,1.5
RX_1054,-0.1745,51.6031,1.5
RX_1055,-0.1745,51.6032,1.5
RX_1056,-0.1746,51.6033,1.5
RX_1057,-0.1746,51.6034,1.5
RX_1058,-0.1747,51.6036,1.5
RX_1059,-0.1747,51.6037,1.5
RX_1060,-0.1748,51.6038,1.5
RX_1061,-0.1748,51.6039,1.5
RX_1062,-0.1748,51.604,1.5
RX_1063,-0.1749,51.6041,1.5
RX_1064,-0.1749,51.6042,1.5
RX_1065,-0.1749,51.6044,1.5
RX_1066,-0.175,51.6045,1.5
RX_1067,-0.1749,51.6046,1.5
RX_1068,-0.1748,51.6047,1.5
RX_1069,-0.1746,51.6047,1.5
RX_1070,-0.1744,51.6047,1.5
RX_1071,-0.1742,51.6048,1.5
RX_1072,-0.1742,51.6047,1.5
RX_1073,-0.1743,51.6047,1.5
RX_1074,-0.1746,51.6047,1.5
RX_1075,-0.1747,51.6046,1.5
RX_1076,-0.1748,51.6046,1.5
RX_1077,-0.1748,51.6045,1.5
RX_1078,-0.1748,51.6044,1.5
RX_1079,-0.1748,51.6043,1.5
RX_1080,-0.1748,51.6042,1.5
RX_1081,-0.1748,51.6041,1.5
RX_1082,-0.1747,51.604,1.5
RX_1083,-0.1747,51.6038,1.5
RX_1084,-0.1746,51.6037,1.5
RX_1085,-0.1746,51.6036,1.5
RX_1086,-0.1745,51.6035,1.5
RX_1087,-0.1745,51.6034,1.5
RX_1088,-0.1744,51.6033,1.5
RX_1089,-0.1743,51.6032,1.5
RX_1090,-0.1743,51.6031,1.5
RX_1091,-0.1742,51.6029,1.5
RX_1092,-0.1741,51.6028,1.5
RX_1093,-0.174,51.6027,1.5
RX_1094,-0.1739,51.6026,1.5
RX_1095,-0.1737,51.6026,1.5
RX_1096,-0.1735,51.6026,1.5
RX_1097,-0.1734,51.6026,1.5
RX_1098,-0.1732,51.6026,1.5
RX_1099,-0.1731,51.6025,1.5
RX_1100,-0.1729,51.6025,1.5
RX_1101,-0.1728,51.6024,1.5
RX_1102,-0.1726,51.6024,1.5
RX_1103,-0.1724,51.6023,1.5
RX_1104,-0.1722,51.6023,1.5
RX_1105,-0.1721,51.6023,1.5
RX_1106,-0.1719,51.6024,1.5
RX_1107,-0.1717,51.6024,1.5
RX_1108,-0.1716,51.6024,1.5
RX_1109,-0.1714,51.6025,1.5
RX_1110,-0.1713,51.6026,1.5
RX_1111,-0.1711,51.6026,1.5
RX_1112,-0.171,51.6027,1.5
RX_1113,-0.1708,51.6027,1.5
RX_1114,-0.1706,51.6028,1.5
RX_1115,-0.1705,51.6028,1.5
RX_1116,-0.1704,51.6029,1.5
RX_1117,-0.1702,51.603,1.5
RX_1118,-0.17,51.603,1.5
RX_1119,-0.1699,51.6031,1.5
RX_1120,-0.1697,51.6031,1.5
RX_1121,-0.1695,51.6032,1.5
RX_1122,-0.1694,51.6032,1.5
RX_1123,-0.1692,51.6033,1.5
RX_1124,-0.1691,51.6033,1.5
RX_1125,-0.1689,51.6034,1.5
RX_1126,-0.1687,51.6034,1.5
RX_1127,-0.1686,51.6035,1.5
RX_1128,-0.1684,51.6035,1.5
RX_1129,-0.1683,51.6036,1.5
RX_1130,-0.1681,51.6036,1.5
RX_1131,-0.1679,51.6037,1.5
RX_1132,-0.1677,51.6037,1.5
RX_1133,-0.1676,51.6038,1.5
RX_1134,-0.1674,51.6038,1.5
RX_1135,-0.1672,51.6039,1.5
RX_1136,-0.1671,51.6039,1.5
RX_1137,-0.1669,51.604,1.5
RX_1138,-0.1668,51.604,1.5
RX_1139,-0.1666,51.6041,1.5
RX_1140,-0.1664,51.6041,1.5
RX_1141,-0.1662,51.6042,1.5
RX_1142,-0.1661,51.6042,1.5
RX_1143,-0.1659,51.6043,1.5
RX_1144,-0.1658,51.6044,1.5
RX_1145,-0.1656,51.6044,1.5
RX_1146,-0.1655,51.6045,1.5
RX_1147,-0.1653,51.6045,1.5
RX_1148,-0.1652,51.6046,1.5
RX_1149,-0.165,51.6047,1.5
RX_1150,-0.1649,51.6047,1.5
RX_1151,-0.1647,51.6048,1.5
RX_1152,-0.1645,51.6049,1.5
RX_1153,-0.1644,51.6049,1.5
RX_1154,-0.1643,51.605,1.5
RX_1155,-0.1641,51.605,1.5
RX_1156,-0.1639,51.6051,1.5
RX_1157,-0.1638,51.6052,1.5
RX_1158,-0.1637,51.6052,1.5
RX_1159,-0.1635,51.6053,1.5
RX_1160,-0.1634,51.6053,1.5
RX_1161,-0.1632,51.6054,1.5
RX_1162,-0.163,51.6055,1.5
RX_1163,-0.1629,51.6055,1.5
RX_1164,-0.1627,51.6056,1.5
RX_1165,-0.1625,51.6056,1.5
RX_1166,-0.1623,51.6056,1.5
RX_1167,-0.1622,51.6057,1.5
RX_1168,-0.162,51.6057,1.5
RX_1169,-0.1618,51.6057,1.5
RX_1170,-0.1617,51.6058,1.5
RX_1171,-0.1615,51.6058,1.5
RX_1172,-0.1613,51.6058,1.5
RX_1173,-0.1611,51.6058,1.5
RX_1174,-0.1609,51.6058,1.5
RX_1175,-0.1608,51.6058,1.5
RX_1176,-0.1606,51.6059,1.5
RX_1177,-0.1604,51.6059,1.5
RX_1178,-0.1602,51.6059,1.5
RX_1179,-0.1601,51.6059,1.5
RX_1180,-0.1599,51.6059,1.5
RX_1181,-0.1597,51.6059,1.5
RX_1182,-0.1595,51.6059,1.5
RX_1183,-0.1593,51.6059,1.5
RX_1184,-0.1592,51.6059,1.5
RX_1185,-0.159,51.6059,1.5
RX_1186,-0.1588,51.6058,1.5
RX_1187,-0.1587,51.6058,1.5
RX_1188,-0.1585,51.6058,1.5
RX_1189,-0.1583,51.6058,1.5
RX_1190,-0.1581,51.6058,1.5
RX_1191,-0.1579,51.6058,1.5
RX_1192,-0.1577,51.6058,1.5
RX_1193,-0.1576,51.6058,1.5
RX_1194,-0.1574,51.6058,1.5
RX_1195,-0.1572,51.6058,1.5
RX_1196,-0.157,51.6058,1.5
RX_1197,-0.1568,51.6058,1.5
RX_1198,-0.1566,51.6058,1.5
RX_1199,-0.1565,51.6058,1.5
RX_1200,-0.1563,51.6058,1.5
RX_1201,-0.1561,51.6058,1.5
RX_1202,-0.1559,51.6058,1.5
RX_1203,-0.1558,51.6058,1.5
RX_1204,-0.1556,51.6058,1.5
RX_1205,-0.1554,51.6059,1.5
RX_1206,-0.1552,51.6059,1.5
RX_1207,-0.1551,51.6059,1.5
RX_1208,-0.1549,51.606,1.5
RX_1209,-0.1547,51.606,1.5
RX_1210,-0.1545,51.606,1.5
RX_1211,-0.1544,51.6061,1.5
RX_1212,-0.1542,51.6061,1.5
RX_1213,-0.154,51.6061,1.5
RX_1214,-0.1539,51.6062,1.5
RX_1215,-0.1536,51.6062,1.5
RX_1216,-0.1535,51.6062,1.5
RX_1217,-0.1533,51.6063,1.5
RX_1218,-0.1531,51.6063,1.5
RX_1219,-0.153,51.6063,1.5
RX_1220,-0.1528,51.6064,1.5
RX_1221,-0.1526,51.6064,1.5
RX_1222,-0.1525,51.6065,1.5
RX_1223,-0.1523,51.6065,1.5
RX_1224,-0.1521,51.6065,1.5
RX_1225,-0.1519,51.6066,1.5
RX_1226,-0.1518,51.6066,1.5
RX_1227,-0.1516,51.6067,1.5
RX_1228,-0.1514,51.6067,1.5
RX_1229,-0.1512,51.6067,1.5
RX_1230,-0.1511,51.6068,1.5
RX_1231,-0.1509,51.6068,1.5
RX_1232,-0.1507,51.6069,1.5
RX_1233,-0.1506,51.6069,1.5
RX_1234,-0.1504,51.6069,1.5
RX_1235,-0.1502,51.607,1.5
RX_1236,-0.15,51.607,1.5
RX_1237,-0.1499,51.6071,1.5
RX_1238,-0.1497,51.6071,1.5
RX_1239,-0.1495,51.6072,1.5
RX_1240,-0.1494,51.6072,1.5
RX_1241,-0.1492,51.6073,1.5
RX_1242,-0.1491,51.6073,1.5
RX_1243,-0.1489,51.6074,1.5
RX_1244,-0.1487,51.6074,1.5
RX_1245,-0.1486,51.6075,1.5
RX_1246,-0.1484,51.6075,1.5
RX_1247,-0.1482,51.6076,1.5
RX_1248,-0.1481,51.6076,1.5
RX_1249,-0.1479,51.6077,1.5
RX_1250,-0.1478,51.6077,1.5
RX_1251,-0.1476,51.6078,1.5
RX_1252,-0.1475,51.6078,1.5
RX_1253,-0.1473,51.6079,1.5
RX_1254,-0.1471,51.6079,1.5
RX_1255,-0.147,51.608,1.5
RX_1256,-0.1468,51.608,1.5
RX_1257,-0.1466,51.6081,1.5
RX_1258,-0.1465,51.6081,1.5
RX_1259,-0.1463,51.6082,1.5
RX_1260,-0.1461,51.6082,1.5
RX_1261,-0.1459,51.6083,1.5
RX_1262,-0.1458,51.6083,1.5
RX_1263,-0.1456,51.6084,1.5
RX_1264,-0.1455,51.6084,1.5
RX_1265,-0.1453,51.6085,1.5
RX_1266,-0.1451,51.6086,1.5
RX_1267,-0.1449,51.6086,1.5
RX_1268,-0.1447,51.6087,1.5
RX_1269,-0.1446,51.6087,1.5
RX_1270,-0.1444,51.6088,1.5
RX_1271,-0.1442,51.6088,1.5
RX_1272,-0.144,51.6089,1.5
RX_1273,-0.1439,51.6089,1.5
RX_1274,-0.1437,51.609,1.5
RX_1275,-0.1435,51.609,1.5
RX_1276,-0.1434,51.6091,1.5
RX_1277,-0.1432,51.6091,1.5
RX_1278,-0.1431,51.6092,1.5
RX_1279,-0.1429,51.6092,1.5
RX_1280,-0.1428,51.6093,1.5
RX_1281,-0.1426,51.6093,1.5
RX_1282,-0.1424,51.6094,1.5
RX_1283,-0.1423,51.6094,1.5
RX_1284,-0.1421,51.6094,1.5
RX_1285,-0.142,51.6095,1.5
RX_1286,-0.1418,51.6096,1.5
RX_1287,-0.1416,51.6096,1.5
RX_1288,-0.1414,51.6097,1.5
RX_1289,-0.1412,51.6097,1.5
RX_1290,-0.141,51.6098,1.5
RX_1291,-0.1409,51.6098,1.5
RX_1292,-0.1408,51.6098,1.5
RX_1293,-0.1406,51.6099,1.5
RX_1294,-0.1405,51.6099,1.5
RX_1295,-0.1403,51.61,1.5
RX_1296,-0.1401,51.61,1.5
RX_1297,-0.1399,51.61,1.5
RX_1298,-0.1397,51.6101,1.5
RX_1299,-0.1396,51.6101,1.5
RX_1300,-0.1394,51.6102,1.5
RX_1301,-0.1392,51.6102,1.5
RX_1302,-0.1391,51.6102,1.5
RX_1303,-0.139,51.6102,1.5
RX_1304,-0.139,51.6102,1.5
RX_1305,-0.1388,51.6101,1.5
RX_1306,-0.1386,51.6101,1.5
RX_1307,-0.1384,51.6102,1.5
RX_1308,-0.1381,51.6103,1.5
RX_1309,-0.138,51.6104,1.5
RX_1310,-0.1377,51.6105,1.5
RX_1311,-0.1376,51.6105,1.5
RX_1312,-0.1375,51.6106,1.5
RX_1313,-0.1373,51.6107,1.5
RX_1314,-0.137,51.6107,1.5
RX_1315,-0.1368,51.6108,1.5
RX_1316,-0.1367,51.6108,1.5
RX_1317,-0.1365,51.6109,1.5
RX_1318,-0.1363,51.6109,1.5
RX_1319,-0.1362,51.611,1.5
RX_1320,-0.136,51.6111,1.5
RX_1321,-0.136,51.6112,1.5
RX_1322,-0.1361,51.6113,1.5
RX_1323,-0.1362,51.6113,1.5
RX_1324,-0.1364,51.6114,1.5
RX_1325,-0.1365,51.6115,1.5
RX_1326,-0.1367,51.6116,1.5
RX_1327,-0.1368,51.6116,1.5
RX_1328,-0.137,51.6117,1.5
RX_1329,-0.1372,51.6118,1.5
RX_1330,-0.1373,51.6118,1.5
RX_1331,-0.1375,51.6119,1.5
RX_1332,-0.1376,51.6119,1.5
RX_1333,-0.1378,51.612,1.5
RX_1334,-0.138,51.6121,1.5
RX_1335,-0.1381,51.6121,1.5
RX_1336,-0.1383,51.6121,1.5
RX_1337,-0.1385,51.6122,1.5
RX_1338,-0.1387,51.6122,1.5
RX_1339,-0.1389,51.6122,1.5
RX_1340,-0.139,51.6122,1.5
RX_1341,-0.1392,51.6122,1.5
RX_1342,-0.1394,51.6122,1.5
RX_1343,-0.1396,51.6123,1.5
RX_1344,-0.1397,51.6123,1.5
RX_1345,-0.1399,51.6123,1.5
RX_1346,-0.1401,51.6123,1.5
RX_1347,-0.1403,51.6124,1.5
RX_1348,-0.1404,51.6124,1.5
RX_1349,-0.1406,51.6125,1.5
RX_1350,-0.1408,51.6125,1.5
RX_1351,-0.1409,51.6126,1.5
RX_1352,-0.1411,51.6127,1.5
RX_1353,-0.1412,51.6128,1.5
RX_1354,-0.1413,51.6129,1.5
RX_1355,-0.1414,51.613,1.5
RX_1356,-0.1415,51.6131,1.5
RX_1357,-0.1416,51.6132,1.5
RX_1358,-0.1417,51.6133,1.5
RX_1359,-0.1418,51.6134,1.5
RX_1360,-0.1419,51.6135,1.5
RX_1361,-0.142,51.6136,1.5
RX_1362,-0.1421,51.6137,1.5
RX_1363,-0.1422,51.6138,1.5
RX_1364,-0.1423,51.6139,1.5
RX_1365,-0.1423,51.614,1.5
RX_1366,-0.1424,51.6141,1.5
RX_1367,-0.1426,51.6142,1.5
RX_1368,-0.1427,51.6143,1.5
RX_1369,-0.1428,51.6144,1.5
RX_1370,-0.1428,51.6145,1.5
RX_1371,-0.1429,51.6146,1.5
RX_1372,-0.143,51.6147,1.5
RX_1373,-0.1432,51.6148,1.5
RX_1374,-0.1432,51.6148,1.5
RX_1375,-0.1433,51.6149,1.5
RX_1376,-0.1433,51.615,1.5
RX_1377,-0.1434,51.6151,1.5
RX_1378,-0.1435,51.6152,1.5
RX_1379,-0.1436,51.6154,1.5
RX_1380,-0.1437,51.6155,1.5
RX_1381,-0.1437,51.6155,1.5
RX_1382,-0.1439,51.6156,1.5
RX_1383,-0.144,51.6156,1.5
RX_1384,-0.1442,51.6156,1.5
RX_1385,-0.1444,51.6156,1.5
RX_1386,-0.1445,51.6155,1.5
RX_1387,-0.1447,51.6155,1.5
RX_1388,-0.1449,51.6154,1.5
RX_1389,-0.145,51.6154,1.5
RX_1390,-0.1452,51.6154,1.5
RX_1391,-0.1454,51.6153,1.5
RX_1392,-0.1456,51.6153,1.5
RX_1393,-0.1457,51.6152,1.5
RX_1394,-0.1459,51.6152,1.5
RX_1395,-0.1461,51.6151,1.5
RX_1396,-0.1462,51.6151,1.5
RX_1397,-0.1464,51.6151,1.5
RX_1398,-0.1466,51.615,1.5
RX_1399,-0.1467,51.615,1.5
RX_1400,-0.1469,51.615,1.5
RX_1401,-0.1471,51.6149,1.5
RX_1402,-0.1473,51.6149,1.5
RX_1403,-0.1474,51.6149,1.5
RX_1404,-0.1476,51.6149,1.5
RX_1405,-0.1478,51.6148,1.5
RX_1406,-0.148,51.6148,1.5
RX_1407,-0.1482,51.6148,1.5
RX_1408,-0.1484,51.6148,1.5
RX_1409,-0.1485,51.6147,1.5
RX_1410,-0.1487,51.6147,1.5
RX_1411,-0.1489,51.6147,1.5
RX_1412,-0.1491,51.6146,1.5
RX_1413,-0.1493,51.6146,1.5
RX_1414,-0.1494,51.6146,1.5
RX_1415,-0.1496,51.6145,1.5
RX_1416,-0.1498,51.6145,1.5
RX_1417,-0.1499,51.6145,1.5
RX_1418,-0.1501,51.6144,1.5
RX_1419,-0.1503,51.6144,1.5
RX_1420,-0.1504,51.6143,1.5
RX_1421,-0.1506,51.6143,1.5
RX_1422,-0.1508,51.6142,1.5
RX_1423,-0.1509,51.6142,1.5
RX_1424,-0.1511,51.6141,1.5
RX_1425,-0.1512,51.6141,1.5
RX_1426,-0.1514,51.614,1.5
RX_1427,-0.1515,51.614,1.5
RX_1428,-0.1517,51.6139,1.5
RX_1429,-0.1518,51.6138,1.5
RX_1430,-0.152,51.6138,1.5
RX_1431,-0.1522,51.6137,1.5
RX_1432,-0.1523,51.6136,1.5
RX_1433,-0.1525,51.6136,1.5
RX_1434,-0.1526,51.6135,1.5
RX_1435,-0.1528,51.6134,1.5
RX_1436,-0.1529,51.6134,1.5
RX_1437,-0.1531,51.6133,1.5
RX_1438,-0.1533,51.6133,1.5
RX_1439,-0.1534,51.6133,1.5
RX_1440,-0.1536,51.6133,1.5
RX_1441,-0.1538,51.6133,1.5
RX_1442,-0.154,51.6133,1.5
RX_1443,-0.1542,51.6133,1.5
RX_1444,-0.1543,51.6133,1.5
RX_1445,-0.1545,51.6133,1.5
RX_1446,-0.1547,51.6133,1.5
RX_1447,-0.1549,51.6133,1.5
RX_1448,-0.1551,51.6133,1.5
RX_1449,-0.1553,51.6134,1.5
RX_1450,-0.1554,51.6134,1.5
RX_1451,-0.1556,51.6134,1.5
RX_1452,-0.1558,51.6134,1.5
RX_1453,-0.156,51.6134,1.5
RX_1454,-0.1562,51.6134,1.5
RX_1455,-0.1563,51.6134,1.5
RX_1456,-0.1565,51.6134,1.5
RX_1457,-0.1567,51.6134,1.5
RX_1458,-0.1569,51.6133,1.5
RX_1459,-0.1571,51.6133,1.5
RX_1460,-0.1573,51.6132,1.5
RX_1461,-0.1575,51.6132,1.5
RX_1462,-0.1576,51.6131,1.5
RX_1463,-0.1577,51.6131,1.5
RX_1464,-0.1579,51.6131,1.5
RX_1465,-0.158,51.613,1.5
RX_1466,-0.1583,51.613,1.5
RX_1467,-0.1585,51.6129,1.5
RX_1468,-0.1586,51.6129,1.5
RX_1469,-0.1587,51.6129,1.5
RX_1470,-0.1587,51.613,1.5
RX_1471,-0.1587,51.6131,1.5
RX_1472,-0.1587,51.6132,1.5
RX_1473,-0.1587,51.6134,1.5
RX_1474,-0.1588,51.6135,1.5
RX_1475,-0.1588,51.6136,1.5
RX_1476,-0.1588,51.6137,1.5
RX_1477,-0.1588,51.6138,1.5
RX_1478,-0.1588,51.6139,1.5
RX_1479,-0.1589,51.6141,1.5
RX_1480,-0.1589,51.6142,1.5
RX_1481,-0.1589,51.6143,1.5
RX_1482,-0.1589,51.6144,1.5
RX_1483,-0.1589,51.6145,1.5
RX_1484,-0.1589,51.6146,1.5
RX_1485,-0.1589,51.6147,1.5
RX_1486,-0.1589,51.6149,1.5
RX_1487,-0.159,51.615,1.5
RX_1488,-0.159,51.6151,1.5
RX_1489,-0.159,51.6152,1.5
RX_1490,-0.159,51.6153,1.5
RX_1491,-0.1591,51.6154,1.5
RX_1492,-0.1591,51.6155,1.5
RX_1493,-0.1591,51.6156,1.5
RX_1494,-0.1591,51.6158,1.5
RX_1495,-0.1592,51.6159,1.5
RX_1496,-0.1592,51.616,1.5
RX_1497,-0.1592,51.6161,1.5
RX_1498,-0.1592,51.6162,1.5
RX_1499,-0.1592,51.6163,1.5
RX_1500,-0.1592,51.6164,1.5
RX_1501,-0.1592,51.6166,1.5
RX_1502,-0.1593,51.6167,1.5
RX_1503,-0.1593,51.6168,1.5
RX_1504,-0.1593,51.6169,1.5
RX_1505,-0.1593,51.617,1.5
RX_1506,-0.1594,51.6171,1.5
RX_1507,-0.1594,51.6172,1.5
RX_1508,-0.1595,51.6173,1.5
RX_1509,-0.1595,51.6174,1.5
RX_1510,-0.1596,51.6175,1.5
RX_1511,-0.1597,51.6176,1.5
RX_1512,-0.1597,51.6178,1.5
RX_1513,-0.1598,51.6179,1.5
RX_1514,-0.1599,51.618,1.5
RX_1515,-0.1599,51.6181,1.5
RX_1516,-0.1599,51.6182,1.5
RX_1517,-0.16,51.6183,1.5
RX_1518,-0.16,51.6184,1.5
RX_1519,-0.1601,51.6185,1.5
RX_1520,-0.1601,51.6186,1.5
RX_1521,-0.1601,51.6187,1.5
RX_1522,-0.1601,51.6188,1.5
RX_1523,-0.1602,51.619,1.5
RX_1524,-0.1602,51.6191,1.5
RX_1525,-0.1602,51.6192,1.5
RX_1526,-0.1602,51.6193,1.5
RX_1527,-0.1603,51.6194,1.5
RX_1528,-0.1603,51.6195,1.5
RX_1529,-0.1604,51.6197,1.5
RX_1530,-0.1605,51.6198,1.5
RX_1531,-0.1606,51.6198,1.5
RX_1532,-0.1607,51.6199,1.5
RX_1533,-0.1609,51.62,1.5
RX_1534,-0.1611,51.62,1.5
RX_1535,-0.1612,51.6201,1.5
RX_1536,-0.1614,51.6201,1.5
RX_1537,-0.1616,51.6202,1.5
RX_1538,-0.1618,51.6202,1.5
RX_1539,-0.1619,51.6203,1.5
RX_1540,-0.1621,51.6203,1.5
RX_1541,-0.1623,51.6204,1.5
RX_1542,-0.1624,51.6205,1.5
RX_1543,-0.1626,51.6206,1.5
RX_1544,-0.1627,51.6207,1.5
RX_1545,-0.1628,51.6208,1.5
RX_1546,-0.1629,51.6208,1.5
RX_1547,-0.163,51.6209,1.5
RX_1548,-0.163,51.621,1.5
RX_1549,-0.1631,51.6211,1.5
RX_1550,-0.1632,51.6212,1.5
RX_1551,-0.1634,51.6213,1.5
RX_1552,-0.1635,51.6213,1.5
RX_1553,-0.1637,51.6214,1.5
RX_1554,-0.1638,51.6214,1.5
RX_1555,-0.164,51.6214,1.5
RX_1556,-0.1642,51.6214,1.5
RX_1557,-0.1644,51.6215,1.5
RX_1558,-0.1646,51.6215,1.5
RX_1559,-0.1647,51.6215,1.5
RX_1560,-0.1649,51.6216,1.5
RX_1561,-0.165,51.6216,1.5
RX_1562,-0.1652,51.6217,1.5
RX_1563,-0.1653,51.6218,1.5
RX_1564,-0.1654,51.6219,1.5
RX_1565,-0.1655,51.622,1.5
RX_1566,-0.1657,51.6221,1.5
RX_1567,-0.1658,51.6222,1.5
RX_1568,-0.1658,51.6223,1.5
RX_1569,-0.1659,51.6224,1.5
RX_1570,-0.166,51.6225,1.5
RX_1571,-0.1661,51.6226,1.5
RX_1572,-0.1662,51.6227,1.5
RX_1573,-0.1663,51.6227,1.5
RX_1574,-0.1664,51.6228,1.5
RX_1575,-0.1665,51.6229,1.5
RX_1576,-0.1666,51.623,1.5
RX_1577,-0.1667,51.6231,1.5
RX_1578,-0.1668,51.6232,1.5
RX_1579,-0.1669,51.6233,1.5
RX_1580,-0.167,51.6234,1.5
RX_1581,-0.1671,51.6234,1.5
RX_1582,-0.1672,51.6236,1.5
RX_1583,-0.1673,51.6237,1.5
RX_1584,-0.1674,51.6238,1.5
RX_1585,-0.1675,51.6239,1.5
RX_1586,-0.1676,51.624,1.5
RX_1587,-0.1677,51.6241,1.5
RX_1588,-0.1678,51.6242,1.5
RX_1589,-0.1679,51.6243,1.5
RX_1590,-0.168,51.6244,1.5
RX_1591,-0.1681,51.6245,1.5
RX_1592,-0.1682,51.6246,1.5
RX_1593,-0.1684,51.6247,1.5
RX_1594,-0.1685,51.6248,1.5
RX_1595,-0.1686,51.6249,1.5
RX_1596,-0.1684,51.6249,1.5
RX_1597,-0.1683,51.625,1.5
RX_1598,-0.1682,51.6251,1.5
RX_1599,-0.168,51.6251,1.5
RX_1600,-0.1679,51.6252,1.5
RX_1601,-0.1678,51.6253,1.5
RX_1602,-0.1676,51.6254,1.5
RX_1603,-0.1675,51.6255,1.5
RX_1604,-0.1674,51.6256,1.5
RX_1605,-0.1674,51.6257,1.5
RX_1606,-0.1673,51.6258,1.5
RX_1607,-0.1673,51.6259,1.5
RX_1608,-0.1672,51.626,1.5
RX_1609,-0.1672,51.6261,1.5
RX_1610,-0.1671,51.6262,1.5
RX_1611,-0.1671,51.6263,1.5
RX_1612,-0.167,51.6264,1.5
RX_1613,-0.167,51.6265,1.5
RX_1614,-0.1669,51.6266,1.5
RX_1615,-0.1669,51.6267,1.5
RX_1616,-0.1668,51.6269,1.5
RX_1617,-0.1668,51.627,1.5
RX_1618,-0.1667,51.6271,1.5
RX_1619,-0.1667,51.6272,1.5
RX_1620,-0.1666,51.6273,1.5
RX_1621,-0.1665,51.6274,1.5
RX_1622,-0.1665,51.6275,1.5
RX_1623,-0.1664,51.6277,1.5
RX_1624,-0.1664,51.6278,1.5
RX_1625,-0.1663,51.6279,1.5
RX_1626,-0.1663,51.6279,1.5
RX_1627,-0.1663,51.628,1.5
RX_1628,-0.1663,51.6281,1.5
RX_1629,-0.1662,51.6283,1.5
RX_1630,-0.1662,51.6284,1.5
RX_1631,-0.1662,51.6285,1.5
RX_1632,-0.1661,51.6286,1.5
RX_1633,-0.1661,51.6288,1.5
RX_1634,-0.1661,51.6289,1.5
RX_1635,-0.1661,51.629,1.5
RX_1636,-0.1661,51.6291,1.5
RX_1637,-0.166,51.6292,1.5
RX_1638,-0.166,51.6293,1.5
RX_1639,-0.1658,51.6293,1.5
RX_1640,-0.1657,51.6293,1.5
RX_1641,-0.1655,51.6293,1.5
RX_1642,-0.1654,51.6292,1.5
RX_1643,-0.1652,51.6292,1.5
RX_1644,-0.1651,51.6291,1.5
RX_1645,-0.1649,51.629,1.5
RX_1646,-0.1648,51.629,1.5
RX_1647,-0.1646,51.6289,1.5
RX_1648,-0.1645,51.6289,1.5
RX_1649,-0.1643,51.6288,1.5
RX_1650,-0.1642,51.6287,1.5
RX_1651,-0.164,51.6287,1.5
RX_1652,-0.1639,51.6286,1.5
RX_1653,-0.1637,51.6285,1.5
RX_1654,-0.1635,51.6285,1.5
RX_1655,-0.1634,51.6284,1.5
RX_1656,-0.1632,51.6283,1.5
RX_1657,-0.1631,51.6283,1.5
RX_1658,-0.1629,51.6282,1.5
RX_1659,-0.1628,51.6281,1.5
RX_1660,-0.1626,51.6281,1.5
RX_1661,-0.1625,51.628,1.5
RX_1662,-0.1623,51.6279,1.5
RX_1663,-0.1621,51.6279,1.5
RX_1664,-0.162,51.6278,1.5
RX_1665,-0.1618,51.6277,1.5
RX_1666,-0.1617,51.6277,1.5
RX_1667,-0.1616,51.6276,1.5
RX_1668,-0.1615,51.6275,1.5
RX_1669,-0.1614,51.6274,1.5
RX_1670,-0.1613,51.6273,1.5
RX_1671,-0.1612,51.6272,1.5
RX_1672,-0.1611,51.6272,1.5
RX_1673,-0.1609,51.6271,1.5
RX_1674,-0.1608,51.627,1.5
RX_1675,-0.1607,51.6269,1.5
RX_1676,-0.1606,51.6268,1.5
RX_1677,-0.1605,51.6267,1.5
RX_1678,-0.1604,51.6266,1.5
RX_1679,-0.1603,51.6265,1.5
RX_1680,-0.1601,51.6264,1.5
RX_1681,-0.16,51.6263,1.5
RX_1682,-0.16,51.6262,1.5
RX_1683,-0.1599,51.6261,1.5
RX_1684,-0.1597,51.626,1.5
RX_1685,-0.1596,51.6259,1.5
RX_1686,-0.1595,51.6258,1.5
RX_1687,-0.1594,51.6257,1.5
RX_1688,-0.1593,51.6257,1.5
RX_1689,-0.1591,51.6256,1.5
RX_1690,-0.159,51.6256,1.5
RX_1691,-0.1588,51.6255,1.5
RX_1692,-0.1587,51.6255,1.5
RX_1693,-0.1585,51.6255,1.5
RX_1694,-0.1583,51.6254,1.5
RX_1695,-0.1581,51.6254,1.5
RX_1696,-0.158,51.6253,1.5
RX_1697,-0.1578,51.6253,1.5
RX_1698,-0.1577,51.6252,1.5
RX_1699,-0.1575,51.6252,1.5
RX_1700,-0.1573,51.6251,1.5
RX_1701,-0.1572,51.625,1.5
RX_1702,-0.157,51.625,1.5
RX_1703,-0.1569,51.6249,1.5
RX_1704,-0.1567,51.6249,1.5
RX_1705,-0.1566,51.6248,1.5
RX_1706,-0.1564,51.6247,1.5
RX_1707,-0.1563,51.6247,1.5
RX_1708,-0.1561,51.6246,1.5
RX_1709,-0.156,51.6246,1.5
RX_1710,-0.1558,51.6245,1.5
RX_1711,-0.1557,51.6244,1.5
RX_1712,-0.1555,51.6244,1.5
RX_1713,-0.1554,51.6243,1.5
RX_1714,-0.1552,51.6242,1.5
RX_1715,-0.1551,51.6242,1.5
RX_1716,-0.1549,51.6241,1.5
RX_1717,-0.1548,51.624,1.5
RX_1718,-0.1546,51.624,1.5
RX_1719,-0.1545,51.6239,1.5
RX_1720,-0.1543,51.6238,1.5
RX_1721,-0.1542,51.6237,1.5
RX_1722,-0.154,51.6236,1.5
RX_1723,-0.1539,51.6236,1.5
RX_1724,-0.1538,51.6235,1.5
RX_1725,-0.1537,51.6234,1.5
RX_1726,-0.1535,51.6234,1.5
RX_1727,-0.1534,51.6233,1.5
RX_1728,-0.1533,51.6233,1.5
RX_1729,-0.1531,51.6232,1.5
RX_1730,-0.153,51.6231,1.5
RX_1731,-0.1528,51.623,1.5
RX_1732,-0.1527,51.623,1.5
RX_1733,-0.1525,51.6229,1.5
RX_1734,-0.1523,51.6229,1.5
RX_1735,-0.1522,51.6229,1.5
RX_1736,-0.152,51.6228,1.5
RX_1737,-0.1518,51.6228,1.5
RX_1738,-0.1516,51.6228,1.5
RX_1739,-0.1514,51.6228,1.5
RX_1740,-0.1512,51.6228,1.5
RX_1741,-0.151,51.6227,1.5
RX_1742,-0.1509,51.6227,1.5
RX_1743,-0.1508,51.6226,1.5
RX_1744,-0.1506,51.6225,1.5
RX_1745,-0.1506,51.6224,1.5
RX_1746,-0.1505,51.6223,1.5
RX_1747,-0.1504,51.6222,1.5
RX_1748,-0.1502,51.622,1.5
RX_1749,-0.1502,51.622,1.5
RX_1750,-0.1501,51.6219,1.5
RX_1751,-0.15,51.6218,1.5
RX_1752,-0.1499,51.6217,1.5
RX_1753,-0.1498,51.6216,1.5
RX_1754,-0.1496,51.6216,1.5
RX_1755,-0.1495,51.6215,1.5
RX_1756,-0.1493,51.6214,1.5
RX_1757,-0.1491,51.6213,1.5
RX_1758,-0.149,51.6212,1.5
RX_1759,-0.1489,51.6212,1.5
RX_1760,-0.1488,51.6211,1.5
RX_1761,-0.1487,51.6211,1.5
RX_1762,-0.1485,51.621,1.5
RX_1763,-0.1484,51.6209,1.5
RX_1764,-0.1483,51.6209,1.5
RX_1765,-0.1482,51.6208,1.5
RX_1766,-0.148,51.6207,1.5
RX_1767,-0.1479,51.6206,1.5
RX_1768,-0.1477,51.6206,1.5
RX_1769,-0.1476,51.6205,1.5
RX_1770,-0.1474,51.6204,1.5
RX_1771,-0.1473,51.6203,1.5
RX_1772,-0.1472,51.6202,1.5
RX_1773,-0.1471,51.6202,1.5
RX_1774,-0.1469,51.6201,1.5
RX_1775,-0.1468,51.62,1.5
RX_1776,-0.1467,51.6199,1.5
RX_1777,-0.1466,51.6198,1.5
RX_1778,-0.1464,51.6197,1.5
RX_1779,-0.1463,51.6197,1.5
RX_1780,-0.1462,51.6196,1.5
RX_1781,-0.146,51.6195,1.5
RX_1782,-0.1459,51.6194,1.5
RX_1783,-0.1458,51.6193,1.5
RX_1784,-0.1456,51.6193,1.5
RX_1785,-0.1455,51.6192,1.5
RX_1786,-0.1453,51.6191,1.5
RX_1787,-0.1452,51.619,1.5
RX_1788,-0.1451,51.619,1.5
RX_1789,-0.1449,51.6189,1.5
RX_1790,-0.1448,51.6188,1.5
RX_1791,-0.1447,51.6187,1.5
RX_1792,-0.1445,51.6186,1.5
RX_1793,-0.1444,51.6186,1.5
RX_1794,-0.1443,51.6185,1.5
RX_1795,-0.1441,51.6184,1.5
RX_1796,-0.144,51.6183,1.5
RX_1797,-0.1439,51.6182,1.5
RX_1798,-0.1438,51.6181,1.5
RX_1799,-0.1437,51.618,1.5
RX_1800,-0.1436,51.618,1.5
RX_1801,-0.1434,51.6179,1.5
RX_1802,-0.1433,51.6178,1.5
RX_1803,-0.1432,51.6177,1.5
RX_1804,-0.1431,51.6176,1.5
RX_1805,-0.1429,51.6176,1.5
RX_1806,-0.1428,51.6175,1.5
RX_1807,-0.1427,51.6174,1.5
RX_1808,-0.1425,51.6173,1.5
RX_1809,-0.1424,51.6173,1.5
RX_1810,-0.1422,51.6172,1.5
RX_1811,-0.142,51.6171,1.5
RX_1812,-0.1418,51.6171,1.5
RX_1813,-0.1417,51.617,1.5
RX_1814,-0.1415,51.617,1.5
RX_1815,-0.1414,51.6171,1.5
RX_1816,-0.1413,51.6172,1.5
RX_1817,-0.1412,51.6173,1.5
RX_1818,-0.1412,51.6174,1.5
RX_1819,-0.1411,51.6175,1.5
RX_1820,-0.141,51.6176,1.5
RX_1821,-0.1408,51.6176,1.5
RX_1822,-0.1406,51.6177,1.5
RX_1823,-0.1405,51.6177,1.5
RX_1824,-0.1404,51.6178,1.5
RX_1825,-0.1402,51.6179,1.5
RX_1826,-0.1401,51.618,1.5
RX_1827,-0.14,51.6181,1.5
RX_1828,-0.1399,51.6181,1.5
RX_1829,-0.1398,51.6182,1.5
RX_1830,-0.1397,51.6183,1.5
RX_1831,-0.1396,51.6184,1.5
RX_1832,-0.1394,51.6185,1.5
RX_1833,-0.1393,51.6186,1.5
RX_1834,-0.1392,51.6187,1.5
RX_1835,-0.1391,51.6188,1.5
RX_1836,-0.139,51.6189,1.5
RX_1837,-0.1389,51.619,1.5
RX_1838,-0.1388,51.619,1.5
RX_1839,-0.1387,51.6191,1.5
RX_1840,-0.1386,51.6192,1.5
RX_1841,-0.1385,51.6193,1.5
RX_1842,-0.1384,51.6194,1.5
RX_1843,-0.1382,51.6195,1.5
RX_1844,-0.1381,51.6196,1.5
RX_1845,-0.138,51.6196,1.5
RX_1846,-0.1379,51.6197,1.5
RX_1847,-0.1378,51.6198,1.5
RX_1848,-0.1377,51.6199,1.5
RX_1849,-0.1376,51.62,1.5
RX_1850,-0.1374,51.6201,1.5
RX_1851,-0.1373,51.6202,1.5
RX_1852,-0.1371,51.6203,1.5
RX_1853,-0.137,51.6204,1.5
RX_1854,-0.1369,51.6204,1.5
RX_1855,-0.1368,51.6205,1.5
RX_1856,-0.1367,51.6206,1.5
RX_1857,-0.1366,51.6207,1.5
RX_1858,-0.1365,51.6208,1.5
RX_1859,-0.1364,51.6208,1.5
RX_1860,-0.1362,51.6209,1.5
RX_1861,-0.1361,51.621,1.5
RX_1862,-0.136,51.6211,1.5
RX_1863,-0.1358,51.6212,1.5
RX_1864,-0.1357,51.6213,1.5
RX_1865,-0.1356,51.6214,1.5
RX_1866,-0.1355,51.6215,1.5
RX_1867,-0.1353,51.6216,1.5
RX_1868,-0.1353,51.6216,1.5
RX_1869,-0.1352,51.6218,1.5
RX_1870,-0.1353,51.6219,1.5
RX_1871,-0.1353,51.622,1.5
RX_1872,-0.1353,51.6221,1.5
RX_1873,-0.1351,51.6222,1.5
RX_1874,-0.135,51.6223,1.5
RX_1875,-0.1349,51.6224,1.5
RX_1876,-0.1349,51.6225,1.5
RX_1877,-0.1348,51.6226,1.5
RX_1878,-0.1348,51.6227,1.5
RX_1879,-0.1347,51.6228,1.5
RX_1880,-0.1347,51.6229,1.5
RX_1881,-0.1346,51.623,1.5
RX_1882,-0.1346,51.6231,1.5
RX_1883,-0.1345,51.6232,1.5
RX_1884,-0.1345,51.6233,1.5
RX_1885,-0.1344,51.6234,1.5
RX_1886,-0.1343,51.6235,1.5
RX_1887,-0.1343,51.6236,1.5
RX_1888,-0.1342,51.6237,1.5
RX_1889,-0.1341,51.6239,1.5
RX_1890,-0.1341,51.624,1.5
RX_1891,-0.134,51.6241,1.5
RX_1892,-0.1339,51.6242,1.5
RX_1893,-0.1338,51.6242,1.5
RX_1894,-0.1336,51.6243,1.5
RX_1895,-0.1335,51.6243,1.5
RX_1896,-0.1333,51.6243,1.5
RX_1897,-0.1331,51.6243,1.5
RX_1898,-0.1329,51.6243,1.5
RX_1899,-0.1328,51.6243,1.5
RX_1900,-0.1326,51.6243,1.5
RX_1901,-0.1324,51.6243,1.5
RX_1902,-0.1322,51.6243,1.5
RX_1903,-0.132,51.6243,1.5
RX_1904,-0.1318,51.6243,1.5
RX_1905,-0.1316,51.6243,1.5
RX_1906,-0.1315,51.6243,1.5
RX_1907,-0.1313,51.6243,1.5
RX_1908,-0.1311,51.6243,1.5
RX_1909,-0.1309,51.6243,1.5
RX_1910,-0.1307,51.6243,1.5
RX_1911,-0.1306,51.6244,1.5
RX_1912,-0.1304,51.6244,1.5
RX_1913,-0.1302,51.6244,1.5
RX_1914,-0.13,51.6244,1.5
RX_1915,-0.1298,51.6244,1.5
RX_1916,-0.1296,51.6245,1.5
RX_1917,-0.1295,51.6245,1.5
RX_1918,-0.1293,51.6245,1.5
RX_1919,-0.1291,51.6245,1.5
RX_1920,-0.1289,51.6246,1.5
RX_1921,-0.1288,51.6246,1.5
RX_1922,-0.1286,51.6247,1.5
RX_1923,-0.1284,51.6248,1.5
RX_1924,-0.1283,51.6248,1.5
RX_1925,-0.1281,51.6249,1.5
RX_1926,-0.1279,51.6249,1.5
RX_1927,-0.1278,51.6249,1.5
RX_1928,-0.1276,51.625,1.5
RX_1929,-0.1274,51.625,1.5
RX_1930,-0.1272,51.625,1.5
RX_1931,-0.127,51.6249,1.5
RX_1932,-0.1268,51.6249,1.5
RX_1933,-0.1267,51.6249,1.5
RX_1934,-0.1265,51.6248,1.5
RX_1935,-0.1263,51.6248,1.5
RX_1936,-0.1261,51.6248,1.5
RX_1937,-0.126,51.6247,1.5
RX_1938,-0.1258,51.6247,1.5
RX_1939,-0.1255,51.6247,1.5
RX_1940,-0.1254,51.6247,1.5
RX_1941,-0.1252,51.6247,1.5
RX_1942,-0.125,51.6247,1.5
RX_1943,-0.1249,51.6247,1.5
RX_1944,-0.1247,51.6246,1.5
RX_1945,-0.1245,51.6246,1.5
RX_1946,-0.1243,51.6247,1.5
RX_1947,-0.1242,51.6248,1.5
RX_1948,-0.1242,51.6249,1.5
RX_1949,-0.1243,51.625,1.5
RX_1950,-0.1244,51.6251,1.5
RX_1951,-0.1245,51.6252,1.5
RX_1952,-0.1245,51.6253,1.5
RX_1953,-0.1246,51.6254,1.5
RX_1954,-0.1247,51.6255,1.5
RX_1955,-0.1247,51.6256,1.5
RX_1956,-0.1248,51.6257,1.5
RX_1957,-0.1248,51.6258,1.5
RX_1958,-0.1249,51.6259,1.5
RX_1959,-0.1249,51.6261,1.5
RX_1960,-0.1249,51.6262,1.5
RX_1961,-0.125,51.6262,1.5
RX_1962,-0.1251,51.6264,1.5
RX_1963,-0.1252,51.6265,1.5
RX_1964,-0.1252,51.6266,1.5
RX_1965,-0.1253,51.6267,1.5
RX_1966,-0.1254,51.6268,1.5
RX_1967,-0.1255,51.6269,1.5
RX_1968,-0.1256,51.627,1.5
RX_1969,-0.1257,51.6271,1.5
RX_1970,-0.1258,51.6272,1.5
RX_1971,-0.1259,51.6273,1.5
RX_1972,-0.126,51.6274,1.5
RX_1973,-0.1261,51.6275,1.5
RX_1974,-0.1262,51.6276,1.5
RX_1975,-0.1263,51.6277,1.5
RX_1976,-0.1264,51.6278,1.5
RX_1977,-0.1265,51.6279,1.5
RX_1978,-0.1266,51.6279,1.5
RX_1979,-0.1268,51.628,1.5
RX_1980,-0.1269,51.6281,1.5
RX_1981,-0.127,51.6282,1.5
RX_1982,-0.1271,51.6283,1.5
RX_1983,-0.1272,51.6283,1.5
RX_1984,-0.1274,51.6284,1.5
RX_1985,-0.1275,51.6285,1.5
RX_1986,-0.1276,51.6286,1.5
RX_1987,-0.1276,51.6287,1.5
RX_1988,-0.1277,51.6288,1.5
RX_1989,-0.1277,51.629,1.5
RX_1990,-0.1277,51.6291,1.5
RX_1991,-0.1278,51.6292,1.5
RX_1992,-0.1278,51.6293,1.5
RX_1993,-0.1278,51.6294,1.5
RX_1994,-0.1279,51.6295,1.5
RX_1995,-0.1279,51.6296,1.5
RX_1996,-0.1279,51.6297,1.5
RX_1997,-0.128,51.6299,1.5
RX_1998,-0.128,51.63,1.5
RX_1999,-0.128,51.6301,1.5
RX_2000,-0.128,51.6302,1.5
RX_2001,-0.1279,51.6303,1.5
RX_2002,-0.1279,51.6304,1.5
RX_2003,-0.1279,51.6305,1.5
RX_2004,-0.1279,51.6307,1.5
RX_2005,-0.1279,51.6308,1.5
RX_2006,-0.1278,51.6309,1.5
RX_2007,-0.1278,51.631,1.5
RX_2008,-0.1278,51.6311,1.5
RX_2009,-0.1278,51.6312,1.5
RX_2010,-0.1278,51.6313,1.5
RX_2011,-0.1278,51.6315,1.5
RX_2012,-0.1277,51.6316,1.5
RX_2013,-0.1277,51.6317,1.5
RX_2014,-0.1276,51.6318,1.5
RX_2015,-0.1276,51.6319,1.5
RX_2016,-0.1275,51.632,1.5
RX_2017,-0.1275,51.6322,1.5
RX_2018,-0.1275,51.6323,1.5
RX_2019,-0.1275,51.6324,1.5
RX_2020,-0.1276,51.6325,1.5
RX_2021,-0.1278,51.6326,1.5
RX_2022,-0.1279,51.6326,1.5
RX_2023,-0.1281,51.6327,1.5
RX_2024,-0.1283,51.6327,1.5
RX_2025,-0.1285,51.6327,1.5
RX_2026,-0.1286,51.6327,1.5
RX_2027,-0.1288,51.6328,1.5
RX_2028,-0.1289,51.6328,1.5
RX_2029,-0.1291,51.6328,1.5
RX_2030,-0.1293,51.6329,1.5
RX_2031,-0.1294,51.6329,1.5
RX_2032,-0.1296,51.6329,1.5
RX_2033,-0.1298,51.633,1.5
RX_2034,-0.1299,51.633,1.5
RX_2035,-0.1301,51.6331,1.5
RX_2036,-0.1303,51.6332,1.5
RX_2037,-0.1305,51.6332,1.5
RX_2038,-0.1306,51.6333,1.5
RX_2039,-0.1308,51.6333,1.5
RX_2040,-0.131,51.6333,1.5
RX_2041,-0.1311,51.6333,1.5
RX_2042,-0.1313,51.6334,1.5
RX_2043,-0.1315,51.6334,1.5
RX_2044,-0.1317,51.6335,1.5
RX_2045,-0.1318,51.6335,1.5
RX_2046,-0.132,51.6335,1.5
RX_2047,-0.1322,51.6336,1.5
RX_2048,-0.1323,51.6337,1.5
RX_2049,-0.1325,51.6337,1.5
RX_2050,-0.1326,51.6338,1.5
RX_2051,-0.1328,51.6338,1.5
RX_2052,-0.133,51.6339,1.5
RX_2053,-0.1331,51.634,1.5
RX_2054,-0.1332,51.634,1.5
RX_2055,-0.1333,51.6341,1.5
RX_2056,-0.1334,51.6342,1.5
RX_2057,-0.1336,51.6342,1.5
RX_2058,-0.1337,51.6343,1.5
RX_2059,-0.1338,51.6344,1.5
RX_2060,-0.134,51.6345,1.5
RX_2061,-0.1341,51.6345,1.5
RX_2062,-0.1342,51.6346,1.5
RX_2063,-0.1344,51.6347,1.5
RX_2064,-0.1345,51.6348,1.5
RX_2065,-0.1346,51.6348,1.5
RX_2066,-0.1347,51.6349,1.5
RX_2067,-0.1349,51.635,1.5
RX_2068,-0.135,51.6351,1.5
RX_2069,-0.1352,51.6352,1.5
RX_2070,-0.1353,51.6352,1.5
RX_2071,-0.1354,51.6353,1.5
RX_2072,-0.1356,51.6354,1.5
RX_2073,-0.1357,51.6354,1.5
RX_2074,-0.1359,51.6355,1.5
RX_2075,-0.136,51.6355,1.5
RX_2076,-0.1362,51.6356,1.5
RX_2077,-0.1364,51.6357,1.5
RX_2078,-0.1365,51.6357,1.5
RX_2079,-0.1367,51.6358,1.5
RX_2080,-0.1369,51.6359,1.5
RX_2081,-0.137,51.6359,1.5
RX_2082,-0.1372,51.636,1.5
RX_2083,-0.1373,51.6361,1.5
RX_2084,-0.1374,51.6361,1.5
RX_2085,-0.1376,51.6362,1.5
RX_2086,-0.1378,51.6363,1.5
RX_2087,-0.1379,51.6363,1.5
RX_2088,-0.1381,51.6364,1.5
RX_2089,-0.1382,51.6365,1.5
RX_2090,-0.1383,51.6365,1.5
RX_2091,-0.1385,51.6366,1.5
RX_2092,-0.1386,51.6367,1.5
RX_2093,-0.1387,51.6367,1.5
RX_2094,-0.1388,51.6368,1.5
RX_2095,-0.1389,51.6369,1.5
RX_2096,-0.1391,51.637,1.5
RX_2097,-0.1392,51.6371,1.5
RX_2098,-0.1393,51.6371,1.5
RX_2099,-0.1395,51.6372,1.5
RX_2100,-0.1396,51.6373,1.5
RX_2101,-0.1397,51.6374,1.5
RX_2102,-0.1398,51.6375,1.5
RX_2103,-0.14,51.6376,1.5
RX_2104,-0.1401,51.6376,1.5
RX_2105,-0.1402,51.6377,1.5
RX_2106,-0.1403,51.6378,1.5
RX_2107,-0.1404,51.6379,1.5
RX_2108,-0.1405,51.638,1.5
RX_2109,-0.1406,51.6381,1.5
RX_2110,-0.1407,51.6382,1.5
RX_2111,-0.1408,51.6382,1.5
RX_2112,-0.1409,51.6383,1.5
RX_2113,-0.1411,51.6384,1.5
RX_2114,-0.1412,51.6385,1.5
RX_2115,-0.1413,51.6386,1.5
RX_2116,-0.1414,51.6387,1.5
RX_2117,-0.1415,51.6388,1.5
RX_2118,-0.1416,51.6389,1.5
RX_2119,-0.1417,51.639,1.5
RX_2120,-0.1418,51.6391,1.5
RX_2121,-0.1419,51.6392,1.5
RX_2122,-0.142,51.6393,1.5
RX_2123,-0.1421,51.6394,1.5
RX_2124,-0.1422,51.6394,1.5
RX_2125,-0.1423,51.6395,1.5
RX_2126,-0.1424,51.6396,1.5
RX_2127,-0.1425,51.6397,1.5
RX_2128,-0.1426,51.6398,1.5
RX_2129,-0.1427,51.6399,1.5
RX_2130,-0.1428,51.64,1.5
RX_2131,-0.1429,51.6401,1.5
RX_2132,-0.143,51.6402,1.5
RX_2133,-0.1431,51.6403,1.5
RX_2134,-0.1432,51.6404,1.5
RX_2135,-0.1434,51.6405,1.5
RX_2136,-0.1434,51.6406,1.5
RX_2137,-0.1436,51.6407,1.5
RX_2138,-0.1437,51.6408,1.5
RX_2139,-0.1437,51.6409,1.5
RX_2140,-0.1438,51.641,1.5
RX_2141,-0.1439,51.6411,1.5
RX_2142,-0.144,51.6412,1.5
RX_2143,-0.1441,51.6413,1.5
RX_2144,-0.1442,51.6414,1.5
RX_2145,-0.1442,51.6415,1.5
RX_2146,-0.1443,51.6415,1.5
RX_2147,-0.1443,51.6416,1.5
RX_2148,-0.1444,51.6417,1.5
RX_2149,-0.1445,51.6418,1.5
RX_2150,-0.1445,51.6419,1.5
RX_2151,-0.1446,51.642,1.5
RX_2152,-0.1447,51.6421,1.5
RX_2153,-0.1447,51.6422,1.5
RX_2154,-0.1448,51.6423,1.5
RX_2155,-0.1448,51.6424,1.5
RX_2156,-0.1449,51.6425,1.5
RX_2157,-0.1449,51.6426,1.5
RX_2158,-0.145,51.6427,1.5
RX_2159,-0.1451,51.6428,1.5
RX_2160,-0.1452,51.6429,1.5
RX_2161,-0.1452,51.6431,1.5
RX_2162,-0.1453,51.6432,1.5
RX_2163,-0.1454,51.6433,1.5
RX_2164,-0.1454,51.6434,1.5
RX_2165,-0.1455,51.6435,1.5
RX_2166,-0.1456,51.6436,1.5
RX_2167,-0.1457,51.6437,1.5
RX_2168,-0.1457,51.6438,1.5
RX_2169,-0.1458,51.6439,1.5
RX_2170,-0.1458,51.6441,1.5
RX_2171,-0.1459,51.6442,1.5
RX_2172,-0.146,51.6443,1.5
RX_2173,-0.146,51.6444,1.5
RX_2174,-0.1461,51.6445,1.5
RX_2175,-0.1462,51.6446,1.5
RX_2176,-0.1463,51.6448,1.5
RX_2177,-0.1464,51.6449,1.5
RX_2178,-0.1465,51.645,1.5
RX_2179,-0.1466,51.645,1.5
RX_2180,-0.1468,51.6451,1.5
RX_2181,-0.1468,51.6452,1.5
RX_2182,-0.1468,51.6453,1.5
RX_2183,-0.1468,51.6455,1.5
RX_2184,-0.1467,51.6456,1.5
RX_2185,-0.1467,51.6457,1.5
RX_2186,-0.1467,51.6458,1.5
RX_2187,-0.1467,51.6459,1.5
RX_2188,-0.1467,51.646,1.5
RX_2189,-0.1468,51.6461,1.5
RX_2190,-0.1468,51.6462,1.5
RX_2191,-0.1469,51.6463,1.5
RX_2192,-0.1469,51.6464,1.5
RX_2193,-0.1469,51.6465,1.5
RX_2194,-0.147,51.6466,1.5
RX_2195,-0.147,51.6467,1.5
RX_2196,-0.1471,51.6468,1.5
RX_2197,-0.1471,51.647,1.5
RX_2198,-0.1471,51.6471,1.5
RX_2199,-0.1472,51.6472,1.5
RX_2200,-0.1472,51.6473,1.5
RX_2201,-0.1473,51.6474,1.5
RX_2202,-0.1473,51.6475,1.5
RX_2203,-0.1474,51.6476,1.5
RX_2204,-0.1474,51.6478,1.5
RX_2205,-0.1475,51.6479,1.5
RX_2206,-0.1475,51.648,1.5
RX_2207,-0.1476,51.6481,1.5
RX_2208,-0.1476,51.6482,1.5
RX_2209,-0.1477,51.6483,1.5
RX_2210,-0.1477,51.6484,1.5
RX_2211,-0.1478,51.6485,1.5
RX_2212,-0.1479,51.6486,1.5
RX_2213,-0.1479,51.6487,1.5
RX_2214,-0.148,51.6488,1.5
RX_2215,-0.1481,51.6489,1.5
RX_2216,-0.1482,51.649,1.5
RX_2217,-0.1482,51.6491,1.5
RX_2218,-0.1483,51.6493,1.5
RX_2219,-0.1484,51.6494,1.5
RX_2220,-0.1485,51.6495,1.5
RX_2221,-0.1485,51.6496,1.5
RX_2222,-0.1486,51.6496,1.5
RX_2223,-0.1487,51.6498,1.5
RX_2224,-0.1487,51.6499,1.5
RX_2225,-0.1488,51.6499,1.5
RX_2226,-0.1489,51.6501,1.5
RX_2227,-0.1489,51.6501,1.5
RX_2228,-0.149,51.6503,1.5
RX_2229,-0.1491,51.6504,1.5
RX_2230,-0.1492,51.6505,1.5
RX_2231,-0.1492,51.6506,1.5
RX_2232,-0.1494,51.6507,1.5
RX_2233,-0.1494,51.6508,1.5
RX_2234,-0.1495,51.6509,1.5
RX_2235,-0.1496,51.651,1.5
RX_2236,-0.1496,51.6511,1.5
RX_2237,-0.1497,51.6512,1.5
RX_2238,-0.1498,51.6514,1.5
RX_2239,-0.1499,51.6515,1.5
RX_2240,-0.15,51.6516,1.5
RX_2241,-0.15,51.6517,1.5
RX_2242,-0.1501,51.6518,1.5
RX_2243,-0.1502,51.6519,1.5
RX_2244,-0.1502,51.652,1.5
RX_2245,-0.1503,51.6521,1.5
RX_2246,-0.1504,51.6522,1.5
RX_2247,-0.1504,51.6523,1.5
RX_2248,-0.1505,51.6524,1.5
RX_2249,-0.1506,51.6525,1.5
RX_2250,-0.1507,51.6526,1.5
RX_2251,-0.1507,51.6527,1.5
RX_2252,-0.1508,51.6528,1.5
RX_2253,-0.1509,51.6529,1.5
RX_2254,-0.151,51.653,1.5
RX_2255,-0.1511,51.6531,1.5
RX_2256,-0.1511,51.6532,1.5
RX_2257,-0.1512,51.6533,1.5
RX_2258,-0.1513,51.6534,1.5
RX_2259,-0.1514,51.6535,1.5
RX_2260,-0.1514,51.6536,1.5
RX_2261,-0.1515,51.6538,1.5
RX_2262,-0.1516,51.6538,1.5
RX_2263,-0.1517,51.654,1.5
RX_2264,-0.1517,51.654,1.5
RX_2265,-0.1518,51.6542,1.5
RX_2266,-0.1519,51.6543,1.5
RX_2267,-0.1519,51.6543,1.5
RX_2268,-0.152,51.6544,1.5
RX_2269,-0.1521,51.6545,1.5
RX_2270,-0.1522,51.6546,1.5
RX_2271,-0.1522,51.6547,1.5
RX_2272,-0.1523,51.6548,1.5
RX_2273,-0.1524,51.6549,1.5
RX_2274,-0.1524,51.655,1.5
RX_2275,-0.1525,51.6552,1.5
RX_2276,-0.1525,51.6553,1.5
RX_2277,-0.1525,51.6554,1.5
RX_2278,-0.1526,51.6555,1.5
RX_2279,-0.1526,51.6556,1.5
RX_2280,-0.1526,51.6557,1.5
RX_2281,-0.1527,51.6558,1.5
RX_2282,-0.1527,51.6559,1.5
RX_2283,-0.1527,51.656,1.5
RX_2284,-0.1528,51.6561,1.5
RX_2285,-0.1528,51.6563,1.5
RX_2286,-0.1529,51.6564,1.5
RX_2287,-0.1529,51.6565,1.5
RX_2288,-0.153,51.6566,1.5
RX_2289,-0.153,51.6567,1.5
RX_2290,-0.153,51.6568,1.5
RX_2291,-0.1531,51.6569,1.5
RX_2292,-0.1531,51.657,1.5
RX_2293,-0.1531,51.6572,1.5
RX_2294,-0.1532,51.6573,1.5
RX_2295,-0.1532,51.6574,1.5
RX_2296,-0.1532,51.6575,1.5
RX_2297,-0.1533,51.6576,1.5
RX_2298,-0.1533,51.6577,1.5
RX_2299,-0.1533,51.6578,1.5
RX_2300,-0.1534,51.6579,1.5
RX_2301,-0.1534,51.6581,1.5
RX_2302,-0.1534,51.6582,1.5
RX_2303,-0.1535,51.6583,1.5
RX_2304,-0.1535,51.6584,1.5
RX_2305,-0.1535,51.6585,1.5
RX_2306,-0.1536,51.6586,1.5
RX_2307,-0.1536,51.6587,1.5
RX_2308,-0.1536,51.6588,1.5
RX_2309,-0.1537,51.659,1.5
RX_2310,-0.1537,51.6591,1.5
RX_2311,-0.1537,51.6592,1.5
RX_2312,-0.1538,51.6593,1.5
RX_2313,-0.1538,51.6594,1.5
RX_2314,-0.1538,51.6595,1.5
RX_2315,-0.1539,51.6596,1.5
RX_2316,-0.1539,51.6597,1.5
RX_2317,-0.154,51.6598,1.5
RX_2318,-0.154,51.66,1.5
RX_2319,-0.154,51.6601,1.5
RX_2320,-0.154,51.6602,1.5
RX_2321,-0.154,51.6603,1.5
RX_2322,-0.1541,51.6604,1.5
RX_2323,-0.1541,51.6605,1.5
RX_2324,-0.1541,51.6606,1.5
RX_2325,-0.1541,51.6607,1.5
RX_2326,-0.1541,51.6608,1.5
RX_2327,-0.1541,51.661,1.5
RX_2328,-0.1542,51.6611,1.5
RX_2329,-0.1542,51.6612,1.5
RX_2330,-0.1542,51.6613,1.5
RX_2331,-0.1543,51.6614,1.5
RX_2332,-0.1543,51.6615,1.5
RX_2333,-0.1543,51.6616,1.5
RX_2334,-0.1544,51.6617,1.5
RX_2335,-0.1544,51.6619,1.5
RX_2336,-0.1545,51.662,1.5
RX_2337,-0.1546,51.6621,1.5
RX_2338,-0.1546,51.6622,1.5
RX_2339,-0.1547,51.6623,1.5
RX_2340,-0.1547,51.6624,1.5
RX_2341,-0.1548,51.6625,1.5
RX_2342,-0.1549,51.6626,1.5
RX_2343,-0.1549,51.6627,1.5
RX_2344,-0.155,51.6628,1.5
RX_2345,-0.1551,51.6629,1.5
RX_2346,-0.1552,51.663,1.5
RX_2347,-0.1552,51.6631,1.5
RX_2348,-0.1553,51.6632,1.5
RX_2349,-0.1553,51.6633,1.5
RX_2350,-0.1554,51.6634,1.5
RX_2351,-0.1555,51.6635,1.5
RX_2352,-0.1555,51.6636,1.5
RX_2353,-0.1556,51.6637,1.5
RX_2354,-0.1556,51.6638,1.5
RX_2355,-0.1556,51.664,1.5
RX_2356,-0.1557,51.6641,1.5
RX_2357,-0.1557,51.6642,1.5
RX_2358,-0.1557,51.6643,1.5
RX_2359,-0.1557,51.6644,1.5
RX_2360,-0.1557,51.6645,1.5
RX_2361,-0.1558,51.6646,1.5
RX_2362,-0.1558,51.6647,1.5
RX_2363,-0.1558,51.6648,1.5
RX_2364,-0.1559,51.6649,1.5
RX_2365,-0.1559,51.6651,1.5
RX_2366,-0.156,51.6652,1.5
RX_2367,-0.1561,51.6653,1.5
RX_2368,-0.1561,51.6654,1.5
RX_2369,-0.1562,51.6655,1.5
RX_2370,-0.1563,51.6656,1.5
RX_2371,-0.1564,51.6657,1.5
RX_2372,-0.1565,51.6658,1.5
RX_2373,-0.1565,51.6659,1.5
RX_2374,-0.1566,51.666,1.5
RX_2375,-0.1567,51.6662,1.5
RX_2376,-0.1568,51.6663,1.5
RX_2377,-0.1568,51.6664,1.5
RX_2378,-0.1569,51.6665,1.5
RX_2379,-0.157,51.6666,1.5
RX_2380,-0.1571,51.6667,1.5
RX_2381,-0.1571,51.6668,1.5
RX_2382,-0.1572,51.6669,1.5
RX_2383,-0.1573,51.667,1.5
RX_2384,-0.1574,51.6671,1.5
RX_2385,-0.1574,51.6672,1.5
RX_2386,-0.1575,51.6673,1.5
RX_2387,-0.1576,51.6674,1.5
RX_2388,-0.1577,51.6675,1.5
RX_2389,-0.1577,51.6676,1.5
RX_2390,-0.1578,51.6677,1.5
RX_2391,-0.1578,51.6678,1.5
RX_2392,-0.1579,51.6679,1.5
RX_2393,-0.158,51.668,1.5
RX_2394,-0.158,51.6681,1.5
RX_2395,-0.1581,51.6682,1.5
RX_2396,-0.1582,51.6683,1.5
RX_2397,-0.1583,51.6684,1.5
RX_2398,-0.1584,51.6685,1.5
RX_2399,-0.1585,51.6686,1.5
RX_2400,-0.1586,51.6686,1.5
RX_2401,-0.1587,51.6687,1.5
RX_2402,-0.1588,51.6688,1.5
RX_2403,-0.1589,51.669,1.5
RX_2404,-0.159,51.6691,1.5
RX_2405,-0.1591,51.6692,1.5
RX_2406,-0.1592,51.6693,1.5
RX_2407,-0.1593,51.6694,1.5
RX_2408,-0.1594,51.6695,1.5
RX_2409,-0.1595,51.6695,1.5
RX_2410,-0.1596,51.6696,1.5
RX_2411,-0.1596,51.6697,1.5
RX_2412,-0.1597,51.6698,1.5
RX_2413,-0.1598,51.6699,1.5
RX_2414,-0.1599,51.67,1.5
RX_2415,-0.1599,51.6702,1.5
RX_2416,-0.16,51.6703,1.5
RX_2417,-0.1601,51.6704,1.5
RX_2418,-0.1601,51.6705,1.5
RX_2419,-0.1602,51.6706,1.5
RX_2420,-0.1603,51.6707,1.5
RX_2421,-0.1603,51.6708,1.5
RX_2422,-0.1604,51.6709,1.5
RX_2423,-0.1605,51.671,1.5
RX_2424,-0.1605,51.6712,1.5
RX_2425,-0.1606,51.6713,1.5
RX_2426,-0.1607,51.6714,1.5
RX_2427,-0.1608,51.6715,1.5
RX_2428,-0.1608,51.6716,1.5
RX_2429,-0.1609,51.6717,1.5
RX_2430,-0.1609,51.6718,1.5
RX_2431,-0.161,51.6719,1.5
RX_2432,-0.1611,51.672,1.5
RX_2433,-0.1611,51.6721,1.5
RX_2434,-0.1612,51.6722,1.5
RX_2435,-0.1612,51.6723,1.5
RX_2436,-0.1613,51.6724,1.5
RX_2437,-0.1614,51.6725,1.5
RX_2438,-0.1614,51.6726,1.5
RX_2439,-0.1615,51.6727,1.5
RX_2440,-0.1615,51.6728,1.5
RX_2441,-0.1616,51.6729,1.5
RX_2442,-0.1616,51.673,1.5
RX_2443,-0.1617,51.6731,1.5
RX_2444,-0.1617,51.6732,1.5
RX_2445,-0.1618,51.6733,1.5
RX_2446,-0.1619,51.6734,1.5
RX_2447,-0.1619,51.6735,1.5
RX_2448,-0.162,51.6736,1.5
RX_2449,-0.162,51.6737,1.5
RX_2450,-0.1621,51.6739,1.5
RX_2451,-0.1621,51.674,1.5
RX_2452,-0.1621,51.6741,1.5
RX_2453,-0.1622,51.6742,1.5
RX_2454,-0.1623,51.6743,1.5
RX_2455,-0.1623,51.6744,1.5
RX_2456,-0.1624,51.6745,1.5
RX_2457,-0.1624,51.6746,1.5
RX_2458,-0.1625,51.6747,1.5
RX_2459,-0.1625,51.6749,1.5
RX_2460,-0.1626,51.675,1.5
RX_2461,-0.1627,51.6751,1.5
RX_2462,-0.1627,51.6752,1.5
RX_2463,-0.1628,51.6753,1.5
RX_2464,-0.1628,51.6754,1.5
RX_2465,-0.1629,51.6755,1.5
RX_2466,-0.1629,51.6756,1.5
RX_2467,-0.163,51.6757,1.5
RX_2468,-0.163,51.6758,1.5
RX_2469,-0.1631,51.6759,1.5
RX_2470,-0.1631,51.6761,1.5
RX_2471,-0.1632,51.6762,1.5
RX_2472,-0.1632,51.6763,1.5
RX_2473,-0.1633,51.6764,1.5
RX_2474,-0.1633,51.6765,1.5
RX_2475,-0.1634,51.6766,1.5
RX_2476,-0.1634,51.6767,1.5
RX_2477,-0.1635,51.6768,1.5
RX_2478,-0.1635,51.6769,1.5
RX_2479,-0.1636,51.677,1.5
RX_2480,-0.1636,51.6771,1.5
RX_2481,-0.1637,51.6772,1.5
RX_2482,-0.1637,51.6773,1.5
RX_2483,-0.1638,51.6775,1.5
RX_2484,-0.1639,51.6776,1.5
RX_2485,-0.1639,51.6777,1.5
RX_2486,-0.164,51.6778,1.5
RX_2487,-0.164,51.6779,1.5
RX_2488,-0.1641,51.678,1.5
RX_2489,-0.1641,51.6781,1.5
RX_2490,-0.1642,51.6782,1.5
RX_2491,-0.1642,51.6783,1.5
RX_2492,-0.1643,51.6784,1.5
RX_2493,-0.1643,51.6786,1.5
RX_2494,-0.1644,51.6787,1.5
RX_2495,-0.1644,51.6788,1.5
RX_2496,-0.1645,51.6789,1.5
RX_2497,-0.1645,51.679,1.5
RX_2498,-0.1646,51.6791,1.5
RX_2499,-0.1646,51.6792,1.5
RX_2500,-0.1647,51.6793,1.5
RX_2501,-0.1647,51.6794,1.5
RX_2502,-0.1648,51.6795,1.5
RX_2503,-0.1648,51.6796,1.5
RX_2504,-0.1649,51.6797,1.5
RX_2505,-0.165,51.6799,1.5
RX_2506,-0.165,51.68,1.5
RX_2507,-0.1651,51.6801,1.5
RX_2508,-0.1651,51.6802,1.5
RX_2509,-0.1652,51.6803,1.5
RX_2510,-0.1652,51.6804,1.5
RX_2511,-0.1653,51.6805,1.5
RX_2512,-0.1654,51.6806,1.5
RX_2513,-0.1654,51.6807,1.5
RX_2514,-0.1655,51.6808,1.5
RX_2515,-0.1656,51.6809,1.5
RX_2516,-0.1657,51.681,1.5
RX_2517,-0.1657,51.6811,1.5
RX_2518,-0.1658,51.6812,1.5
RX_2519,-0.1659,51.6813,1.5
RX_2520,-0.166,51.6814,1.5
RX_2521,-0.1661,51.6815,1.5
RX_2522,-0.1662,51.6816,1.5
RX_2523,-0.1662,51.6817,1.5
RX_2524,-0.1663,51.6818,1.5
RX_2525,-0.1664,51.6819,1.5
RX_2526,-0.1665,51.682,1.5
RX_2527,-0.1666,51.6821,1.5
RX_2528,-0.1667,51.6822,1.5
RX_2529,-0.1668,51.6823,1.5
RX_2530,-0.1669,51.6824,1.5
RX_2531,-0.1669,51.6825,1.5
RX_2532,-0.1671,51.6826,1.5
RX_2533,-0.1672,51.6827,1.5
RX_2534,-0.1673,51.6828,1.5
RX_2535,-0.1674,51.6829,1.5
RX_2536,-0.1675,51.683,1.5
RX_2537,-0.1676,51.6831,1.5
RX_2538,-0.1677,51.6831,1.5
RX_2539,-0.1678,51.6832,1.5
RX_2540,-0.168,51.6833,1.5
RX_2541,-0.1681,51.6834,1.5
RX_2542,-0.1682,51.6835,1.5
RX_2543,-0.1683,51.6835,1.5
RX_2544,-0.1685,51.6836,1.5
RX_2545,-0.1686,51.6837,1.5
RX_2546,-0.1687,51.6838,1.5
RX_2547,-0.1688,51.6839,1.5
RX_2548,-0.169,51.684,1.5
RX_2549,-0.1691,51.6841,1.5
RX_2550,-0.1692,51.6842,1.5
RX_2551,-0.1693,51.6843,1.5
RX_2552,-0.1693,51.6844,1.5
RX_2553,-0.1694,51.6845,1.5
RX_2554,-0.1695,51.6846,1.5
RX_2555,-0.1696,51.6847,1.5
RX_2556,-0.1696,51.6848,1.5
RX_2557,-0.1697,51.6849,1.5
RX_2558,-0.1698,51.685,1.5
RX_2559,-0.1698,51.6851,1.5
RX_2560,-0.1699,51.6853,1.5
RX_2561,-0.17,51.6853,1.5
RX_2562,-0.1702,51.6854,1.5
RX_2563,-0.1703,51.6855,1.5
RX_2564,-0.1704,51.6855,1.5
RX_2565,-0.1706,51.6856,1.5
RX_2566,-0.1707,51.6857,1.5
RX_2567,-0.1708,51.6857,1.5
RX_2568,-0.1709,51.6858,1.5
RX_2569,-0.171,51.6859,1.5
RX_2570,-0.1711,51.686,1.5
RX_2571,-0.1713,51.6861,1.5
RX_2572,-0.1714,51.6862,1.5
RX_2573,-0.1715,51.6863,1.5
RX_2574,-0.1716,51.6864,1.5
RX_2575,-0.1718,51.6865,1.5
RX_2576,-0.1719,51.6866,1.5
RX_2577,-0.172,51.6867,1.5
RX_2578,-0.1721,51.6868,1.5
RX_2579,-0.1722,51.6869,1.5
RX_2580,-0.1722,51.687,1.5
RX_2581,-0.1722,51.6871,1.5
RX_2582,-0.1722,51.6872,1.5
RX_2583,-0.1722,51.6873,1.5
RX_2584,-0.1722,51.6874,1.5
RX_2585,-0.1722,51.6875,1.5
RX_2586,-0.1723,51.6876,1.5
RX_2587,-0.1724,51.6877,1.5
RX_2588,-0.1725,51.6878,1.5
RX_2589,-0.1726,51.6879,1.5
RX_2590,-0.1727,51.688,1.5
RX_2591,-0.1729,51.6881,1.5
RX_2592,-0.173,51.6882,1.5
RX_2593,-0.1731,51.6883,1.5
RX_2594,-0.1732,51.6883,1.5
RX_2595,-0.1733,51.6884,1.5
RX_2596,-0.1734,51.6885,1.5
RX_2597,-0.1735,51.6886,1.5
RX_2598,-0.1737,51.6887,1.5
RX_2599,-0.1738,51.6888,1.5
RX_2600,-0.1739,51.6889,1.5
RX_2601,-0.174,51.689,1.5
RX_2602,-0.1741,51.689,1.5
RX_2603,-0.1742,51.6891,1.5
RX_2604,-0.1744,51.6892,1.5
RX_2605,-0.1745,51.6893,1.5
RX_2606,-0.1746,51.6894,1.5
RX_2607,-0.1747,51.6895,1.5
RX_2608,-0.1748,51.6896,1.5
RX_2609,-0.1749,51.6897,1.5
RX_2610,-0.175,51.6898,1.5
RX_2611,-0.1752,51.6899,1.5
RX_2612,-0.1753,51.6899,1.5
RX_2613,-0.1754,51.69,1.5
RX_2614,-0.1755,51.6901,1.5
RX_2615,-0.1756,51.6902,1.5
RX_2616,-0.1757,51.6903,1.5
RX_2617,-0.1758,51.6904,1.5
RX_2618,-0.176,51.6905,1.5
RX_2619,-0.1761,51.6906,1.5
RX_2620,-0.1762,51.6907,1.5
RX_2621,-0.1763,51.6907,1.5
RX_2622,-0.1764,51.6908,1.5
RX_2623,-0.1765,51.6909,1.5
RX_2624,-0.1767,51.691,1.5
RX_2625,-0.1768,51.6911,1.5
RX_2626,-0.1769,51.6912,1.5
RX_2627,-0.177,51.6913,1.5
RX_2628,-0.1771,51.6913,1.5
RX_2629,-0.1772,51.6914,1.5
RX_2630,-0.1773,51.6915,1.5
RX_2631,-0.1775,51.6916,1.5
RX_2632,-0.1776,51.6917,1.5
RX_2633,-0.1777,51.6918,1.5
RX_2634,-0.1778,51.6918,1.5
RX_2635,-0.1779,51.6919,1.5
RX_2636,-0.1781,51.692,1.5
RX_2637,-0.1782,51.6921,1.5
RX_2638,-0.1784,51.6922,1.5
RX_2639,-0.1785,51.6922,1.5
RX_2640,-0.1786,51.6922,1.5
RX_2641,-0.1787,51.6921,1.5
RX_2642,-0.1787,51.692,1.5
RX_2643,-0.1788,51.6919,1.5
RX_2644,-0.1788,51.6918,1.5
RX_2645,-0.1788,51.6917,1.5
RX_2646,-0.1788,51.6915,1.5
RX_2647,-0.1788,51.6914,1.5
RX_2648,-0.1788,51.6913,1.5
RX_2649,-0.1788,51.6912,1.5
RX_2650,-0.1788,51.6911,1.5
RX_2651,-0.1788,51.691,1.5
RX_2652,-0.1788,51.6909,1.5
RX_2653,-0.1788,51.6907,1.5
RX_2654,-0.1788,51.6906,1.5
RX_2655,-0.1788,51.6905,1.5
RX_2656,-0.1788,51.6904,1.5
RX_2657,-0.1788,51.6903,1.5
RX_2658,-0.1788,51.6902,1.5
RX_2659,-0.1788,51.6901,1.5
RX_2660,-0.1788,51.6899,1.5
RX_2661,-0.1787,51.6898,1.5
RX_2662,-0.1787,51.6897,1.5
RX_2663,-0.1787,51.6896,1.5
RX_2664,-0.1786,51.6895,1.5
RX_2665,-0.1786,51.6894,1.5
RX_2666,-0.1785,51.6893,1.5
RX_2667,-0.1784,51.6892,1.5
RX_2668,-0.1784,51.6891,1.5
RX_2669,-0.1783,51.689,1.5
RX_2670,-0.1783,51.6889,1.5
RX_2671,-0.1782,51.6888,1.5
RX_2672,-0.1782,51.6887,1.5
RX_2673,-0.1781,51.6886,1.5
RX_2674,-0.1781,51.6885,1.5
RX_2675,-0.178,51.6884,1.5
RX_2676,-0.178,51.6882,1.5
RX_2677,-0.1779,51.6881,1.5
RX_2678,-0.1779,51.688,1.5
RX_2679,-0.1779,51.6879,1.5
RX_2680,-0.1779,51.6878,1.5
RX_2681,-0.178,51.6877,1.5
RX_2682,-0.178,51.6876,1.5
RX_2683,-0.178,51.6875,1.5
RX_2684,-0.1781,51.6873,1.5
RX_2685,-0.1781,51.6872,1.5
RX_2686,-0.1782,51.6871,1.5
RX_2687,-0.1782,51.687,1.5
RX_2688,-0.1783,51.6869,1.5
RX_2689,-0.1784,51.6868,1.5
RX_2690,-0.1785,51.6867,1.5
RX_2691,-0.1786,51.6866,1.5
RX_2692,-0.1787,51.6865,1.5
RX_2693,-0.1788,51.6864,1.5
RX_2694,-0.1789,51.6863,1.5
RX_2695,-0.179,51.6862,1.5
RX_2696,-0.1791,51.6861,1.5
RX_2697,-0.1792,51.686,1.5
RX_2698,-0.1793,51.6859,1.5
RX_2699,-0.1794,51.6858,1.5
RX_2700,-0.1795,51.6857,1.5
RX_2701,-0.1796,51.6856,1.5
RX_2702,-0.1797,51.6856,1.5
RX_2703,-0.1798,51.6855,1.5
RX_2704,-0.1799,51.6854,1.5
RX_2705,-0.1801,51.6853,1.5
RX_2706,-0.1802,51.6853,1.5
RX_2707,-0.1804,51.6852,1.5
RX_2708,-0.1805,51.6851,1.5
RX_2709,-0.1807,51.6851,1.5
RX_2710,-0.1808,51.685,1.5
RX_2711,-0.1809,51.6849,1.5
RX_2712,-0.1811,51.6849,1.5
RX_2713,-0.1812,51.6848,1.5
RX_2714,-0.1814,51.6847,1.5
RX_2715,-0.1815,51.6847,1.5
RX_2716,-0.1817,51.6846,1.5
RX_2717,-0.1818,51.6845,1.5
RX_2718,-0.1819,51.6845,1.5
RX_2719,-0.1821,51.6844,1.5
RX_2720,-0.1823,51.6843,1.5
RX_2721,-0.1824,51.6843,1.5
RX_2722,-0.1825,51.6842,1.5
RX_2723,-0.1827,51.6841,1.5
RX_2724,-0.1828,51.6841,1.5
RX_2725,-0.183,51.684,1.5
RX_2726,-0.1831,51.6839,1.5
RX_2727,-0.1833,51.6838,1.5
RX_2728,-0.1834,51.6838,1.5
RX_2729,-0.1836,51.6837,1.5
RX_2730,-0.1837,51.6837,1.5
RX_2731,-0.1839,51.6836,1.5
RX_2732,-0.184,51.6835,1.5
RX_2733,-0.1842,51.6835,1.5
RX_2734,-0.1843,51.6834,1.5
RX_2735,-0.1844,51.6833,1.5
RX_2736,-0.1846,51.6833,1.5
RX_2737,-0.1847,51.6832,1.5
RX_2738,-0.1849,51.6831,1.5
RX_2739,-0.185,51.683,1.5
RX_2740,-0.1851,51.6829,1.5
RX_2741,-0.1853,51.6829,1.5
RX_2742,-0.1854,51.6828,1.5
RX_2743,-0.1855,51.6827,1.5
RX_2744,-0.1857,51.6826,1.5
RX_2745,-0.1858,51.6825,1.5
RX_2746,-0.1859,51.6824,1.5
RX_2747,-0.186,51.6823,1.5
RX_2748,-0.1861,51.6822,1.5
RX_2749,-0.1862,51.6821,1.5
RX_2750,-0.1863,51.682,1.5
RX_2751,-0.1864,51.6819,1.5
RX_2752,-0.1865,51.6818,1.5
RX_2753,-0.1867,51.6817,1.5
RX_2754,-0.1868,51.6817,1.5
RX_2755,-0.187,51.6817,1.5
RX_2756,-0.1872,51.6817,1.5
RX_2757,-0.1873,51.6817,1.5
RX_2758,-0.1875,51.6817,1.5
RX_2759,-0.1876,51.6817,1.5
RX_2760,-0.1878,51.6817,1.5
RX_2761,-0.188,51.6817,1.5
RX_2762,-0.1881,51.6816,1.5
RX_2763,-0.1883,51.6816,1.5
RX_2764,-0.1884,51.6816,1.5
RX_2765,-0.1886,51.6815,1.5
RX_2766,-0.1888,51.6815,1.5
RX_2767,-0.189,51.6815,1.5
RX_2768,-0.1891,51.6815,1.5
RX_2769,-0.1893,51.6814,1.5
RX_2770,-0.1895,51.6814,1.5
RX_2771,-0.1897,51.6814,1.5
RX_2772,-0.1898,51.6813,1.5
RX_2773,-0.19,51.6813,1.5
RX_2774,-0.1902,51.6813,1.5
RX_2775,-0.1904,51.6812,1.5
RX_2776,-0.1905,51.6812,1.5
RX_2777,-0.1907,51.6812,1.5
RX_2778,-0.1909,51.6811,1.5
RX_2779,-0.1911,51.6811,1.5
RX_2780,-0.1912,51.6811,1.5
RX_2781,-0.1914,51.6811,1.5
RX_2782,-0.1916,51.681,1.5
RX_2783,-0.1918,51.681,1.5
RX_2784,-0.1919,51.681,1.5
RX_2785,-0.1921,51.6809,1.5
RX_2786,-0.1923,51.6809,1.5
RX_2787,-0.1925,51.6809,1.5
RX_2788,-0.1926,51.6808,1.5
RX_2789,-0.1928,51.6808,1.5
RX_2790,-0.193,51.6808,1.5
RX_2791,-0.1932,51.6807,1.5
RX_2792,-0.1933,51.6807,1.5
RX_2793,-0.1936,51.6807,1.5
RX_2794,-0.1937,51.6806,1.5
RX_2795,-0.1939,51.6806,1.5
RX_2796,-0.1941,51.6806,1.5
RX_2797,-0.1943,51.6806,1.5
RX_2798,-0.1945,51.6805,1.5
RX_2799,-0.1946,51.6805,1.5
RX_2800,-0.1948,51.6805,1.5
RX_2801,-0.195,51.6805,1.5
RX_2802,-0.1951,51.6806,1.5
RX_2803,-0.1953,51.6806,1.5
RX_2804,-0.1955,51.6806,1.5
RX_2805,-0.1957,51.6806,1.5
RX_2806,-0.1959,51.6806,1.5
RX_2807,-0.1961,51.6806,1.5
RX_2808,-0.1962,51.6806,1.5
RX_2809,-0.1964,51.6806,1.5
RX_2810,-0.1966,51.6806,1.5
RX_2811,-0.1968,51.6806,1.5
RX_2812,-0.197,51.6806,1.5
RX_2813,-0.1971,51.6807,1.5
RX_2814,-0.1973,51.6807,1.5
RX_2815,-0.1975,51.6807,1.5
RX_2816,-0.1977,51.6807,1.5
RX_2817,-0.1979,51.6807,1.5
RX_2818,-0.198,51.6807,1.5
RX_2819,-0.1982,51.6807,1.5
RX_2820,-0.1984,51.6807,1.5
RX_2821,-0.1986,51.6807,1.5
RX_2822,-0.1988,51.6807,1.5
RX_2823,-0.199,51.6807,1.5
RX_2824,-0.1991,51.6807,1.5
RX_2825,-0.1993,51.6807,1.5
RX_2826,-0.1995,51.6807,1.5
RX_2827,-0.1997,51.6806,1.5
RX_2828,-0.1998,51.6806,1.5
RX_2829,-0.2001,51.6806,1.5
RX_2830,-0.2002,51.6806,1.5
RX_2831,-0.2004,51.6806,1.5
RX_2832,-0.2006,51.6806,1.5
RX_2833,-0.2008,51.6806,1.5
RX_2834,-0.201,51.6806,1.5
RX_2835,-0.2012,51.6806,1.5
RX_2836,-0.2013,51.6805,1.5
RX_2837,-0.2016,51.6805,1.5
RX_2838,-0.2017,51.6805,1.5
RX_2839,-0.2019,51.6805,1.5
RX_2840,-0.2021,51.6804,1.5
RX_2841,-0.2023,51.6804,1.5
RX_2842,-0.2024,51.6803,1.5
RX_2843,-0.2026,51.6803,1.5
RX_2844,-0.2028,51.6803,1.5
RX_2845,-0.2029,51.6802,1.5
RX_2846,-0.2031,51.6802,1.5
RX_2847,-0.2033,51.6801,1.5
RX_2848,-0.2035,51.6801,1.5
RX_2849,-0.2037,51.68,1.5
RX_2850,-0.2038,51.68,1.5
RX_2851,-0.204,51.6799,1.5
RX_2852,-0.2042,51.6798,1.5
RX_2853,-0.2043,51.6798,1.5
RX_2854,-0.2045,51.6797,1.5
RX_2855,-0.2047,51.6797,1.5
RX_2856,-0.2048,51.6797,1.5
RX_2857,-0.205,51.6797,1.5
RX_2858,-0.2051,51.6797,1.5
RX_2859,-0.2053,51.6797,1.5
RX_2860,-0.2054,51.6797,1.5
RX_2861,-0.2056,51.6797,1.5
RX_2862,-0.2058,51.6797,1.5
RX_2863,-0.206,51.6797,1.5
RX_2864,-0.2062,51.6797,1.5
RX_2865,-0.2064,51.6797,1.5
RX_2866,-0.2066,51.6797,1.5
RX_2867,-0.2068,51.6797,1.5
RX_2868,-0.207,51.6797,1.5
RX_2869,-0.2072,51.6797,1.5
RX_2870,-0.2073,51.6798,1.5
RX_2871,-0.2073,51.6799,1.5
RX_2872,-0.2074,51.68,1.5
RX_2873,-0.2074,51.6801,1.5
RX_2874,-0.2074,51.6802,1.5
RX_2875,-0.2075,51.6803,1.5
RX_2876,-0.2075,51.6803,1.5
RX_2877,-0.2076,51.6804,1.5
RX_2878,-0.2076,51.6805,1.5
RX_2879,-0.2076,51.6806,1.5
RX_2880,-0.2076,51.6807,1.5
RX_2881,-0.2076,51.6809,1.5
RX_2882,-0.2076,51.681,1.5
RX_2883,-0.2076,51.6811,1.5
RX_2884,-0.2076,51.6812,1.5
RX_2885,-0.2076,51.6813,1.5
RX_2886,-0.2076,51.6815,1.5
RX_2887,-0.2076,51.6816,1.5
RX_2888,-0.2076,51.6817,1.5
RX_2889,-0.2075,51.6818,1.5
RX_2890,-0.2075,51.6819,1.5
RX_2891,-0.2075,51.682,1.5
RX_2892,-0.2074,51.6821,1.5
RX_2893,-0.2074,51.6822,1.5
RX_2894,-0.2074,51.6823,1.5
RX_2895,-0.2073,51.6824,1.5
RX_2896,-0.2073,51.6825,1.5
RX_2897,-0.2072,51.6827,1.5
RX_2898,-0.2072,51.6828,1.5
RX_2899,-0.2071,51.6829,1.5
RX_2900,-0.2071,51.683,1.5
RX_2901,-0.207,51.6831,1.5
RX_2902,-0.207,51.6832,1.5
RX_2903,-0.2069,51.6833,1.5
RX_2904,-0.2069,51.6834,1.5
RX_2905,-0.2068,51.6836,1.5
RX_2906,-0.2068,51.6836,1.5
RX_2907,-0.2067,51.6837,1.5
RX_2908,-0.2066,51.6839,1.5
RX_2909,-0.2065,51.684,1.5
RX_2910,-0.2065,51.6841,1.5
RX_2911,-0.2064,51.6842,1.5
RX_2912,-0.2063,51.6843,1.5
RX_2913,-0.2062,51.6844,1.5
RX_2914,-0.2062,51.6845,1.5
RX_2915,-0.2061,51.6846,1.5
RX_2916,-0.206,51.6847,1.5
RX_2917,-0.2059,51.6848,1.5
RX_2918,-0.2058,51.6849,1.5
RX_2919,-0.2057,51.685,1.5
RX_2920,-0.2056,51.6851,1.5
RX_2921,-0.2055,51.6852,1.5
RX_2922,-0.2054,51.6853,1.5
RX_2923,-0.2053,51.6854,1.5
RX_2924,-0.2052,51.6855,1.5
RX_2925,-0.2052,51.6856,1.5
RX_2926,-0.2051,51.6857,1.5
RX_2927,-0.205,51.6858,1.5
RX_2928,-0.2049,51.6859,1.5
RX_2929,-0.2048,51.686,1.5
RX_2930,-0.2047,51.6861,1.5
RX_2931,-0.2046,51.6862,1.5
RX_2932,-0.2045,51.6863,1.5
RX_2933,-0.2044,51.6864,1.5
RX_2934,-0.2043,51.6864,1.5
RX_2935,-0.2042,51.6865,1.5
RX_2936,-0.2041,51.6866,1.5
RX_2937,-0.204,51.6867,1.5
RX_2938,-0.2039,51.6868,1.5
RX_2939,-0.2038,51.6869,1.5
RX_2940,-0.2037,51.687,1.5
RX_2941,-0.2035,51.687,1.5
RX_2942,-0.2034,51.6871,1.5
RX_2943,-0.2033,51.6872,1.5
RX_2944,-0.2032,51.6873,1.5
RX_2945,-0.2031,51.6874,1.5
RX_2946,-0.203,51.6875,1.5
RX_2947,-0.2029,51.6876,1.5
RX_2948,-0.2028,51.6877,1.5
RX_2949,-0.2026,51.6878,1.5
RX_2950,-0.2025,51.6878,1.5
RX_2951,-0.2024,51.6879,1.5
RX_2952,-0.2023,51.688,1.5
RX_2953,-0.2021,51.6881,1.5
RX_2954,-0.202,51.6882,1.5
RX_2955,-0.2019,51.6883,1.5
RX_2956,-0.2018,51.6884,1.5
RX_2957,-0.2017,51.6885,1.5
RX_2958,-0.2015,51.6885,1.5
RX_2959,-0.2014,51.6886,1.5
RX_2960,-0.2013,51.6887,1.5
RX_2961,-0.2011,51.6888,1.5
RX_2962,-0.201,51.6889,1.5
RX_2963,-0.2009,51.689,1.5
RX_2964,-0.2008,51.689,1.5
RX_2965,-0.2006,51.6891,1.5
RX_2966,-0.2005,51.6892,1.5
RX_2967,-0.2004,51.6893,1.5
RX_2968,-0.2003,51.6894,1.5
RX_2969,-0.2001,51.6895,1.5
RX_2970,-0.2,51.6896,1.5
RX_2971,-0.1999,51.6897,1.5
RX_2972,-0.1998,51.6897,1.5
RX_2973,-0.1997,51.6898,1.5
RX_2974,-0.1996,51.6899,1.5
RX_2975,-0.1995,51.69,1.5
RX_2976,-0.1994,51.6901,1.5
RX_2977,-0.1993,51.6902,1.5
RX_2978,-0.1993,51.6903,1.5
RX_2979,-0.1992,51.6904,1.5
RX_2980,-0.1991,51.6905,1.5
RX_2981,-0.199,51.6906,1.5
RX_2982,-0.1989,51.6907,1.5
RX_2983,-0.1988,51.6908,1.5
RX_2984,-0.1987,51.6909,1.5
RX_2985,-0.1986,51.691,1.5
RX_2986,-0.1985,51.6911,1.5
RX_2987,-0.1984,51.6912,1.5
RX_2988,-0.1982,51.6913,1.5
RX_2989,-0.1981,51.6914,1.5
RX_2990,-0.198,51.6915,1.5
RX_2991,-0.1979,51.6916,1.5
RX_2992,-0.1978,51.6917,1.5
RX_2993,-0.1976,51.6917,1.5
RX_2994,-0.1975,51.6918,1.5
RX_2995,-0.1974,51.6919,1.5
RX_2996,-0.1973,51.692,1.5
RX_2997,-0.1972,51.6921,1.5
RX_2998,-0.1971,51.6922,1.5
RX_2999,-0.197,51.6923,1.5
RX_3000,-0.1969,51.6923,1.5
RX_3001,-0.1968,51.6924,1.5
RX_3002,-0.1967,51.6925,1.5
RX_3003,-0.1966,51.6926,1.5
RX_3004,-0.1965,51.6927,1.5
RX_3005,-0.1963,51.6928,1.5
RX_3006,-0.1962,51.6929,1.5
RX_3007,-0.1961,51.693,1.5
RX_3008,-0.196,51.6931,1.5
RX_3009,-0.1959,51.6932,1.5
RX_3010,-0.1957,51.6932,1.5
RX_3011,-0.1956,51.6933,1.5
RX_3012,-0.1955,51.6934,1.5
RX_3013,-0.1954,51.6935,1.5
RX_3014,-0.1953,51.6936,1.5
RX_3015,-0.1951,51.6937,1.5
RX_3016,-0.195,51.6938,1.5
RX_3017,-0.1949,51.6938,1.5
RX_3018,-0.1948,51.6939,1.5
RX_3019,-0.1947,51.694,1.5
RX_3020,-0.1946,51.6941,1.5
RX_3021,-0.1944,51.6943,1.5
RX_3022,-0.1943,51.6944,1.5
RX_3023,-0.1942,51.6945,1.5
RX_3024,-0.1942,51.6945,1.5
RX_3025,-0.1941,51.6946,1.5
RX_3026,-0.194,51.6947,1.5
RX_3027,-0.1939,51.6948,1.5
RX_3028,-0.1938,51.6949,1.5
RX_3029,-0.1937,51.695,1.5
RX_3030,-0.1936,51.6951,1.5
RX_3031,-0.1936,51.6952,1.5
RX_3032,-0.1934,51.6953,1.5
RX_3033,-0.1933,51.6954,1.5
RX_3034,-0.1932,51.6955,1.5
RX_3035,-0.1931,51.6956,1.5
RX_3036,-0.193,51.6957,1.5
RX_3037,-0.193,51.6957,1.5
RX_3038,-0.1929,51.6959,1.5
RX_3039,-0.1928,51.696,1.5
RX_3040,-0.1927,51.6961,1.5
RX_3041,-0.1926,51.6962,1.5
RX_3042,-0.1925,51.6963,1.5
RX_3043,-0.1924,51.6964,1.5
RX_3044,-0.1923,51.6965,1.5
RX_3045,-0.1922,51.6966,1.5
RX_3046,-0.1921,51.6967,1.5
RX_3047,-0.1921,51.6967,1.5
RX_3048,-0.1921,51.6969,1.5
RX_3049,-0.1919,51.697,1.5
RX_3050,-0.1918,51.6971,1.5
RX_3051,-0.1917,51.6972,1.5
RX_3052,-0.1916,51.6973,1.5
RX_3053,-0.1914,51.6972,1.5
RX_3054,-0.1913,51.6972,1.5
RX_3055,-0.1911,51.6971,1.5
RX_3056,-0.191,51.6971,1.5
RX_3057,-0.1909,51.697,1.5
RX_3058,-0.1907,51.697,1.5
RX_3059,-0.1906,51.697,1.5
RX_3060,-0.1904,51.6969,1.5
RX_3061,-0.1901,51.6969,1.5
RX_3062,-0.19,51.6968,1.5
RX_3063,-0.1899,51.6968,1.5
RX_3064,-0.1899,51.6967,1.5
RX_3065,-0.19,51.6966,1.5
RX_3066,-0.19,51.6965,1.5
RX_3067,-0.19,51.6964,1.5
RX_3068,-0.19,51.6963,1.5
RX_3069,-0.1899,51.6962,1.5
RX_3070,-0.1899,51.6961,1.5
RX_3071,-0.1898,51.696,1.5
RX_3072,-0.1897,51.6959,1.5
RX_3073,-0.1897,51.6958,1.5
RX_3074,-0.1896,51.6957,1.5
RX_3075,-0.1895,51.6956,1.5
RX_3076,-0.1894,51.6955,1.5
RX_3077,-0.1893,51.6954,1.5
RX_3078,-0.1892,51.6953,1.5
RX_3079,-0.189,51.6952,1.5
RX_3080,-0.1889,51.6951,1.5
RX_3081,-0.1887,51.695,1.5
RX_3082,-0.1886,51.695,1.5
RX_3083,-0.1885,51.6949,1.5
RX_3084,-0.1883,51.6948,1.5
RX_3085,-0.1882,51.6948,1.5
RX_3086,-0.188,51.6947,1.5
RX_3087,-0.1879,51.6947,1.5
RX_3088,-0.1877,51.6947,1.5
RX_3089,-0.1875,51.6946,1.5
RX_3090,-0.1873,51.6946,1.5
RX_3091,-0.1871,51.6946,1.5
RX_3092,-0.187,51.6945,1.5
RX_3093,-0.1868,51.6945,1.5
RX_3094,-0.1866,51.6944,1.5
RX_3095,-0.1864,51.6944,1.5
RX_3096,-0.1862,51.6944,1.5
RX_3097,-0.186,51.6943,1.5
RX_3098,-0.1858,51.6944,1.5
RX_3099,-0.1857,51.6943,1.5
RX_3100,-0.1855,51.6943,1.5
RX_3101,-0.1853,51.6943,1.5
RX_3102,-0.1852,51.6942,1.5
RX_3103,-0.185,51.6942,1.5
RX_3104,-0.1848,51.6942,1.5
RX_3105,-0.1846,51.6942,1.5
RX_3106,-0.1844,51.6942,1.5
RX_3107,-0.1842,51.6941,1.5
RX_3108,-0.1841,51.6941,1.5
RX_3109,-0.184,51.6942,1.5
RX_3110,-0.1839,51.6943,1.5
RX_3111,-0.1838,51.6944,1.5
RX_3112,-0.1837,51.6945,1.5
RX_3113,-0.1836,51.6946,1.5
RX_3114,-0.1837,51.6947,1.5
RX_3115,-0.1838,51.6948,1.5
RX_3116,-0.184,51.6948,1.5
RX_3117,-0.1842,51.6948,1.5
RX_3118,-0.1844,51.6948,1.5
RX_3119,-0.1845,51.6948,1.5
RX_3120,-0.1846,51.6947,1.5
RX_3121,-0.1846,51.6946,1.5
RX_3122,-0.1847,51.6945,1.5
RX_3123,-0.1848,51.6944,1.5
RX_3124,-0.1848,51.6942,1.5
RX_3125,-0.1847,51.6942,1.5
RX_3126,-0.1845,51.6942,1.5
RX_3127,-0.1843,51.6941,1.5
RX_3128,-0.1841,51.6941,1.5
RX_3129,-0.184,51.6941,1.5
RX_3130,-0.1841,51.694,1.5
RX_3131,-0.1841,51.6939,1.5
RX_3132,-0.1842,51.6938,1.5
RX_3133,-0.1842,51.6937,1.5
RX_3134,-0.1843,51.6936,1.5
RX_3135,-0.1843,51.6935,1.5
RX_3136,-0.1844,51.6933,1.5
RX_3137,-0.1844,51.6932,1.5
RX_3138,-0.1843,51.6931,1.5
RX_3139,-0.1841,51.6931,1.5
RX_3140,-0.184,51.6931,1.5
RX_3141,-0.1838,51.6931,1.5
RX_3142,-0.1836,51.6931,1.5
RX_3143,-0.1834,51.6931,1.5
RX_3144,-0.1832,51.693,1.5
RX_3145,-0.183,51.693,1.5
RX_3146,-0.1828,51.693,1.5
RX_3147,-0.1826,51.693,1.5
RX_3148,-0.1825,51.6929,1.5
RX_3149,-0.1824,51.6929,1.5
RX_3150,-0.1822,51.6929,1.5
RX_3151,-0.182,51.6929,1.5
RX_3152,-0.1818,51.6928,1.5
RX_3153,-0.1816,51.6928,1.5
RX_3154,-0.1814,51.6928,1.5
RX_3155,-0.1813,51.6929,1.5
RX_3156,-0.1812,51.6929,1.5
RX_3157,-0.1811,51.6931,1.5
RX_3158,-0.181,51.6932,1.5
RX_3159,-0.1808,51.6932,1.5
RX_3160,-0.1807,51.6932,1.5
RX_3161,-0.1805,51.6932,1.5
RX_3162,-0.1803,51.6931,1.5
RX_3163,-0.1801,51.6931,1.5
RX_3164,-0.18,51.6932,1.5
RX_3165,-0.1799,51.6933,1.5
RX_3166,-0.1798,51.6933,1.5
RX_3167,-0.1798,51.6935,1.5
RX_3168,-0.1797,51.6936,1.5
RX_3169,-0.1797,51.6937,1.5
RX_3170,-0.1796,51.6938,1.5
RX_3171,-0.1796,51.694,1.5
RX_3172,-0.1796,51.694,1.5
RX_3173,-0.1796,51.6939,1.5
RX_3174,-0.1796,51.6938,1.5
RX_3175,-0.1797,51.6937,1.5
RX_3176,-0.1797,51.6936,1.5
RX_3177,-0.1798,51.6935,1.5
RX_3178,-0.1799,51.6934,1.5
RX_3179,-0.18,51.6934,1.5
RX_3180,-0.1801,51.6933,1.5
RX_3181,-0.1801,51.6932,1.5
RX_3182,-0.1802,51.6931,1.5
RX_3183,-0.1804,51.6931,1.5
RX_3184,-0.1806,51.6932,1.5
RX_3185,-0.1808,51.6932,1.5
RX_3186,-0.181,51.6932,1.5
RX_3187,-0.1811,51.6931,1.5
RX_3188,-0.1812,51.693,1.5
RX_3189,-0.1812,51.6929,1.5
RX_3190,-0.1811,51.6928,1.5
RX_3191,-0.1809,51.6927,1.5
RX_3192,-0.1807,51.6927,1.5
RX_3193,-0.1805,51.6927,1.5
RX_3194,-0.1803,51.6926,1.5
RX_3195,-0.1801,51.6926,1.5
RX_3196,-0.18,51.6926,1.5
RX_3197,-0.1797,51.6925,1.5
RX_3198,-0.1796,51.6925,1.5
RX_3199,-0.1795,51.6925,1.5
RX_3200,-0.1793,51.6925,1.5
RX_3201,-0.1791,51.6924,1.5
RX_3202,-0.179,51.6924,1.5
RX_3203,-0.1788,51.6924,1.5
RX_3204,-0.1786,51.6924,1.5
RX_3205,-0.1784,51.6923,1.5
RX_3206,-0.1783,51.6922,1.5
RX_3207,-0.1781,51.6922,1.5
RX_3208,-0.178,51.6921,1.5
RX_3209,-0.1779,51.692,1.5
RX_3210,-0.1778,51.6919,1.5
RX_3211,-0.1777,51.6918,1.5
RX_3212,-0.1775,51.6917,1.5
RX_3213,-0.1774,51.6916,1.5
RX_3214,-0.1773,51.6916,1.5
RX_3215,-0.1772,51.6915,1.5
RX_3216,-0.1771,51.6914,1.5
RX_3217,-0.177,51.6913,1.5
RX_3218,-0.1769,51.6912,1.5
RX_3219,-0.1768,51.6911,1.5
RX_3220,-0.1767,51.691,1.5
RX_3221,-0.1766,51.691,1.5
RX_3222,-0.1764,51.6909,1.5
RX_3223,-0.1763,51.6908,1.5
RX_3224,-0.1762,51.6907,1.5
RX_3225,-0.1761,51.6906,1.5
RX_3226,-0.176,51.6905,1.5
RX_3227,-0.1759,51.6904,1.5
RX_3228,-0.1757,51.6903,1.5
RX_3229,-0.1756,51.6903,1.5
RX_3230,-0.1755,51.6902,1.5
RX_3231,-0.1754,51.6901,1.5
RX_3232,-0.1753,51.69,1.5
RX_3233,-0.1752,51.6899,1.5
RX_3234,-0.175,51.6898,1.5
RX_3235,-0.1749,51.6897,1.5
RX_3236,-0.1748,51.6896,1.5
RX_3237,-0.1747,51.6895,1.5
RX_3238,-0.1746,51.6895,1.5
RX_3239,-0.1745,51.6894,1.5
RX_3240,-0.1743,51.6893,1.5
RX_3241,-0.1742,51.6892,1.5
RX_3242,-0.1741,51.6891,1.5
RX_3243,-0.174,51.689,1.5
RX_3244,-0.1739,51.6889,1.5
RX_3245,-0.1737,51.6888,1.5
RX_3246,-0.1736,51.6887,1.5
RX_3247,-0.1735,51.6886,1.5
RX_3248,-0.1734,51.6886,1.5
RX_3249,-0.1733,51.6885,1.5
RX_3250,-0.1732,51.6884,1.5
RX_3251,-0.1731,51.6883,1.5
RX_3252,-0.173,51.6882,1.5
RX_3253,-0.1729,51.6882,1.5
RX_3254,-0.1727,51.6881,1.5
RX_3255,-0.1726,51.688,1.5
RX_3256,-0.1725,51.6879,1.5
RX_3257,-0.1724,51.6878,1.5
RX_3258,-0.1723,51.6877,1.5
RX_3259,-0.1721,51.6876,1.5
RX_3260,-0.172,51.6875,1.5
RX_3261,-0.1718,51.6875,1.5
RX_3262,-0.1717,51.6875,1.5
RX_3263,-0.1715,51.6874,1.5
RX_3264,-0.1713,51.6874,1.5
RX_3265,-0.1712,51.6874,1.5
RX_3266,-0.171,51.6873,1.5
RX_3267,-0.1709,51.6873,1.5
RX_3268,-0.1707,51.6872,1.5
RX_3269,-0.1706,51.6871,1.5
RX_3270,-0.1705,51.687,1.5
RX_3271,-0.1704,51.687,1.5
RX_3272,-0.1703,51.6869,1.5
RX_3273,-0.1702,51.6868,1.5
RX_3274,-0.1701,51.6867,1.5
RX_3275,-0.17,51.6866,1.5
RX_3276,-0.1698,51.6865,1.5
RX_3277,-0.1697,51.6864,1.5
RX_3278,-0.1696,51.6863,1.5
RX_3279,-0.1695,51.6862,1.5
RX_3280,-0.1694,51.6861,1.5
RX_3281,-0.1692,51.686,1.5
RX_3282,-0.1691,51.686,1.5
RX_3283,-0.169,51.6859,1.5
RX_3284,-0.1688,51.6858,1.5
RX_3285,-0.1686,51.6858,1.5
RX_3286,-0.1685,51.6858,1.5
RX_3287,-0.1683,51.6858,1.5
RX_3288,-0.1681,51.6858,1.5
RX_3289,-0.168,51.6858,1.5
RX_3290,-0.1678,51.6858,1.5
RX_3291,-0.1676,51.6858,1.5
RX_3292,-0.1674,51.6858,1.5
RX_3293,-0.1672,51.6858,1.5
RX_3294,-0.1671,51.6858,1.5
RX_3295,-0.1669,51.6858,1.5
RX_3296,-0.1667,51.6858,1.5
RX_3297,-0.1665,51.6858,1.5
RX_3298,-0.1664,51.6858,1.5
RX_3299,-0.1662,51.6858,1.5
RX_3300,-0.166,51.6858,1.5
RX_3301,-0.1658,51.6858,1.5
RX_3302,-0.1656,51.6859,1.5
RX_3303,-0.1654,51.6859,1.5
RX_3304,-0.1653,51.6859,1.5
RX_3305,-0.1651,51.6859,1.5
RX_3306,-0.1649,51.6859,1.5
RX_3307,-0.1647,51.6859,1.5
RX_3308,-0.1645,51.6859,1.5
RX_3309,-0.1643,51.6859,1.5
RX_3310,-0.1641,51.6859,1.5
RX_3311,-0.1639,51.6859,1.5
RX_3312,-0.1637,51.6859,1.5
RX_3313,-0.1635,51.6859,1.5
RX_3314,-0.1633,51.6859,1.5
RX_3315,-0.1632,51.6859,1.5
RX_3316,-0.163,51.6858,1.5
RX_3317,-0.1629,51.6857,1.5
RX_3318,-0.1628,51.6857,1.5
RX_3319,-0.1626,51.6856,1.5
RX_3320,-0.1625,51.6856,1.5
RX_3321,-0.1623,51.6855,1.5
RX_3322,-0.1622,51.6854,1.5
RX_3323,-0.162,51.6854,1.5
RX_3324,-0.1619,51.6853,1.5
RX_3325,-0.1617,51.6852,1.5
RX_3326,-0.1616,51.6852,1.5
RX_3327,-0.1614,51.6851,1.5
RX_3328,-0.1613,51.685,1.5
RX_3329,-0.1611,51.685,1.5
RX_3330,-0.161,51.6849,1.5
RX_3331,-0.1608,51.6848,1.5
RX_3332,-0.1606,51.6848,1.5
RX_3333,-0.1605,51.6847,1.5
RX_3334,-0.1604,51.6847,1.5
RX_3335,-0.1602,51.6846,1.5
RX_3336,-0.1601,51.6845,1.5
RX_3337,-0.1599,51.6844,1.5
RX_3338,-0.1598,51.6844,1.5
RX_3339,-0.1596,51.6843,1.5
RX_3340,-0.1595,51.6842,1.5
RX_3341,-0.1594,51.6841,1.5
RX_3342,-0.1593,51.684,1.5
RX_3343,-0.1591,51.684,1.5
RX_3344,-0.159,51.6839,1.5
RX_3345,-0.1589,51.6838,1.5
RX_3346,-0.1587,51.6837,1.5
RX_3347,-0.1586,51.6837,1.5
RX_3348,-0.1585,51.6836,1.5
RX_3349,-0.1583,51.6835,1.5
RX_3350,-0.1582,51.6834,1.5
RX_3351,-0.1581,51.6834,1.5
RX_3352,-0.158,51.6833,1.5
RX_3353,-0.1578,51.6832,1.5
RX_3354,-0.1577,51.6831,1.5
RX_3355,-0.1576,51.683,1.5
RX_3356,-0.1574,51.683,1.5
RX_3357,-0.1573,51.6829,1.5
RX_3358,-0.1572,51.6828,1.5
RX_3359,-0.157,51.6827,1.5
RX_3360,-0.1569,51.6827,1.5
RX_3361,-0.1567,51.6826,1.5
RX_3362,-0.1566,51.6825,1.5
RX_3363,-0.1565,51.6825,1.5
RX_3364,-0.1563,51.6824,1.5
RX_3365,-0.1562,51.6823,1.5
RX_3366,-0.156,51.6823,1.5
RX_3367,-0.1559,51.6822,1.5
RX_3368,-0.1557,51.6821,1.5
RX_3369,-0.1556,51.6821,1.5
RX_3370,-0.1554,51.682,1.5
RX_3371,-0.1553,51.6819,1.5
RX_3372,-0.1551,51.6819,1.5
RX_3373,-0.155,51.6818,1.5
RX_3374,-0.1548,51.6818,1.5
RX_3375,-0.1547,51.6817,1.5
RX_3376,-0.1545,51.6817,1.5
RX_3377,-0.1543,51.6816,1.5
RX_3378,-0.1542,51.6816,1.5
RX_3379,-0.154,51.6815,1.5
RX_3380,-0.1538,51.6815,1.5
RX_3381,-0.1537,51.6814,1.5
RX_3382,-0.1535,51.6814,1.5
RX_3383,-0.1533,51.6813,1.5
RX_3384,-0.1532,51.6813,1.5
RX_3385,-0.153,51.6813,1.5
RX_3386,-0.1528,51.6813,1.5
RX_3387,-0.1527,51.6812,1.5
RX_3388,-0.1524,51.6812,1.5
RX_3389,-0.1523,51.6812,1.5
RX_3390,-0.1521,51.6812,1.5
RX_3391,-0.1519,51.6811,1.5
RX_3392,-0.1517,51.6811,1.5
RX_3393,-0.1516,51.6811,1.5
RX_3394,-0.1513,51.6811,1.5
RX_3395,-0.1512,51.6811,1.5
RX_3396,-0.151,51.6811,1.5
RX_3397,-0.1508,51.6811,1.5
RX_3398,-0.1506,51.6811,1.5
RX_3399,-0.1504,51.6811,1.5
RX_3400,-0.1503,51.6811,1.5
RX_3401,-0.1501,51.681,1.5
RX_3402,-0.1499,51.681,1.5
RX_3403,-0.1497,51.681,1.5
RX_3404,-0.1495,51.681,1.5
RX_3405,-0.1493,51.681,1.5
RX_3406,-0.1492,51.681,1.5
RX_3407,-0.149,51.681,1.5
RX_3408,-0.1488,51.681,1.5
RX_3409,-0.1486,51.681,1.5
RX_3410,-0.1484,51.681,1.5
RX_3411,-0.1482,51.6809,1.5
RX_3412,-0.1481,51.6809,1.5
RX_3413,-0.1479,51.6809,1.5
RX_3414,-0.1477,51.6809,1.5
RX_3415,-0.1475,51.6809,1.5
RX_3416,-0.1473,51.6809,1.5
RX_3417,-0.1472,51.6809,1.5
RX_3418,-0.1469,51.6809,1.5
RX_3419,-0.1468,51.6808,1.5
RX_3420,-0.1466,51.6808,1.5
RX_3421,-0.1464,51.6808,1.5
RX_3422,-0.1462,51.6808,1.5
RX_3423,-0.1461,51.6808,1.5
RX_3424,-0.1459,51.6808,1.5
RX_3425,-0.1457,51.6808,1.5
RX_3426,-0.1455,51.6808,1.5
RX_3427,-0.1454,51.6808,1.5
RX_3428,-0.1452,51.6808,1.5
RX_3429,-0.145,51.6808,1.5
RX_3430,-0.1448,51.6808,1.5
RX_3431,-0.1446,51.6808,1.5
RX_3432,-0.1445,51.6808,1.5
RX_3433,-0.1443,51.6808,1.5
RX_3434,-0.1441,51.6809,1.5
RX_3435,-0.1439,51.6809,1.5
RX_3436,-0.1437,51.6809,1.5
RX_3437,-0.1436,51.6809,1.5
RX_3438,-0.1434,51.6809,1.5
RX_3439,-0.1432,51.681,1.5
RX_3440,-0.143,51.681,1.5
RX_3441,-0.1428,51.681,1.5
RX_3442,-0.1427,51.681,1.5
RX_3443,-0.1425,51.6811,1.5
RX_3444,-0.1423,51.6811,1.5
RX_3445,-0.1421,51.6811,1.5
RX_3446,-0.1419,51.6811,1.5
RX_3447,-0.1418,51.6812,1.5
RX_3448,-0.1416,51.6812,1.5
RX_3449,-0.1414,51.6812,1.5
RX_3450,-0.1412,51.6813,1.5
RX_3451,-0.141,51.6813,1.5
RX_3452,-0.1408,51.6813,1.5
RX_3453,-0.1406,51.6813,1.5
RX_3454,-0.1405,51.6813,1.5
RX_3455,-0.1403,51.6813,1.5
RX_3456,-0.1401,51.6813,1.5
RX_3457,-0.14,51.6813,1.5
RX_3458,-0.1398,51.6812,1.5
RX_3459,-0.1396,51.6812,1.5
RX_3460,-0.1395,51.6812,1.5
RX_3461,-0.1393,51.6812,1.5
RX_3462,-0.1391,51.6811,1.5
RX_3463,-0.1389,51.6811,1.5
RX_3464,-0.1388,51.6811,1.5
RX_3465,-0.1386,51.6811,1.5
RX_3466,-0.1384,51.681,1.5
RX_3467,-0.1383,51.681,1.5
RX_3468,-0.1381,51.681,1.5
RX_3469,-0.1379,51.681,1.5
RX_3470,-0.1377,51.6809,1.5
RX_3471,-0.1376,51.6809,1.5
RX_3472,-0.1374,51.6809,1.5
RX_3473,-0.1372,51.6809,1.5
RX_3474,-0.137,51.6808,1.5
RX_3475,-0.1368,51.6808,1.5
RX_3476,-0.1366,51.6808,1.5
RX_3477,-0.1365,51.6808,1.5
RX_3478,-0.1363,51.6807,1.5
RX_3479,-0.1361,51.6807,1.5
RX_3480,-0.1359,51.6806,1.5
RX_3481,-0.1358,51.6806,1.5
RX_3482,-0.1356,51.6805,1.5
RX_3483,-0.1355,51.6805,1.5
RX_3484,-0.1353,51.6804,1.5
RX_3485,-0.1352,51.6803,1.5
RX_3486,-0.1351,51.6803,1.5
RX_3487,-0.1349,51.6802,1.5
RX_3488,-0.1348,51.6802,1.5
RX_3489,-0.1346,51.6801,1.5
RX_3490,-0.1345,51.68,1.5
RX_3491,-0.1343,51.68,1.5
RX_3492,-0.1342,51.6799,1.5
RX_3493,-0.134,51.6798,1.5
RX_3494,-0.1339,51.6798,1.5
RX_3495,-0.1337,51.6797,1.5
RX_3496,-0.1336,51.6796,1.5
RX_3497,-0.1334,51.6796,1.5
RX_3498,-0.1333,51.6795,1.5
RX_3499,-0.1331,51.6794,1.5
RX_3500,-0.133,51.6794,1.5
RX_3501,-0.1328,51.6793,1.5
RX_3502,-0.1327,51.6792,1.5
RX_3503,-0.1325,51.6792,1.5
RX_3504,-0.1324,51.6791,1.5
RX_3505,-0.1322,51.679,1.5
RX_3506,-0.1321,51.679,1.5
RX_3507,-0.1319,51.6789,1.5
RX_3508,-0.1318,51.6788,1.5
RX_3509,-0.1316,51.6788,1.5
RX_3510,-0.1314,51.6787,1.5
RX_3511,-0.1313,51.6786,1.5
RX_3512,-0.1311,51.6786,1.5
RX_3513,-0.1309,51.6785,1.5
RX_3514,-0.1308,51.6784,1.5
RX_3515,-0.1306,51.6784,1.5
RX_3516,-0.1305,51.6783,1.5
RX_3517,-0.1303,51.6782,1.5
RX_3518,-0.1302,51.6782,1.5
RX_3519,-0.13,51.6781,1.5
RX_3520,-0.1299,51.678,1.5
RX_3521,-0.1297,51.678,1.5
RX_3522,-0.1296,51.6779,1.5
RX_3523,-0.1294,51.6778,1.5
RX_3524,-0.1293,51.6778,1.5
RX_3525,-0.1291,51.6777,1.5
RX_3526,-0.129,51.6777,1.5
RX_3527,-0.1288,51.6776,1.5
RX_3528,-0.1287,51.6775,1.5
RX_3529,-0.1285,51.6775,1.5
RX_3530,-0.1284,51.6774,1.5
RX_3531,-0.1283,51.6773,1.5
RX_3532,-0.1281,51.6773,1.5
RX_3533,-0.1279,51.6772,1.5
RX_3534,-0.1278,51.6772,1.5
RX_3535,-0.1276,51.6771,1.5
RX_3536,-0.1275,51.677,1.5
RX_3537,-0.1273,51.677,1.5
RX_3538,-0.1272,51.6769,1.5
RX_3539,-0.1271,51.6768,1.5
RX_3540,-0.1269,51.6767,1.5
RX_3541,-0.1268,51.6767,1.5
RX_3542,-0.1266,51.6766,1.5
RX_3543,-0.1265,51.6765,1.5
RX_3544,-0.1264,51.6764,1.5
RX_3545,-0.1262,51.6764,1.5
RX_3546,-0.1261,51.6763,1.5
RX_3547,-0.126,51.6762,1.5
RX_3548,-0.1258,51.6761,1.5
RX_3549,-0.1257,51.6761,1.5
RX_3550,-0.1255,51.676,1.5
RX_3551,-0.1253,51.676,1.5
RX_3552,-0.1252,51.6759,1.5
RX_3553,-0.125,51.6758,1.5
RX_3554,-0.1249,51.6758,1.5
RX_3555,-0.1247,51.6757,1.5
RX_3556,-0.1246,51.6757,1.5
RX_3557,-0.1244,51.6756,1.5
RX_3558,-0.1243,51.6756,1.5
RX_3559,-0.1241,51.6755,1.5
RX_3560,-0.124,51.6754,1.5
RX_3561,-0.1238,51.6754,1.5
RX_3562,-0.1237,51.6753,1.5
RX_3563,-0.1236,51.6752,1.5
RX_3564,-0.1234,51.6752,1.5
RX_3565,-0.1233,51.6751,1.5
RX_3566,-0.1231,51.675,1.5
RX_3567,-0.123,51.6749,1.5
RX_3568,-0.1229,51.6749,1.5
RX_3569,-0.1227,51.6748,1.5
RX_3570,-0.1226,51.6747,1.5
RX_3571,-0.1225,51.6746,1.5
RX_3572,-0.1223,51.6746,1.5
RX_3573,-0.1222,51.6745,1.5
RX_3574,-0.1221,51.6744,1.5
RX_3575,-0.122,51.6743,1.5
RX_3576,-0.1218,51.6742,1.5
RX_3577,-0.1217,51.6742,1.5
RX_3578,-0.1216,51.6741,1.5
RX_3579,-0.1214,51.674,1.5
RX_3580,-0.1213,51.6739,1.5
RX_3581,-0.1211,51.6739,1.5
RX_3582,-0.121,51.6738,1.5
RX_3583,-0.1208,51.6737,1.5
RX_3584,-0.1207,51.6737,1.5
RX_3585,-0.1206,51.6736,1.5
RX_3586,-0.1204,51.6735,1.5
RX_3587,-0.1203,51.6734,1.5
RX_3588,-0.1201,51.6734,1.5
RX_3589,-0.12,51.6733,1.5
RX_3590,-0.1199,51.6732,1.5
RX_3591,-0.1197,51.6732,1.5
RX_3592,-0.1196,51.6731,1.5
RX_3593,-0.1195,51.673,1.5
RX_3594,-0.1193,51.6729,1.5
RX_3595,-0.1192,51.6729,1.5
RX_3596,-0.119,51.6728,1.5
RX_3597,-0.1189,51.6727,1.5
RX_3598,-0.1188,51.6726,1.5
RX_3599,-0.1186,51.6726,1.5
RX_3600,-0.1185,51.6725,1.5
RX_3601,-0.1184,51.6724,1.5
RX_3602,-0.1182,51.6723,1.5
RX_3603,-0.1181,51.6723,1.5
RX_3604,-0.118,51.6722,1.5
RX_3605,-0.1178,51.6721,1.5
RX_3606,-0.1177,51.672,1.5
RX_3607,-0.1175,51.672,1.5
RX_3608,-0.1174,51.6719,1.5
RX_3609,-0.1172,51.6718,1.5
RX_3610,-0.1171,51.6718,1.5
RX_3611,-0.1169,51.6717,1.5
RX_3612,-0.1168,51.6716,1.5
RX_3613,-0.1167,51.6715,1.5
RX_3614,-0.1166,51.6714,1.5
RX_3615,-0.1165,51.6714,1.5
RX_3616,-0.1164,51.6713,1.5
RX_3617,-0.1162,51.6712,1.5
RX_3618,-0.1161,51.6711,1.5
RX_3619,-0.1161,51.671,1.5
RX_3620,-0.1159,51.6709,1.5
RX_3621,-0.1158,51.6708,1.5
RX_3622,-0.1157,51.6707,1.5
RX_3623,-0.1156,51.6706,1.5
RX_3624,-0.1155,51.6705,1.5
RX_3625,-0.1154,51.6704,1.5
RX_3626,-0.1153,51.6704,1.5
RX_3627,-0.1151,51.6703,1.5
RX_3628,-0.115,51.6702,1.5
RX_3629,-0.1149,51.6701,1.5
RX_3630,-0.1148,51.67,1.5
RX_3631,-0.1146,51.6699,1.5
RX_3632,-0.1145,51.6699,1.5
RX_3633,-0.1144,51.6698,1.5
RX_3634,-0.1143,51.6697,1.5
RX_3635,-0.1141,51.6696,1.5
RX_3636,-0.114,51.6695,1.5
RX_3637,-0.1139,51.6695,1.5
RX_3638,-0.1137,51.6694,1.5
RX_3639,-0.1136,51.6693,1.5
RX_3640,-0.1135,51.6692,1.5
RX_3641,-0.1134,51.6691,1.5
RX_3642,-0.1132,51.6691,1.5
RX_3643,-0.1131,51.669,1.5
RX_3644,-0.113,51.6689,1.5
RX_3645,-0.1129,51.6688,1.5
RX_3646,-0.1127,51.6687,1.5
RX_3647,-0.1126,51.6687,1.5
RX_3648,-0.1124,51.6686,1.5
RX_3649,-0.1123,51.6685,1.5
RX_3650,-0.1121,51.6684,1.5
RX_3651,-0.112,51.6684,1.5
RX_3652,-0.1119,51.6683,1.5
RX_3653,-0.1117,51.6682,1.5
RX_3654,-0.1116,51.6681,1.5
RX_3655,-0.1114,51.668,1.5
RX_3656,-0.1113,51.668,1.5
RX_3657,-0.1112,51.6679,1.5
RX_3658,-0.111,51.6678,1.5
RX_3659,-0.1109,51.6678,1.5
RX_3660,-0.1108,51.6677,1.5
RX_3661,-0.1106,51.6676,1.5
RX_3662,-0.1105,51.6675,1.5
RX_3663,-0.1103,51.6675,1.5
RX_3664,-0.1102,51.6674,1.5
RX_3665,-0.1101,51.6673,1.5
RX_3666,-0.1099,51.6672,1.5
RX_3667,-0.1098,51.6672,1.5
RX_3668,-0.1096,51.6671,1.5
RX_3669,-0.1095,51.667,1.5
RX_3670,-0.1094,51.6669,1.5
RX_3671,-0.1092,51.6669,1.5
RX_3672,-0.1091,51.6668,1.5
RX_3673,-0.1089,51.6667,1.5
RX_3674,-0.1088,51.6666,1.5
RX_3675,-0.1086,51.6666,1.5
RX_3676,-0.1085,51.6665,1.5
RX_3677,-0.1084,51.6664,1.5
RX_3678,-0.1082,51.6664,1.5
RX_3679,-0.1081,51.6663,1.5
RX_3680,-0.108,51.6662,1.5
RX_3681,-0.1078,51.6661,1.5
RX_3682,-0.1077,51.6661,1.5
RX_3683,-0.1076,51.666,1.5
RX_3684,-0.1074,51.6659,1.5
RX_3685,-0.1073,51.6658,1.5
RX_3686,-0.1072,51.6657,1.5
RX_3687,-0.1071,51.6657,1.5
RX_3688,-0.1069,51.6656,1.5
RX_3689,-0.1068,51.6655,1.5
RX_3690,-0.1066,51.6654,1.5
RX_3691,-0.1065,51.6653,1.5
RX_3692,-0.1064,51.6652,1.5
RX_3693,-0.1063,51.6652,1.5
RX_3694,-0.1061,51.6651,1.5
RX_3695,-0.106,51.665,1.5
RX_3696,-0.1059,51.6649,1.5
RX_3697,-0.1058,51.6648,1.5
RX_3698,-0.1056,51.6648,1.5
RX_3699,-0.1055,51.6647,1.5
RX_3700,-0.1054,51.6646,1.5
RX_3701,-0.1053,51.6645,1.5
RX_3702,-0.1052,51.6644,1.5
RX_3703,-0.1051,51.6643,1.5
RX_3704,-0.1051,51.6642,1.5
RX_3705,-0.105,51.6641,1.5
RX_3706,-0.1049,51.664,1.5
RX_3707,-0.1047,51.6639,1.5
RX_3708,-0.1046,51.6638,1.5
RX_3709,-0.1045,51.6637,1.5
RX_3710,-0.1044,51.6636,1.5
RX_3711,-0.1042,51.6635,1.5
RX_3712,-0.1042,51.6634,1.5
RX_3713,-0.1041,51.6633,1.5
RX_3714,-0.104,51.6632,1.5
RX_3715,-0.104,51.6632,1.5
RX_3716,-0.1038,51.663,1.5
RX_3717,-0.1037,51.6629,1.5
RX_3718,-0.1036,51.6629,1.5
RX_3719,-0.1036,51.6628,1.5
RX_3720,-0.1035,51.6627,1.5
RX_3721,-0.1034,51.6626,1.5
RX_3722,-0.1033,51.6625,1.5
RX_3723,-0.1032,51.6624,1.5
RX_3724,-0.1031,51.6623,1.5
RX_3725,-0.103,51.6622,1.5
RX_3726,-0.1029,51.6621,1.5
RX_3727,-0.1028,51.662,1.5
RX_3728,-0.1027,51.6619,1.5
RX_3729,-0.1026,51.6619,1.5
RX_3730,-0.1025,51.6618,1.5
RX_3731,-0.1024,51.6617,1.5
RX_3732,-0.1023,51.6616,1.5
RX_3733,-0.1022,51.6615,1.5
RX_3734,-0.1021,51.6614,1.5
RX_3735,-0.102,51.6613,1.5
RX_3736,-0.1019,51.6612,1.5
RX_3737,-0.1018,51.6611,1.5
RX_3738,-0.1017,51.661,1.5
RX_3739,-0.1016,51.6609,1.5
RX_3740,-0.1015,51.6608,1.5
RX_3741,-0.1014,51.6607,1.5
RX_3742,-0.1013,51.6606,1.5
RX_3743,-0.1012,51.6605,1.5
RX_3744,-0.1011,51.6604,1.5
RX_3745,-0.101,51.6603,1.5
RX_3746,-0.1009,51.6602,1.5
RX_3747,-0.1008,51.6601,1.5
RX_3748,-0.1007,51.66,1.5
RX_3749,-0.1006,51.6599,1.5
RX_3750,-0.1005,51.6598,1.5
RX_3751,-0.1004,51.6597,1.5
RX_3752,-0.1003,51.6596,1.5
RX_3753,-0.1002,51.6596,1.5
RX_3754,-0.1001,51.6595,1.5
RX_3755,-0.1,51.6594,1.5
RX_3756,-0.0999,51.6593,1.5
RX_3757,-0.0999,51.6592,1.5
RX_3758,-0.0998,51.6591,1.5
RX_3759,-0.0997,51.659,1.5
RX_3760,-0.0996,51.6589,1.5
RX_3761,-0.0996,51.6588,1.5
RX_3762,-0.0995,51.6587,1.5
RX_3763,-0.0995,51.6586,1.5
RX_3764,-0.0994,51.6585,1.5
RX_3765,-0.0994,51.6583,1.5
RX_3766,-0.0993,51.6582,1.5
RX_3767,-0.0993,51.6581,1.5
RX_3768,-0.0992,51.658,1.5
RX_3769,-0.0992,51.6579,1.5
RX_3770,-0.0992,51.6578,1.5
RX_3771,-0.0991,51.6577,1.5
RX_3772,-0.0991,51.6576,1.5
RX_3773,-0.099,51.6575,1.5
RX_3774,-0.099,51.6574,1.5
RX_3775,-0.0989,51.6572,1.5
RX_3776,-0.0989,51.6571,1.5
RX_3777,-0.0989,51.657,1.5
RX_3778,-0.0988,51.6569,1.5
RX_3779,-0.0988,51.6568,1.5
RX_3780,-0.0987,51.6567,1.5
RX_3781,-0.0987,51.6566,1.5
RX_3782,-0.0986,51.6565,1.5
RX_3783,-0.0986,51.6563,1.5
RX_3784,-0.0985,51.6562,1.5
RX_3785,-0.0985,51.6561,1.5
RX_3786,-0.0985,51.656,1.5
RX_3787,-0.0984,51.6559,1.5
RX_3788,-0.0984,51.6558,1.5
RX_3789,-0.0983,51.6557,1.5
RX_3790,-0.0983,51.6556,1.5
RX_3791,-0.0982,51.6554,1.5
RX_3792,-0.0982,51.6553,1.5
RX_3793,-0.0981,51.6552,1.5
RX_3794,-0.0981,51.6551,1.5
RX_3795,-0.098,51.655,1.5
RX_3796,-0.098,51.6549,1.5
RX_3797,-0.098,51.6548,1.5
RX_3798,-0.0979,51.6547,1.5
RX_3799,-0.0979,51.6546,1.5
RX_3800,-0.0978,51.6544,1.5
RX_3801,-0.0978,51.6543,1.5
RX_3802,-0.0977,51.6542,1.5
RX_3803,-0.0976,51.654,1.5
RX_3804,-0.0975,51.654,1.5
RX_3805,-0.0974,51.6539,1.5
RX_3806,-0.0973,51.6539,1.5
RX_3807,-0.0971,51.6538,1.5
RX_3808,-0.0969,51.6538,1.5
RX_3809,-0.0967,51.6538,1.5
RX_3810,-0.0966,51.6538,1.5
RX_3811,-0.0964,51.6538,1.5
RX_3812,-0.0962,51.6538,1.5
RX_3813,-0.096,51.6537,1.5
RX_3814,-0.0958,51.6537,1.5
RX_3815,-0.0957,51.6537,1.5
RX_3816,-0.0955,51.6537,1.5
RX_3817,-0.0953,51.6537,1.5
RX_3818,-0.095,51.6537,1.5
RX_3819,-0.0948,51.6537,1.5
RX_3820,-0.0947,51.6537,1.5
RX_3821,-0.0945,51.6537,1.5
RX_3822,-0.0944,51.6537,1.5
RX_3823,-0.0942,51.6537,1.5
RX_3824,-0.094,51.6537,1.5
RX_3825,-0.0938,51.6537,1.5
RX_3826,-0.0936,51.6537,1.5
RX_3827,-0.0935,51.6537,1.5
RX_3828,-0.0933,51.6536,1.5
RX_3829,-0.0931,51.6536,1.5
RX_3830,-0.0929,51.6536,1.5
RX_3831,-0.0927,51.6536,1.5
RX_3832,-0.0925,51.6536,1.5
RX_3833,-0.0923,51.6536,1.5
RX_3834,-0.0922,51.6536,1.5
RX_3835,-0.092,51.6536,1.5
RX_3836,-0.0918,51.6536,1.5
RX_3837,-0.0916,51.6536,1.5
RX_3838,-0.0914,51.6536,1.5
RX_3839,-0.0912,51.6536,1.5
RX_3840,-0.0911,51.6536,1.5
RX_3841,-0.0909,51.6536,1.5
RX_3842,-0.0907,51.6536,1.5
RX_3843,-0.0905,51.6536,1.5
RX_3844,-0.0903,51.6536,1.5
RX_3845,-0.0902,51.6536,1.5
RX_3846,-0.09,51.6536,1.5
RX_3847,-0.0898,51.6536,1.5
RX_3848,-0.0896,51.6536,1.5
RX_3849,-0.0894,51.6536,1.5
RX_3850,-0.0892,51.6536,1.5
RX_3851,-0.089,51.6536,1.5
RX_3852,-0.0888,51.6536,1.5
RX_3853,-0.0885,51.6536,1.5
RX_3854,-0.0885,51.6536,1.5
RX_3855,-0.0884,51.6536,1.5
RX_3856,-0.0882,51.6535,1.5
RX_3857,-0.0881,51.6534,1.5
RX_3858,-0.088,51.6534,1.5
RX_3859,-0.0878,51.6533,1.5
RX_3860,-0.0877,51.6532,1.5
RX_3861,-0.0876,51.6531,1.5
RX_3862,-0.0874,51.653,1.5
RX_3863,-0.0873,51.653,1.5
RX_3864,-0.0872,51.6529,1.5
RX_3865,-0.087,51.6528,1.5
RX_3866,-0.0869,51.6527,1.5
RX_3867,-0.0868,51.6526,1.5
RX_3868,-0.0866,51.6525,1.5
RX_3869,-0.0865,51.6525,1.5
RX_3870,-0.0864,51.6524,1.5
RX_3871,-0.0862,51.6523,1.5
RX_3872,-0.086,51.6523,1.5
RX_3873,-0.0858,51.6522,1.5
RX_3874,-0.0857,51.6522,1.5
RX_3875,-0.0855,51.6522,1.5
RX_3876,-0.0853,51.6522,1.5
RX_3877,-0.0851,51.6522,1.5
RX_3878,-0.0849,51.6522,1.5
RX_3879,-0.0847,51.6522,1.5
RX_3880,-0.0846,51.6522,1.5
RX_3881,-0.0843,51.6522,1.5
RX_3882,-0.0841,51.6522,1.5
RX_3883,-0.084,51.6522,1.5
RX_3884,-0.0838,51.6521,1.5
RX_3885,-0.0837,51.6521,1.5
RX_3886,-0.0835,51.6521,1.5
RX_3887,-0.0833,51.6521,1.5
RX_3888,-0.0831,51.6521,1.5
RX_3889,-0.0829,51.6521,1.5
RX_3890,-0.0828,51.6521,1.5
RX_3891,-0.0826,51.6521,1.5
RX_3892,-0.0824,51.6521,1.5
RX_3893,-0.0821,51.6521,1.5
RX_3894,-0.082,51.6521,1.5
RX_3895,-0.0818,51.6521,1.5
RX_3896,-0.0816,51.6521,1.5
RX_3897,-0.0814,51.6521,1.5
RX_3898,-0.0813,51.6521,1.5
RX_3899,-0.0811,51.6522,1.5
RX_3900,-0.0809,51.6522,1.5
RX_3901,-0.0807,51.6522,1.5
RX_3902,-0.0804,51.6523,1.5
RX_3903,-0.0803,51.6523,1.5
RX_3904,-0.0801,51.6523,1.5
RX_3905,-0.0799,51.6523,1.5
RX_3906,-0.0798,51.6522,1.5
RX_3907,-0.0797,51.6521,1.5
RX_3908,-0.0797,51.6521,1.5
RX_3909,-0.0796,51.652,1.5
RX_3910,-0.0796,51.6519,1.5
RX_3911,-0.0795,51.6518,1.5
RX_3912,-0.0795,51.6517,1.5
RX_3913,-0.0794,51.6515,1.5
RX_3914,-0.0794,51.6514,1.5
RX_3915,-0.0794,51.6513,1.5
RX_3916,-0.0793,51.6512,1.5
RX_3917,-0.0793,51.6511,1.5
RX_3918,-0.0793,51.651,1.5
RX_3919,-0.0794,51.6508,1.5
RX_3920,-0.0795,51.6507,1.5
RX_3921,-0.0797,51.6507,1.5
RX_3922,-0.0798,51.6507,1.5
RX_3923,-0.08,51.6506,1.5
RX_3924,-0.0801,51.6505,1.5
RX_3925,-0.0802,51.6504,1.5
RX_3926,-0.0802,51.6503,1.5
RX_3927,-0.0802,51.6502,1.5
RX_3928,-0.0801,51.6501,1.5
RX_3929,-0.0801,51.65,1.5
RX_3930,-0.0801,51.6499,1.5
RX_3931,-0.0801,51.6498,1.5
RX_3932,-0.08,51.6496,1.5
RX_3933,-0.08,51.6495,1.5
RX_3934,-0.08,51.6494,1.5
RX_3935,-0.08,51.6493,1.5
RX_3936,-0.08,51.6492,1.5
RX_3937,-0.0799,51.6491,1.5
RX_3938,-0.0799,51.649,1.5
RX_3939,-0.0799,51.6488,1.5
RX_3940,-0.0799,51.6487,1.5
RX_3941,-0.0799,51.6486,1.5
RX_3942,-0.0798,51.6485,1.5
RX_3943,-0.0798,51.6484,1.5
RX_3944,-0.0798,51.6483,1.5
RX_3945,-0.0798,51.6481,1.5
RX_3946,-0.0797,51.648,1.5
RX_3947,-0.0797,51.6479,1.5
RX_3948,-0.0797,51.6478,1.5
RX_3949,-0.0797,51.6477,1.5
RX_3950,-0.0797,51.6476,1.5
RX_3951,-0.0796,51.6475,1.5
RX_3952,-0.0796,51.6474,1.5
RX_3953,-0.0796,51.6473,1.5
RX_3954,-0.0796,51.6471,1.5
RX_3955,-0.0796,51.647,1.5
RX_3956,-0.0797,51.6469,1.5
RX_3957,-0.0798,51.6468,1.5
RX_3958,-0.0798,51.6467,1.5
RX_3959,-0.0799,51.6466,1.5
RX_3960,-0.08,51.6466,1.5
RX_3961,-0.0801,51.6465,1.5
RX_3962,-0.0802,51.6464,1.5
RX_3963,-0.0803,51.6463,1.5
RX_3964,-0.0804,51.6462,1.5
RX_3965,-0.0805,51.6461,1.5
RX_3966,-0.0806,51.646,1.5
RX_3967,-0.0807,51.6459,1.5
RX_3968,-0.0808,51.6458,1.5
RX_3969,-0.0809,51.6457,1.5
RX_3970,-0.081,51.6456,1.5
RX_3971,-0.0811,51.6455,1.5
RX_3972,-0.0812,51.6454,1.5
RX_3973,-0.0813,51.6453,1.5
RX_3974,-0.0814,51.6452,1.5
RX_3975,-0.0815,51.6451,1.5
RX_3976,-0.0816,51.645,1.5
RX_3977,-0.0816,51.6449,1.5
RX_3978,-0.0816,51.6448,1.5
RX_3979,-0.0816,51.6447,1.5
RX_3980,-0.0815,51.6446,1.5
RX_3981,-0.0814,51.6445,1.5
RX_3982,-0.0813,51.6445,1.5
RX_3983,-0.0811,51.6444,1.5
RX_3984,-0.081,51.6443,1.5
RX_3985,-0.0809,51.6442,1.5
RX_3986,-0.0808,51.6441,1.5
RX_3987,-0.0807,51.644,1.5
RX_3988,-0.0806,51.6439,1.5
RX_3989,-0.0805,51.6438,1.5
RX_3990,-0.0805,51.6437,1.5
RX_3991,-0.0804,51.6436,1.5
RX_3992,-0.0803,51.6435,1.5
RX_3993,-0.0802,51.6434,1.5
RX_3994,-0.0801,51.6433,1.5
RX_3995,-0.0801,51.6432,1.5
RX_3996,-0.08,51.6431,1.5
RX_3997,-0.08,51.643,1.5
RX_3998,-0.08,51.6428,1.5
RX_3999,-0.0799,51.6427,1.5
RX_4000,-0.0799,51.6426,1.5
