name,lon,lat,local_measurement_dBm,path_loss_dB
RX_1,-0.098043,52.803119,-99.58,169.57999999999998
RX_2,-0.098037,52.80314,-99.44,169.44
RX_3,-0.098037,52.803153,-99.78,169.78
RX_4,-0.098038,52.803171,-99.64,169.64
RX_5,-0.09804,52.803195,-100.07,170.07
RX_6,-0.098039,52.80322,-100.01,170.01
RX_7,-0.098038,52.803248,-99.46,169.45999999999998
RX_8,-0.098039,52.80328,-98.12,168.12
RX_9,-0.098039,52.803317,-98.86,168.86
RX_10,-0.098039,52.803353,-98.16,168.16
RX_11,-0.098037,52.803387,-94.96,164.95999999999998
RX_12,-0.098033,52.803418,-88.97,158.97
RX_13,-0.09802,52.803438,-85.61,155.61
RX_14,-0.097995,52.803457,-86.14,156.14
RX_15,-0.097971,52.803468,-91.72,161.72
RX_16,-0.097944,52.803476,-95.54,165.54000000000002
RX_17,-0.09791,52.803482,-97.75,167.75
RX_18,-0.09786,52.80349,-96.95,166.95
RX_19,-0.097805,52.803497,-99.54,169.54000000000002
RX_20,-0.097737,52.803503,-96.79,166.79000000000002
RX_21,-0.097658,52.803508,-98.42,168.42000000000002
RX_22,-0.097623,52.803505,-102.07,172.07
RX_23,-0.097605,52.803502,-102.01,172.01
RX_24,-0.097584,52.803488,-100.64,170.64
RX_25,-0.09757,52.803472,-98.99,168.99
RX_26,-0.097558,52.803454,-99.06,169.06
RX_27,-0.097547,52.803425,-99.11,169.11
RX_28,-0.09754,52.8034,-98.39,168.39
RX_29,-0.097535,52.803375,-94.16,164.16
RX_30,-0.097533,52.803346,-99.21,169.20999999999998
RX_31,-0.097531,52.803324,-98.93,168.93
RX_32,-0.09753,52.803293,-100.08,170.07999999999998
RX_33,-0.09753,52.803271,-97.57,167.57
RX_34,-0.097531,52.803239,-100.41,170.41
RX_35,-0.097531,52.803214,-100.96,170.95999999999998
RX_36,-0.09753,52.803173,-100.01,170.01
RX_37,-0.097531,52.803137,-99.57,169.57
RX_38,-0.097527,52.803091,-100.29,170.29000000000002
RX_39,-0.097514,52.803054,-100.99,170.99
RX_40,-0.097497,52.80303,-103.01,173.01
RX_41,-0.097477,52.803011,-100.97,170.97
RX_42,-0.097444,52.802994,-102.18,172.18
RX_43,-0.097415,52.802987,-103.54,173.54000000000002
RX_44,-0.097377,52.802982,-102.34,172.34
RX_45,-0.097348,52.802984,-104.12,174.12
RX_46,-0.097307,52.802987,-103.79,173.79000000000002
RX_47,-0.097282,52.802989,-103.83,173.82999999999998
RX_48,-0.097241,52.802997,-105.4,175.4
RX_49,-0.097202,52.803004,-103.51,173.51
RX_50,-0.097173,52.80301,-101.66,171.66
RX_51,-0.097122,52.803021,-101.16,171.16
RX_52,-0.097072,52.803031,-101.02,171.01999999999998
RX_53,-0.097043,52.803036,-103.17,173.17000000000002
RX_54,-0.096993,52.803043,-105.31,175.31
RX_55,-0.096944,52.803051,-105.12,175.12
RX_56,-0.096917,52.803057,-103.94,173.94
RX_57,-0.096869,52.803069,-104.54,174.54000000000002
RX_58,-0.09682,52.803081,-105.84,175.84
RX_59,-0.096792,52.803088,-103.17,173.17000000000002
RX_60,-0.096739,52.803101,-105.44,175.44
RX_61,-0.096687,52.803114,-105.34,175.34
RX_62,-0.096658,52.803121,-104.26,174.26
RX_63,-0.096604,52.803133,-105.02,175.01999999999998
RX_64,-0.09655,52.803145,-106.65,176.65
RX_65,-0.096519,52.803152,-106.47,176.47
RX_66,-0.096465,52.803166,-106.39,176.39
RX_67,-0.096411,52.80318,-106.31,176.31
RX_68,-0.096379,52.803188,-105.43,175.43
RX_69,-0.096328,52.803202,-106.1,176.1
RX_70,-0.096277,52.803216,-106.41,176.41
RX_71,-0.096247,52.803225,-105.01,175.01
RX_72,-0.096193,52.803239,-102.98,172.98000000000002
RX_73,-0.096139,52.803253,-104.63,174.63
RX_74,-0.096108,52.803261,-105.5,175.5
RX_75,-0.096056,52.803277,-105.36,175.36
RX_76,-0.096003,52.803293,-105.81,175.81
RX_77,-0.095974,52.803302,-105.1,175.1
RX_78,-0.095925,52.803317,-104.8,174.8
RX_79,-0.095876,52.803331,-104.84,174.84
RX_80,-0.095848,52.80334,-105.83,175.82999999999998
RX_81,-0.095797,52.803355,-104.55,174.55
RX_82,-0.095746,52.80337,-104.96,174.95999999999998
RX_83,-0.095718,52.803378,-105.45,175.45
RX_84,-0.09567,52.803392,-105.63,175.63
RX_85,-0.095622,52.803405,-104.52,174.51999999999998
RX_86,-0.095595,52.803413,-104.79,174.79000000000002
RX_87,-0.095543,52.803427,-105.96,175.95999999999998
RX_88,-0.095491,52.803441,-105.34,175.34
RX_89,-0.095463,52.803448,-106.3,176.3
RX_90,-0.095417,52.803459,-105.94,175.94
RX_91,-0.095371,52.80347,-105.33,175.32999999999998
RX_92,-0.095327,52.80348,-106.25,176.25
RX_93,-0.095299,52.803488,-105.73,175.73000000000002
RX_94,-0.095251,52.803502,-105.36,175.36
RX_95,-0.095204,52.803516,-106.15,176.15
RX_96,-0.095181,52.803523,-106.22,176.22
RX_97,-0.095133,52.803536,-106.4,176.4
RX_98,-0.095085,52.803549,-105.71,175.70999999999998
RX_99,-0.095038,52.803562,-106.72,176.72
RX_100,-0.095017,52.803569,-105.25,175.25
RX_101,-0.094971,52.803582,-106.21,176.20999999999998
RX_102,-0.094925,52.803595,-106.24,176.24
RX_103,-0.094885,52.803607,-104.79,174.79000000000002
RX_104,-0.094859,52.803616,-105.26,175.26
RX_105,-0.094811,52.803632,-104.35,174.35
RX_106,-0.094764,52.803648,-104.91,174.91
RX_107,-0.094725,52.803662,-104.72,174.72
RX_108,-0.094696,52.803671,-104.09,174.09
RX_109,-0.094648,52.803686,-104.48,174.48000000000002
RX_110,-0.094601,52.803701,-102.6,172.6
RX_111,-0.094557,52.803715,-103.04,173.04000000000002
RX_112,-0.094533,52.803723,-104.76,174.76
RX_113,-0.094484,52.803738,-103.9,173.9
RX_114,-0.094436,52.803754,-105.79,175.79000000000002
RX_115,-0.094388,52.803769,-104.05,174.05
RX_116,-0.094368,52.803775,-104.59,174.59
RX_117,-0.094319,52.80379,-104.79,174.79000000000002
RX_118,-0.094271,52.803805,-103.84,173.84
RX_119,-0.094222,52.80382,-104.16,174.16
RX_120,-0.094203,52.803826,-103.77,173.76999999999998
RX_121,-0.094153,52.803843,-103.36,173.36
RX_122,-0.094103,52.803861,-100.4,170.4
RX_123,-0.094053,52.803878,-99.42,169.42000000000002
RX_124,-0.094025,52.803888,-99.84,169.84
RX_125,-0.093987,52.803904,-98.79,168.79000000000002
RX_126,-0.093941,52.803922,-100.88,170.88
RX_127,-0.093894,52.80394,-103.25,173.25
RX_128,-0.093853,52.803957,-102.01,172.01
RX_129,-0.093826,52.803968,-101.92,171.92000000000002
RX_130,-0.093776,52.803989,-104.27,174.26999999999998
RX_131,-0.093725,52.804011,-104.96,174.95999999999998
RX_132,-0.093687,52.804027,-104.95,174.95
RX_133,-0.093654,52.804041,-104.97,174.97
RX_134,-0.093607,52.804062,-105.19,175.19
RX_135,-0.093559,52.804084,-105.4,175.4
RX_136,-0.093527,52.804098,-104.84,174.84
RX_137,-0.093491,52.804116,-104.1,174.1
RX_138,-0.093446,52.804138,-104.75,174.75
RX_139,-0.093401,52.80416,-105.68,175.68
RX_140,-0.093379,52.80417,-104.6,174.6
RX_141,-0.093335,52.804192,-105.3,175.3
RX_142,-0.09329,52.804213,-105.54,175.54000000000002
RX_143,-0.093245,52.804235,-106.74,176.74
RX_144,-0.093217,52.804247,-105.08,175.07999999999998
RX_145,-0.093165,52.804271,-105.3,175.3
RX_146,-0.093112,52.804294,-105.02,175.01999999999998
RX_147,-0.093087,52.804306,-104.3,174.3
RX_148,-0.093044,52.804327,-103.94,173.94
RX_149,-0.093001,52.804348,-102.63,172.63
RX_150,-0.092978,52.804359,-100.42,170.42000000000002
RX_151,-0.092935,52.804381,-99.09,169.09
RX_152,-0.092893,52.804401,-98.07,168.07
RX_153,-0.092865,52.804415,-94.78,164.78
RX_154,-0.092827,52.804432,-95.92,165.92000000000002
RX_155,-0.092783,52.804451,-97.45,167.45
RX_156,-0.09274,52.80447,-94.1,164.1
RX_157,-0.092717,52.804479,-95.31,165.31
RX_158,-0.092676,52.804496,-92.57,162.57
RX_159,-0.092634,52.804513,-93.03,163.03
RX_160,-0.092612,52.804522,-94.62,164.62
RX_161,-0.092568,52.804539,-95.9,165.9
RX_162,-0.092524,52.804557,-92.29,162.29000000000002
RX_163,-0.092479,52.804574,-91.7,161.7
RX_164,-0.092459,52.804583,-92.07,162.07
RX_165,-0.092417,52.804601,-95.11,165.11
RX_166,-0.092376,52.804619,-95.54,165.54000000000002
RX_167,-0.092335,52.804637,-95.1,165.1
RX_168,-0.092317,52.804645,-94.85,164.85
RX_169,-0.092277,52.804664,-94.42,164.42000000000002
RX_170,-0.092238,52.804683,-97.3,167.3
RX_171,-0.092199,52.804702,-98.15,168.15
RX_172,-0.092183,52.80471,-99.09,169.09
RX_173,-0.092144,52.804732,-98.25,168.25
RX_174,-0.092104,52.804754,-98.91,168.91
RX_175,-0.092064,52.804776,-97.02,167.01999999999998
RX_176,-0.092048,52.804784,-98.8,168.8
RX_177,-0.092009,52.804807,-99.5,169.5
RX_178,-0.09197,52.80483,-97.49,167.49
RX_179,-0.091931,52.804853,-95.01,165.01
RX_180,-0.091905,52.804868,-96.04,166.04000000000002
RX_181,-0.091876,52.804884,-98.55,168.55
RX_182,-0.091835,52.804907,-100.6,170.6
RX_183,-0.091795,52.804928,-95.32,165.32
RX_184,-0.091755,52.80495,-94.53,164.53
RX_185,-0.091738,52.804959,-98.39,168.39
RX_186,-0.091695,52.804982,-97.7,167.7
RX_187,-0.091653,52.805005,-100.78,170.78
RX_188,-0.091609,52.805028,-100.11,170.11
RX_189,-0.091593,52.805037,-99.58,169.57999999999998
RX_190,-0.09155,52.805058,-101.68,171.68
RX_191,-0.091507,52.805079,-101.66,171.66
RX_192,-0.091465,52.8051,-103.32,173.32
RX_193,-0.091445,52.80511,-105.28,175.28
RX_194,-0.091407,52.805128,-103.62,173.62
RX_195,-0.091364,52.805148,-102.16,172.16
RX_196,-0.091322,52.805168,-101.26,171.26
RX_197,-0.091282,52.805187,-99.93,169.93
RX_198,-0.091262,52.805195,-96.46,166.45999999999998
RX_199,-0.091217,52.805214,-95.9,165.9
RX_200,-0.091172,52.805234,-97.62,167.62
RX_201,-0.091127,52.805253,-96.54,166.54000000000002
RX_202,-0.09111,52.80526,-98.1,168.1
RX_203,-0.091062,52.805275,-97.05,167.05
RX_204,-0.091013,52.805291,-97.46,167.45999999999998
RX_205,-0.090964,52.805307,-97.62,167.62
RX_206,-0.090923,52.80532,-94.76,164.76
RX_207,-0.090897,52.805327,-94.74,164.74
RX_208,-0.090847,52.80534,-94.74,164.74
RX_209,-0.090797,52.805352,-94.37,164.37
RX_210,-0.090748,52.805365,-96.9,166.9
RX_211,-0.090728,52.80537,-91.34,161.34
RX_212,-0.090678,52.805379,-94.15,164.15
RX_213,-0.090627,52.805388,-92.31,162.31
RX_214,-0.090575,52.805397,-88.54,158.54000000000002
RX_215,-0.090527,52.805405,-88.34,158.34
RX_216,-0.090505,52.805408,-92.11,162.11
RX_217,-0.090453,52.805414,-92.16,162.16
RX_218,-0.090401,52.805421,-92.02,162.01999999999998
RX_219,-0.090348,52.805428,-89.68,159.68
RX_220,-0.090318,52.805432,-91.93,161.93
RX_221,-0.090273,52.805436,-92.97,162.97
RX_222,-0.090218,52.805441,-92.56,162.56
RX_223,-0.090162,52.805446,-93.73,163.73000000000002
RX_224,-0.090107,52.805451,-92.99,162.99
RX_225,-0.090088,52.805453,-92.13,162.13
RX_226,-0.090033,52.805458,-90.02,160.01999999999998
RX_227,-0.089979,52.805463,-92.88,162.88
RX_228,-0.089925,52.805469,-86.89,156.89
RX_229,-0.089892,52.805472,-81.22,151.22
RX_230,-0.08985,52.805477,-83.76,153.76
RX_231,-0.089794,52.805484,-87.77,157.76999999999998
RX_232,-0.089737,52.805491,-86.24,156.24
RX_233,-0.089681,52.805497,-80.16,150.16
RX_234,-0.089661,52.8055,-81.19,151.19
RX_235,-0.089605,52.805508,-86.44,156.44
RX_236,-0.089548,52.805515,-91.34,161.34
RX_237,-0.089491,52.805523,-93.13,163.13
RX_238,-0.089462,52.805527,-93.58,163.57999999999998
RX_239,-0.089419,52.805535,-96.22,166.22
RX_240,-0.089367,52.805546,-94.61,164.61
RX_241,-0.089316,52.805557,-93.61,163.61
RX_242,-0.089265,52.805567,-97.37,167.37
RX_243,-0.089247,52.805571,-96.23,166.23000000000002
RX_244,-0.089196,52.805584,-96.35,166.35
RX_245,-0.089144,52.805597,-97.15,167.15
RX_246,-0.089093,52.805609,-96.34,166.34
RX_247,-0.089057,52.805618,-94.52,164.51999999999998
RX_248,-0.089024,52.805627,-94.86,164.86
RX_249,-0.088975,52.805641,-96.79,166.79000000000002
RX_250,-0.088926,52.805655,-97.72,167.72
RX_251,-0.088877,52.805668,-97.17,167.17000000000002
RX_252,-0.088859,52.805673,-92.62,162.62
RX_253,-0.088811,52.805688,-96.91,166.91
RX_254,-0.088762,52.805704,-96.33,166.32999999999998
RX_255,-0.088713,52.805719,-96.47,166.47
RX_256,-0.088664,52.805735,-93.86,163.86
RX_257,-0.088647,52.805741,-94.95,164.95
RX_258,-0.088598,52.805759,-94.7,164.7
RX_259,-0.088548,52.805776,-93.64,163.64
RX_260,-0.088498,52.805794,-90.88,160.88
RX_261,-0.088463,52.805807,-89.25,159.25
RX_262,-0.088433,52.805818,-90.42,160.42000000000002
RX_263,-0.088386,52.805836,-91.91,161.91
RX_264,-0.088339,52.805854,-93.23,163.23000000000002
RX_265,-0.088292,52.805871,-90.46,160.45999999999998
RX_266,-0.088273,52.805878,-91.7,161.7
RX_267,-0.088232,52.805895,-91.46,161.45999999999998
RX_268,-0.088187,52.805913,-90.26,160.26
RX_269,-0.088143,52.805931,-94.24,164.24
RX_270,-0.088098,52.805948,-94.77,164.76999999999998
RX_271,-0.088082,52.805955,-90.29,160.29000000000002
RX_272,-0.088036,52.805973,-93.59,163.59
RX_273,-0.087989,52.805992,-92.73,162.73000000000002
RX_274,-0.087941,52.806011,-91.06,161.06
RX_275,-0.087893,52.80603,-93.11,163.11
RX_276,-0.087879,52.806035,-91.57,161.57
RX_277,-0.087835,52.806052,-93.65,163.65
RX_278,-0.087792,52.806069,-101.35,171.35
RX_279,-0.087747,52.806086,-98.3,168.3
RX_280,-0.087702,52.806104,-98.09,168.09
RX_281,-0.087687,52.806109,-97.87,167.87
RX_282,-0.087639,52.806126,-98.49,168.49
RX_283,-0.087591,52.806144,-99.78,169.78
RX_284,-0.087544,52.806161,-99.01,169.01
RX_285,-0.087497,52.806178,-99.11,169.11
RX_286,-0.087483,52.806183,-98.7,168.7
RX_287,-0.087435,52.806201,-98.74,168.74
RX_288,-0.087386,52.806219,-95.02,165.01999999999998
RX_289,-0.087337,52.806238,-95.61,165.61
RX_290,-0.08729,52.806255,-96.7,166.7
RX_291,-0.087275,52.80626,-98.77,168.76999999999998
RX_292,-0.087228,52.806277,-99.43,169.43
RX_293,-0.087181,52.806294,-99.31,169.31
RX_294,-0.087134,52.80631,-100.68,170.68
RX_295,-0.087087,52.806327,-98.7,168.7
RX_296,-0.087073,52.806332,-99.45,169.45
RX_297,-0.087028,52.806348,-100.83,170.82999999999998
RX_298,-0.086982,52.806364,-99.56,169.56
RX_299,-0.086936,52.806381,-101.14,171.14
RX_300,-0.086889,52.806398,-102.1,172.1
RX_301,-0.086873,52.806403,-101.01,171.01
RX_302,-0.086822,52.806423,-100.82,170.82
RX_303,-0.08677,52.806442,-101.02,171.01999999999998
RX_304,-0.086718,52.806462,-101.34,171.34
RX_305,-0.086687,52.806473,-101.45,171.45
RX_306,-0.086652,52.806486,-103.1,173.1
RX_307,-0.086605,52.806504,-105.07,175.07
RX_308,-0.086557,52.806523,-104.26,174.26
RX_309,-0.086509,52.806541,-104.14,174.14
RX_310,-0.086493,52.806547,-101.76,171.76
RX_311,-0.086443,52.806566,-104.7,174.7
RX_312,-0.086394,52.806585,-105.56,175.56
RX_313,-0.086344,52.806604,-107.18,177.18
RX_314,-0.086303,52.80662,-107.13,177.13
RX_315,-0.086279,52.806631,-106.79,176.79000000000002
RX_316,-0.086234,52.80665,-107.42,177.42000000000002
RX_317,-0.086188,52.80667,-107.43,177.43
RX_318,-0.086143,52.80669,-107.65,177.65
RX_319,-0.086123,52.806698,-106.58,176.57999999999998
RX_320,-0.086079,52.80672,-106.49,176.49
RX_321,-0.086033,52.806743,-106.49,176.49
RX_322,-0.085986,52.806766,-107.58,177.57999999999998
RX_323,-0.085955,52.806782,-107.12,177.12
RX_324,-0.085929,52.806797,-106.63,176.63
RX_325,-0.085893,52.806819,-107.28,177.28
RX_326,-0.085856,52.806841,-107.89,177.89
RX_327,-0.08582,52.806863,-106.22,176.22
RX_328,-0.085805,52.806872,-107.11,177.11
RX_329,-0.085769,52.8069,-107.58,177.57999999999998
RX_330,-0.085732,52.806929,-107.09,177.09
RX_331,-0.085695,52.806958,-107.02,177.01999999999998
RX_332,-0.085678,52.806972,-106.32,176.32
RX_333,-0.08565,52.806998,-106.13,176.13
RX_334,-0.08562,52.807027,-106.21,176.20999999999998
RX_335,-0.08559,52.807055,-106.78,176.78
RX_336,-0.085568,52.807075,-107.05,177.05
RX_337,-0.085547,52.807095,-106.39,176.39
RX_338,-0.085517,52.807125,-106.84,176.84
RX_339,-0.085487,52.807154,-106.52,176.51999999999998
RX_340,-0.085462,52.807178,-106.88,176.88
RX_341,-0.08544,52.807196,-107.29,177.29000000000002
RX_342,-0.085405,52.807224,-106.97,176.97
RX_343,-0.08537,52.807253,-106.45,176.45
RX_344,-0.085347,52.807272,-106.29,176.29000000000002
RX_345,-0.085317,52.807295,-106.83,176.82999999999998
RX_346,-0.085282,52.807324,-105.91,175.91
RX_347,-0.085246,52.807352,-106.15,176.15
RX_348,-0.085229,52.807365,-106.35,176.35
RX_349,-0.085194,52.807389,-106.21,176.20999999999998
RX_350,-0.085158,52.807412,-106.31,176.31
RX_351,-0.085122,52.807435,-105.19,175.19
RX_352,-0.085106,52.807445,-105.27,175.26999999999998
RX_353,-0.085065,52.807469,-105.88,175.88
RX_354,-0.085023,52.807492,-106.04,176.04000000000002
RX_355,-0.084982,52.807515,-105.1,175.1
RX_356,-0.084965,52.807525,-106.56,176.56
RX_357,-0.084928,52.807547,-106.07,176.07
RX_358,-0.084891,52.807568,-106.98,176.98000000000002
RX_359,-0.084854,52.807588,-106.38,176.38
RX_360,-0.084839,52.807597,-105.86,175.86
RX_361,-0.084802,52.807621,-105.64,175.64
RX_362,-0.084765,52.807645,-105.03,175.03
RX_363,-0.084729,52.807668,-105.32,175.32
RX_364,-0.08471,52.80768,-104.87,174.87
RX_365,-0.084675,52.8077,-105.92,175.92000000000002
RX_366,-0.084636,52.807722,-106.61,176.61
RX_367,-0.084597,52.807744,-106.12,176.12
RX_368,-0.084568,52.80776,-105.76,175.76
RX_369,-0.08454,52.807776,-104.69,174.69
RX_370,-0.084499,52.8078,-106.0,176.0
RX_371,-0.084459,52.807824,-106.33,176.32999999999998
RX_372,-0.084433,52.807838,-104.88,174.88
RX_373,-0.084403,52.807858,-106.63,176.63
RX_374,-0.084365,52.807882,-105.55,175.55
RX_375,-0.084327,52.807906,-104.28,174.28
RX_376,-0.084297,52.807925,-105.2,175.2
RX_377,-0.084271,52.80794,-106.19,176.19
RX_378,-0.08423,52.807964,-105.75,175.75
RX_379,-0.08419,52.807988,-104.8,174.8
RX_380,-0.084158,52.808007,-105.06,175.06
RX_381,-0.084131,52.80802,-105.61,175.61
RX_382,-0.084088,52.808041,-105.32,175.32
RX_383,-0.084045,52.808061,-106.39,176.39
RX_384,-0.084007,52.80808,-106.15,176.15
RX_385,-0.083983,52.808091,-106.14,176.14
RX_386,-0.083937,52.808113,-104.97,174.97
RX_387,-0.083892,52.808135,-104.85,174.85
RX_388,-0.083847,52.808157,-104.44,174.44
RX_389,-0.083826,52.808166,-103.58,173.57999999999998
RX_390,-0.083779,52.808186,-103.33,173.32999999999998
RX_391,-0.083732,52.808206,-104.69,174.69
RX_392,-0.083692,52.808223,-104.58,174.57999999999998
RX_393,-0.083664,52.808233,-105.41,175.41
RX_394,-0.083614,52.808249,-104.04,174.04000000000002
RX_395,-0.083565,52.808266,-103.88,173.88
RX_396,-0.083517,52.808282,-104.81,174.81
RX_397,-0.083495,52.808288,-105.22,175.22
RX_398,-0.083446,52.808303,-105.38,175.38
RX_399,-0.083397,52.808317,-106.09,176.09
RX_400,-0.083348,52.808332,-106.72,176.72
RX_401,-0.083328,52.808339,-105.43,175.43
RX_402,-0.083282,52.808356,-105.06,175.06
RX_403,-0.083235,52.808374,-102.8,172.8
RX_404,-0.083189,52.808391,-104.26,174.26
RX_405,-0.083168,52.808398,-103.71,173.70999999999998
RX_406,-0.083117,52.808415,-103.43,173.43
RX_407,-0.083065,52.808432,-102.44,172.44
RX_408,-0.083014,52.808448,-104.14,174.14
RX_409,-0.08299,52.808456,-103.92,173.92000000000002
RX_410,-0.082938,52.808471,-103.65,173.65
RX_411,-0.082885,52.808487,-105.59,175.59
RX_412,-0.082843,52.8085,-106.1,176.1
RX_413,-0.082807,52.808512,-105.77,175.76999999999998
RX_414,-0.082754,52.808529,-105.55,175.55
RX_415,-0.082699,52.808546,-105.77,175.76999999999998
RX_416,-0.082668,52.808557,-104.19,174.19
RX_417,-0.082611,52.808576,-105.81,175.81
RX_418,-0.082551,52.808596,-104.53,174.53
RX_419,-0.082518,52.808608,-105.13,175.13
RX_420,-0.082465,52.808631,-103.9,173.9
RX_421,-0.082411,52.808653,-105.02,175.01999999999998
RX_422,-0.082384,52.808665,-104.02,174.01999999999998
RX_423,-0.082342,52.808685,-104.7,174.7
RX_424,-0.0823,52.808705,-104.82,174.82
RX_425,-0.082277,52.80872,-103.97,173.97
RX_426,-0.08224,52.808745,-105.3,175.3
RX_427,-0.082212,52.808763,-104.89,174.89
RX_428,-0.082184,52.808783,-104.66,174.66
RX_429,-0.08215,52.808808,-105.45,175.45
RX_430,-0.082127,52.808825,-105.06,175.06
RX_431,-0.082102,52.808847,-105.25,175.25
RX_432,-0.082074,52.808872,-104.58,174.57999999999998
RX_433,-0.082053,52.808892,-105.79,175.79000000000002
RX_434,-0.082034,52.808915,-106.37,176.37
RX_435,-0.082011,52.808945,-105.54,175.54000000000002
RX_436,-0.081988,52.808973,-106.88,176.88
RX_437,-0.081977,52.808993,-106.11,176.11
RX_438,-0.081957,52.809026,-107.25,177.25
RX_439,-0.081936,52.809059,-107.35,177.35
RX_440,-0.081927,52.809078,-107.5,177.5
RX_441,-0.081911,52.809111,-107.34,177.34
RX_442,-0.081894,52.809146,-106.92,176.92000000000002
RX_443,-0.081881,52.809174,-106.2,176.2
RX_444,-0.081858,52.809225,-106.92,176.92000000000002
RX_445,-0.081842,52.809269,-106.77,176.76999999999998
RX_446,-0.081817,52.809357,-107.01,177.01
RX_447,-0.08181,52.809373,-106.08,176.07999999999998
RX_448,-0.081802,52.809439,-105.89,175.89
RX_449,-0.081805,52.80944,-104.88,174.88
RX_450,-0.0818,52.809448,-104.93,174.93
RX_451,-0.081792,52.809457,-104.1,174.1
RX_452,-0.081775,52.80947,-105.21,175.20999999999998
RX_453,-0.081754,52.809479,-105.13,175.13
RX_454,-0.081716,52.809491,-105.16,175.16
RX_455,-0.081683,52.809496,-105.33,175.32999999999998
RX_456,-0.081636,52.809501,-105.39,175.39
RX_457,-0.081605,52.809501,-105.7,175.7
RX_458,-0.081561,52.809498,-105.32,175.32
RX_459,-0.08153,52.809497,-105.47,175.47
RX_460,-0.081492,52.80949,-105.23,175.23000000000002
RX_461,-0.081451,52.809483,-105.3,175.3
RX_462,-0.081423,52.809478,-104.08,174.07999999999998
RX_463,-0.081391,52.809471,-104.78,174.78
RX_464,-0.081352,52.809462,-105.54,175.54000000000002
RX_465,-0.081315,52.809453,-104.98,174.98000000000002
RX_466,-0.081299,52.80945,-104.76,174.76
RX_467,-0.081257,52.80944,-104.84,174.84
RX_468,-0.081215,52.809431,-103.74,173.74
RX_469,-0.081174,52.809422,-103.47,173.47
RX_470,-0.081148,52.809417,-97.81,167.81
RX_471,-0.081109,52.809407,-100.12,170.12
RX_472,-0.081059,52.809395,-100.28,170.28
RX_473,-0.08101,52.809383,-101.4,171.4
RX_474,-0.080968,52.809373,-100.67,170.67000000000002
RX_475,-0.08094,52.809366,-101.02,171.01999999999998
RX_476,-0.08089,52.809354,-103.73,173.73000000000002
RX_477,-0.08084,52.809341,-100.74,170.74
RX_478,-0.080791,52.809329,-104.31,174.31
RX_479,-0.080774,52.809325,-105.41,175.41
RX_480,-0.080726,52.809312,-105.56,175.56
RX_481,-0.080679,52.809301,-106.37,176.37
RX_482,-0.080632,52.809289,-106.19,176.19
RX_483,-0.080587,52.809277,-105.27,175.26999999999998
RX_484,-0.080573,52.809274,-104.97,174.97
RX_485,-0.080525,52.809262,-105.87,175.87
RX_486,-0.080479,52.80925,-105.73,175.73000000000002
RX_487,-0.080433,52.809239,-105.58,175.57999999999998
RX_488,-0.080388,52.809227,-106.24,176.24
RX_489,-0.080365,52.809222,-104.73,174.73000000000002
RX_490,-0.080331,52.809212,-105.03,175.03
RX_491,-0.080284,52.809199,-105.56,175.56
RX_492,-0.080238,52.809186,-105.61,175.61
RX_493,-0.080192,52.809173,-105.62,175.62
RX_494,-0.080147,52.809161,-105.75,175.75
RX_495,-0.080133,52.809157,-104.98,174.98000000000002
RX_496,-0.080091,52.809143,-105.95,175.95
RX_497,-0.080043,52.809128,-105.63,175.63
RX_498,-0.079994,52.809112,-105.55,175.55
RX_499,-0.079944,52.809096,-103.95,173.95
RX_500,-0.079895,52.80908,-104.01,174.01
RX_501,-0.079887,52.809078,-103.81,173.81
RX_502,-0.079836,52.809061,-105.03,175.03
RX_503,-0.079786,52.809044,-104.97,174.97
RX_504,-0.079735,52.809027,-104.99,174.99
RX_505,-0.079684,52.80901,-103.63,173.63
RX_506,-0.079635,52.808993,-103.21,173.20999999999998
RX_507,-0.079624,52.808989,-102.7,172.7
RX_508,-0.079575,52.808973,-101.28,171.28
RX_509,-0.079527,52.808956,-101.7,171.7
RX_510,-0.079478,52.808939,-98.36,168.36
RX_511,-0.07943,52.808923,-97.78,167.78
RX_512,-0.079382,52.808907,-98.67,168.67000000000002
RX_513,-0.079373,52.808904,-102.22,172.22
RX_514,-0.079325,52.808886,-100.57,170.57
RX_515,-0.079276,52.808868,-100.11,170.11
RX_516,-0.079228,52.808851,-100.45,170.45
RX_517,-0.07918,52.808834,-102.09,172.09
RX_518,-0.079133,52.808817,-100.13,170.13
RX_519,-0.079126,52.808814,-99.1,169.1
RX_520,-0.07908,52.808796,-102.01,172.01
RX_521,-0.079034,52.808779,-101.8,171.8
RX_522,-0.078988,52.808762,-101.55,171.55
RX_523,-0.078943,52.808745,-98.7,168.7
RX_524,-0.078895,52.808727,-100.72,170.72
RX_525,-0.078882,52.808722,-101.53,171.53
RX_526,-0.078842,52.808707,-100.14,170.14
RX_527,-0.078796,52.808689,-99.66,169.66
RX_528,-0.078749,52.808671,-99.31,169.31
RX_529,-0.078702,52.808653,-100.77,170.76999999999998
RX_530,-0.078654,52.808635,-100.52,170.51999999999998
RX_531,-0.078627,52.808625,-101.37,171.37
RX_532,-0.078599,52.808614,-101.16,171.16
RX_533,-0.07855,52.808596,-100.62,170.62
RX_534,-0.0785,52.808577,-96.94,166.94
RX_535,-0.078452,52.808559,-100.58,170.57999999999998
RX_536,-0.078403,52.80854,-97.43,167.43
RX_537,-0.078368,52.808527,-98.54,168.54000000000002
RX_538,-0.078351,52.80852,-98.22,168.22
RX_539,-0.078304,52.808501,-97.47,167.47
RX_540,-0.078259,52.808482,-96.79,166.79000000000002
RX_541,-0.078211,52.808463,-92.32,162.32
RX_542,-0.078165,52.808444,-91.43,161.43
RX_543,-0.078118,52.808425,-92.31,162.31
RX_544,-0.078111,52.808423,-92.54,162.54000000000002
RX_545,-0.078061,52.808404,-93.21,163.20999999999998
RX_546,-0.07801,52.808386,-94.96,164.95999999999998
RX_547,-0.07796,52.808367,-96.01,166.01
RX_548,-0.07791,52.808349,-95.63,165.63
RX_549,-0.07786,52.808331,-97.51,167.51
RX_550,-0.077848,52.808327,-96.56,166.56
RX_551,-0.077804,52.80831,-98.4,168.4
RX_552,-0.077755,52.808292,-94.57,164.57
RX_553,-0.077706,52.808274,-93.72,163.72
RX_554,-0.077658,52.808256,-95.82,165.82
RX_555,-0.07761,52.808238,-88.72,158.72
RX_556,-0.077588,52.80823,-90.06,160.06
RX_557,-0.077558,52.808219,-90.27,160.26999999999998
RX_558,-0.07751,52.808202,-90.58,160.57999999999998
RX_559,-0.077462,52.808185,-89.2,159.2
RX_560,-0.077415,52.808168,-89.92,159.92000000000002
RX_561,-0.077367,52.808151,-88.76,158.76
RX_562,-0.077328,52.808137,-89.32,159.32
RX_563,-0.077315,52.808131,-90.29,160.29000000000002
RX_564,-0.077269,52.808113,-93.11,163.11
RX_565,-0.077221,52.808095,-88.34,158.34
RX_566,-0.077174,52.808077,-87.34,157.34
RX_567,-0.077126,52.808058,-87.59,157.59
RX_568,-0.077079,52.80804,-89.25,159.25
RX_569,-0.077067,52.808035,-90.85,160.85
RX_570,-0.077025,52.808019,-89.9,159.9
RX_571,-0.076977,52.808002,-90.46,160.45999999999998
RX_572,-0.076928,52.807983,-90.1,160.1
RX_573,-0.076878,52.807965,-91.61,161.61
RX_574,-0.076828,52.807946,-91.68,161.68
RX_575,-0.076793,52.807933,-92.83,162.82999999999998
RX_576,-0.076769,52.807924,-89.43,159.43
RX_577,-0.076712,52.807904,-88.85,158.85
RX_578,-0.076657,52.807883,-86.82,156.82
RX_579,-0.076601,52.807863,-88.8,158.8
RX_580,-0.076546,52.807843,-88.09,158.09
RX_581,-0.07652,52.807833,-87.4,157.4
RX_582,-0.076486,52.807822,-89.76,159.76
RX_583,-0.076436,52.807805,-95.36,165.36
RX_584,-0.076387,52.807788,-93.18,163.18
RX_585,-0.076339,52.807771,-92.98,162.98000000000002
RX_586,-0.07629,52.807754,-93.91,163.91
RX_587,-0.076253,52.807742,-93.95,163.95
RX_588,-0.076234,52.807735,-95.01,165.01
RX_589,-0.076181,52.807719,-92.31,162.31
RX_590,-0.076128,52.807702,-88.06,158.06
RX_591,-0.076075,52.807685,-90.58,160.57999999999998
RX_592,-0.076022,52.807668,-94.33,164.32999999999998
RX_593,-0.07598,52.807655,-96.28,166.28
RX_594,-0.075962,52.80765,-94.0,164.0
RX_595,-0.075909,52.807634,-94.01,164.01
RX_596,-0.075857,52.807618,-92.95,162.95
RX_597,-0.075804,52.807603,-95.2,165.2
RX_598,-0.075751,52.807587,-94.96,164.95999999999998
RX_599,-0.075705,52.807573,-97.17,167.17000000000002
RX_600,-0.07569,52.807569,-95.79,165.79000000000002
RX_601,-0.075635,52.807552,-93.86,163.86
RX_602,-0.075582,52.807536,-89.65,159.65
RX_603,-0.075529,52.80752,-88.13,158.13
RX_604,-0.075474,52.807504,-88.03,158.03
RX_605,-0.075433,52.807492,-88.64,158.64
RX_606,-0.07541,52.807486,-86.5,156.5
RX_607,-0.075357,52.807472,-83.4,153.4
RX_608,-0.075302,52.807457,-85.95,155.95
RX_609,-0.075247,52.807443,-86.0,156.0
RX_610,-0.075193,52.807429,-86.77,156.76999999999998
RX_611,-0.075167,52.807422,-90.55,160.55
RX_612,-0.07513,52.807412,-88.74,158.74
RX_613,-0.075078,52.807399,-91.88,161.88
RX_614,-0.075028,52.807385,-91.96,161.95999999999998
RX_615,-0.074977,52.807372,-94.57,164.57
RX_616,-0.074925,52.807359,-95.77,165.76999999999998
RX_617,-0.074912,52.807355,-91.55,161.55
RX_618,-0.074856,52.807342,-96.67,166.67000000000002
RX_619,-0.074801,52.807329,-95.66,165.66
RX_620,-0.074746,52.807317,-90.87,160.87
RX_621,-0.07469,52.807303,-92.65,162.65
RX_622,-0.074647,52.807293,-94.25,164.25
RX_623,-0.074624,52.807288,-93.66,163.66
RX_624,-0.074571,52.807277,-90.01,160.01
RX_625,-0.074518,52.807265,-89.7,159.7
RX_626,-0.074464,52.807253,-92.03,162.03
RX_627,-0.07441,52.807241,-91.53,161.53
RX_628,-0.074388,52.807237,-91.46,161.45999999999998
RX_629,-0.074346,52.807227,-90.22,160.22
RX_630,-0.074296,52.807215,-88.32,158.32
RX_631,-0.074245,52.807203,-90.9,160.9
RX_632,-0.074194,52.807191,-90.7,160.7
RX_633,-0.074144,52.807179,-94.48,164.48000000000002
RX_634,-0.074132,52.807177,-94.82,164.82
RX_635,-0.074079,52.807165,-95.18,165.18
RX_636,-0.074025,52.807154,-97.77,167.76999999999998
RX_637,-0.073972,52.807142,-96.19,166.19
RX_638,-0.07392,52.807131,-97.98,167.98000000000002
RX_639,-0.073893,52.807125,-95.83,165.82999999999998
RX_640,-0.073856,52.807117,-96.41,166.41
RX_641,-0.073804,52.807106,-97.62,167.62
RX_642,-0.073752,52.807096,-98.1,168.1
RX_643,-0.073699,52.807084,-99.08,169.07999999999998
RX_644,-0.073646,52.807074,-100.78,170.78
RX_645,-0.073633,52.807071,-99.54,169.54000000000002
RX_646,-0.073578,52.807059,-98.92,168.92000000000002
RX_647,-0.073523,52.807047,-101.51,171.51
RX_648,-0.073469,52.807036,-100.02,170.01999999999998
RX_649,-0.073415,52.807024,-98.21,168.20999999999998
RX_650,-0.073397,52.80702,-96.96,166.95999999999998
RX_651,-0.073351,52.80701,-97.94,167.94
RX_652,-0.073302,52.806999,-99.52,169.51999999999998
RX_653,-0.073252,52.806988,-100.79,170.79000000000002
RX_654,-0.073202,52.806977,-100.56,170.56
RX_655,-0.073157,52.806967,-97.5,167.5
RX_656,-0.073141,52.806963,-91.83,161.82999999999998
RX_657,-0.073089,52.806951,-90.49,160.49
RX_658,-0.073037,52.80694,-92.46,162.45999999999998
RX_659,-0.072986,52.806928,-91.99,161.99
RX_660,-0.072934,52.806917,-91.76,161.76
RX_661,-0.072905,52.80691,-90.07,160.07
RX_662,-0.072872,52.806903,-87.53,157.53
RX_663,-0.07282,52.806891,-86.85,156.85
RX_664,-0.072768,52.80688,-85.26,155.26
RX_665,-0.072717,52.806869,-84.12,154.12
RX_666,-0.072666,52.806858,-85.64,155.64
RX_667,-0.072653,52.806855,-88.73,158.73000000000002
RX_668,-0.072605,52.806845,-88.8,158.8
RX_669,-0.072554,52.806834,-88.86,158.86
RX_670,-0.072502,52.806823,-87.07,157.07
RX_671,-0.072451,52.806812,-86.19,156.19
RX_672,-0.0724,52.806801,-89.49,159.49
RX_673,-0.07239,52.806798,-93.65,163.65
RX_674,-0.072337,52.806787,-99.64,169.64
RX_675,-0.072284,52.806775,-101.82,171.82
RX_676,-0.072232,52.806764,-100.67,170.67000000000002
RX_677,-0.072179,52.806752,-97.88,167.88
RX_678,-0.07214,52.806743,-101.55,171.55
RX_679,-0.072112,52.806737,-102.37,172.37
RX_680,-0.072055,52.806724,-103.33,173.32999999999998
RX_681,-0.071998,52.806711,-104.2,174.2
RX_682,-0.071943,52.806699,-104.14,174.14
RX_683,-0.071885,52.806686,-103.95,173.95
RX_684,-0.071872,52.806683,-104.5,174.5
RX_685,-0.071822,52.806671,-101.25,171.25
RX_686,-0.07177,52.80666,-94.22,164.22
RX_687,-0.071719,52.806648,-91.65,161.65
RX_688,-0.071668,52.806637,-99.93,169.93
RX_689,-0.071632,52.806628,-104.5,174.5
RX_690,-0.071604,52.806623,-104.97,174.97
RX_691,-0.071551,52.806612,-104.88,174.88
RX_692,-0.071498,52.806601,-103.51,173.51
RX_693,-0.071445,52.806589,-104.03,174.03
RX_694,-0.071391,52.806578,-105.42,175.42000000000002
RX_695,-0.071378,52.806576,-105.42,175.42000000000002
RX_696,-0.071326,52.806565,-104.41,174.41
RX_697,-0.071273,52.806555,-104.09,174.09
RX_698,-0.071218,52.806544,-104.87,174.87
RX_699,-0.071166,52.806534,-104.95,174.95
RX_700,-0.071137,52.806528,-105.76,175.76
RX_701,-0.071102,52.80652,-106.21,176.20999999999998
RX_702,-0.07105,52.806508,-105.36,175.36
RX_703,-0.070998,52.806496,-104.5,174.5
RX_704,-0.070947,52.806485,-104.96,174.95999999999998
RX_705,-0.070895,52.806472,-106.29,176.29000000000002
RX_706,-0.070883,52.80647,-105.87,175.87
RX_707,-0.070829,52.806459,-106.02,176.01999999999998
RX_708,-0.070777,52.806449,-106.39,176.39
RX_709,-0.070724,52.806439,-105.77,175.76999999999998
RX_710,-0.070672,52.806428,-105.09,175.09
RX_711,-0.070647,52.806423,-105.16,175.16
RX_712,-0.070608,52.806415,-104.94,174.94
RX_713,-0.070558,52.806405,-105.35,175.35
RX_714,-0.070506,52.806394,-104.27,174.26999999999998
RX_715,-0.070454,52.806384,-104.26,174.26
RX_716,-0.070403,52.806373,-103.46,173.45999999999998
RX_717,-0.070388,52.80637,-103.56,173.56
RX_718,-0.070334,52.806358,-105.11,175.11
RX_719,-0.07028,52.806346,-102.84,172.84
RX_720,-0.070226,52.806335,-103.76,173.76
RX_721,-0.070172,52.806323,-102.89,172.89
RX_722,-0.070158,52.80632,-104.2,174.2
RX_723,-0.070107,52.806309,-104.95,174.95
RX_724,-0.070056,52.806297,-104.25,174.25
RX_725,-0.070005,52.806286,-104.35,174.35
RX_726,-0.069954,52.806275,-103.76,173.76
RX_727,-0.069917,52.806267,-101.55,171.55
RX_728,-0.06989,52.806261,-103.64,173.64
RX_729,-0.069836,52.806249,-102.25,172.25
RX_730,-0.069783,52.806238,-101.24,171.24
RX_731,-0.06973,52.806226,-101.78,171.78
RX_732,-0.069678,52.806215,-100.73,170.73000000000002
RX_733,-0.069664,52.806212,-98.38,168.38
RX_734,-0.069613,52.806201,-96.18,166.18
RX_735,-0.069562,52.80619,-99.69,169.69
RX_736,-0.06951,52.806178,-98.22,168.22
RX_737,-0.069458,52.806167,-96.23,166.23000000000002
RX_738,-0.06944,52.806163,-94.47,164.47
RX_739,-0.06939,52.806153,-93.75,163.75
RX_740,-0.069336,52.806142,-99.06,169.06
RX_741,-0.069281,52.80613,-95.12,165.12
RX_742,-0.069226,52.806119,-96.26,166.26
RX_743,-0.0692,52.806113,-93.94,163.94
RX_744,-0.06916,52.806104,-92.79,162.79000000000002
RX_745,-0.06911,52.806091,-98.35,168.35
RX_746,-0.06906,52.806079,-102.96,172.95999999999998
RX_747,-0.069009,52.806067,-98.26,168.26
RX_748,-0.068962,52.806055,-96.96,166.95999999999998
RX_749,-0.068942,52.80605,-98.3,168.3
RX_750,-0.068887,52.806036,-95.5,165.5
RX_751,-0.068831,52.806022,-99.09,169.09
RX_752,-0.068775,52.806008,-95.67,165.67000000000002
RX_753,-0.068728,52.805997,-99.85,169.85
RX_754,-0.068704,52.80599,-96.2,166.2
RX_755,-0.068652,52.805975,-97.57,167.57
RX_756,-0.068601,52.80596,-99.11,169.11
RX_757,-0.06855,52.805945,-98.09,168.09
RX_758,-0.068508,52.805933,-97.52,167.51999999999998
RX_759,-0.068484,52.805925,-103.41,173.41
RX_760,-0.068434,52.805909,-102.05,172.05
RX_761,-0.068385,52.805893,-101.7,171.7
RX_762,-0.068335,52.805877,-101.49,171.49
RX_763,-0.068288,52.805862,-102.16,172.16
RX_764,-0.068274,52.805857,-102.74,172.74
RX_765,-0.068226,52.805842,-101.72,171.72
RX_766,-0.068178,52.805827,-101.22,171.22
RX_767,-0.06813,52.805812,-101.59,171.59
RX_768,-0.068082,52.805797,-101.78,171.78
RX_769,-0.068067,52.805792,-103.08,173.07999999999998
RX_770,-0.068018,52.805777,-102.43,172.43
RX_771,-0.067967,52.805762,-100.44,170.44
RX_772,-0.067914,52.805746,-98.51,168.51
RX_773,-0.067861,52.80573,-98.14,168.14
RX_774,-0.067843,52.805725,-99.83,169.82999999999998
RX_775,-0.067796,52.805712,-100.04,170.04000000000002
RX_776,-0.067744,52.805699,-102.69,172.69
RX_777,-0.067692,52.805685,-102.77,172.76999999999998
RX_778,-0.06764,52.805671,-103.17,173.17000000000002
RX_779,-0.067617,52.805665,-102.18,172.18
RX_780,-0.067572,52.805654,-102.13,172.13
RX_781,-0.067518,52.805642,-100.32,170.32
RX_782,-0.067462,52.805628,-101.61,171.61
RX_783,-0.067406,52.805615,-101.58,171.57999999999998
RX_784,-0.067389,52.805611,-101.42,171.42000000000002
RX_785,-0.067335,52.8056,-101.33,171.32999999999998
RX_786,-0.067281,52.805589,-101.04,171.04000000000002
RX_787,-0.067226,52.805577,-101.13,171.13
RX_788,-0.067172,52.805566,-96.94,166.94
RX_789,-0.067156,52.805563,-99.26,169.26
RX_790,-0.067102,52.805552,-97.48,167.48000000000002
RX_791,-0.067048,52.805542,-96.52,166.51999999999998
RX_792,-0.066993,52.805531,-95.6,165.6
RX_793,-0.066939,52.80552,-97.41,167.41
RX_794,-0.066922,52.805517,-99.08,169.07999999999998
RX_795,-0.066869,52.805508,-100.35,170.35
RX_796,-0.066816,52.805498,-98.49,168.49
RX_797,-0.066763,52.805488,-100.36,170.36
RX_798,-0.066717,52.80548,-100.91,170.91
RX_799,-0.066691,52.805476,-99.31,169.31
RX_800,-0.066638,52.805468,-98.46,168.45999999999998
RX_801,-0.066585,52.805459,-97.42,167.42000000000002
RX_802,-0.066533,52.805451,-97.01,167.01
RX_803,-0.066493,52.805445,-99.48,169.48000000000002
RX_804,-0.066465,52.805441,-97.37,167.37
RX_805,-0.066412,52.805433,-96.3,166.3
RX_806,-0.06636,52.805425,-97.9,167.9
RX_807,-0.066307,52.805417,-100.56,170.56
RX_808,-0.066273,52.805412,-97.89,167.89
RX_809,-0.066238,52.805407,-97.36,167.36
RX_810,-0.066186,52.805401,-96.74,166.74
RX_811,-0.066134,52.805395,-99.23,169.23000000000002
RX_812,-0.066082,52.805389,-99.82,169.82
RX_813,-0.06605,52.805385,-100.71,170.70999999999998
RX_814,-0.066011,52.805381,-98.96,168.95999999999998
RX_815,-0.065956,52.805376,-99.49,169.49
RX_816,-0.0659,52.80537,-98.91,168.91
RX_817,-0.065844,52.805365,-99.43,169.43
RX_818,-0.065815,52.805362,-96.99,166.99
RX_819,-0.065772,52.80536,-97.66,167.66
RX_820,-0.065716,52.805357,-96.38,166.38
RX_821,-0.06566,52.805354,-98.1,168.1
RX_822,-0.065605,52.805351,-95.4,165.4
RX_823,-0.065578,52.80535,-92.84,162.84
RX_824,-0.065536,52.805349,-92.04,162.04000000000002
RX_825,-0.065482,52.805348,-93.92,163.92000000000002
RX_826,-0.065429,52.805347,-93.45,163.45
RX_827,-0.065376,52.805346,-88.72,158.72
RX_828,-0.065343,52.805345,-89.19,159.19
RX_829,-0.065305,52.805345,-88.49,158.49
RX_830,-0.065249,52.805344,-88.2,158.2
RX_831,-0.065194,52.805344,-90.84,160.84
RX_832,-0.065137,52.805344,-91.15,161.15
RX_833,-0.065108,52.805343,-91.24,161.24
RX_834,-0.065065,52.805344,-91.36,161.36
RX_835,-0.065009,52.805344,-96.86,166.86
RX_836,-0.064954,52.805344,-98.52,168.51999999999998
RX_837,-0.064899,52.805345,-94.13,164.13
RX_838,-0.064867,52.805345,-93.73,163.73000000000002
RX_839,-0.064829,52.805346,-101.24,171.24
RX_840,-0.064775,52.805348,-102.31,172.31
RX_841,-0.064721,52.805349,-102.85,172.85
RX_842,-0.064667,52.805351,-103.49,173.49
RX_843,-0.064627,52.805352,-103.5,173.5
RX_844,-0.064596,52.805354,-103.12,173.12
RX_845,-0.06454,52.805357,-102.73,172.73000000000002
RX_846,-0.064483,52.80536,-102.46,172.45999999999998
RX_847,-0.064427,52.805364,-103.13,173.13
RX_848,-0.064382,52.805367,-103.32,173.32
RX_849,-0.064354,52.805369,-103.2,173.2
RX_850,-0.0643,52.805373,-101.25,171.25
RX_851,-0.064245,52.805377,-101.94,171.94
RX_852,-0.064191,52.805381,-100.4,170.4
RX_853,-0.064138,52.805385,-101.01,171.01
RX_854,-0.064121,52.805387,-100.39,170.39
RX_855,-0.064065,52.805392,-102.15,172.15
RX_856,-0.06401,52.805396,-100.25,170.25
RX_857,-0.063953,52.805402,-100.0,170.0
RX_858,-0.063897,52.805406,-101.03,171.03
RX_859,-0.063882,52.805408,-100.48,170.48000000000002
RX_860,-0.063828,52.805413,-99.04,169.04000000000002
RX_861,-0.063775,52.805418,-98.74,168.74
RX_862,-0.063723,52.805422,-98.7,168.7
RX_863,-0.06367,52.805427,-97.74,167.74
RX_864,-0.063656,52.805428,-98.21,168.20999999999998
RX_865,-0.063602,52.805432,-97.53,167.53
RX_866,-0.063547,52.805436,-97.47,167.47
RX_867,-0.063493,52.80544,-97.13,167.13
RX_868,-0.063439,52.805443,-97.34,167.34
RX_869,-0.063417,52.805445,-98.69,168.69
RX_870,-0.063368,52.805448,-98.12,168.12
RX_871,-0.063312,52.805452,-99.61,169.61
RX_872,-0.063255,52.805456,-99.56,169.56
RX_873,-0.063199,52.80546,-99.38,169.38
RX_874,-0.063177,52.805462,-100.42,170.42000000000002
RX_875,-0.063126,52.805465,-100.56,170.56
RX_876,-0.063068,52.805469,-99.35,169.35
RX_877,-0.063013,52.805473,-100.21,170.20999999999998
RX_878,-0.062958,52.805477,-99.7,169.7
RX_879,-0.062935,52.805478,-102.22,172.22
RX_880,-0.062885,52.805481,-100.8,170.8
RX_881,-0.062831,52.805485,-100.4,170.4
RX_882,-0.062777,52.805488,-102.34,172.34
RX_883,-0.062724,52.805492,-102.73,172.73000000000002
RX_884,-0.062697,52.805493,-102.49,172.49
RX_885,-0.062654,52.805496,-101.1,171.1
RX_886,-0.062598,52.805499,-100.8,170.8
RX_887,-0.062542,52.805502,-101.32,171.32
RX_888,-0.062485,52.805505,-100.89,170.89
RX_889,-0.062458,52.805507,-102.17,172.17000000000002
RX_890,-0.062408,52.805509,-102.6,172.6
RX_891,-0.062352,52.805512,-104.35,174.35
RX_892,-0.062295,52.805515,-104.19,174.19
RX_893,-0.062239,52.805517,-104.33,174.32999999999998
RX_894,-0.062218,52.805518,-104.08,174.07999999999998
RX_895,-0.062165,52.805518,-104.46,174.45999999999998
RX_896,-0.062107,52.805517,-105.49,175.49
RX_897,-0.06205,52.805516,-104.48,174.48000000000002
RX_898,-0.061992,52.805515,-104.58,174.57999999999998
RX_899,-0.061975,52.805515,-105.41,175.41
RX_900,-0.061924,52.805511,-106.24,176.24
RX_901,-0.061873,52.805507,-106.4,176.4
RX_902,-0.061822,52.805504,-106.68,176.68
RX_903,-0.061772,52.8055,-106.42,176.42000000000002
RX_904,-0.061747,52.805498,-107.72,177.72
RX_905,-0.061703,52.805493,-105.44,175.44
RX_906,-0.061648,52.805485,-105.35,175.35
RX_907,-0.061594,52.805478,-104.94,174.94
RX_908,-0.061539,52.805471,-104.89,174.89
RX_909,-0.06152,52.805468,-106.2,176.2
RX_910,-0.061473,52.80546,-106.67,176.67000000000002
RX_911,-0.061423,52.80545,-106.71,176.70999999999998
RX_912,-0.061374,52.805441,-106.17,176.17000000000002
RX_913,-0.061324,52.805432,-105.32,175.32
RX_914,-0.061295,52.805427,-104.92,174.92000000000002
RX_915,-0.061261,52.805419,-103.94,173.94
RX_916,-0.061212,52.805407,-105.05,175.05
RX_917,-0.061163,52.805396,-105.28,175.28
RX_918,-0.061114,52.805385,-105.7,175.7
RX_919,-0.061064,52.805373,-106.09,176.09
RX_920,-0.061053,52.805371,-106.22,176.22
RX_921,-0.061004,52.805359,-106.15,176.15
RX_922,-0.060954,52.805348,-105.98,175.98000000000002
RX_923,-0.060905,52.805336,-106.46,176.45999999999998
RX_924,-0.060855,52.805324,-105.6,175.6
RX_925,-0.060822,52.805317,-106.18,176.18
RX_926,-0.060791,52.80531,-106.08,176.07999999999998
RX_927,-0.060738,52.805297,-104.31,174.31
RX_928,-0.060686,52.805285,-105.94,175.94
RX_929,-0.060633,52.805272,-106.12,176.12
RX_930,-0.06058,52.805259,-105.33,175.32999999999998
RX_931,-0.060568,52.805257,-104.71,174.70999999999998
RX_932,-0.060515,52.805244,-104.32,174.32
RX_933,-0.060463,52.805231,-105.94,175.94
RX_934,-0.060411,52.805219,-105.69,175.69
RX_935,-0.060359,52.805207,-105.26,175.26
RX_936,-0.060318,52.805197,-105.59,175.59
RX_937,-0.060295,52.805191,-104.73,174.73000000000002
RX_938,-0.060242,52.80518,-104.17,174.17000000000002
RX_939,-0.060189,52.805167,-103.42,173.42000000000002
RX_940,-0.060135,52.805155,-102.97,172.97
RX_941,-0.060081,52.805143,-103.84,173.84
RX_942,-0.06006,52.805138,-101.73,171.73000000000002
RX_943,-0.060016,52.805128,-103.08,173.07999999999998
RX_944,-0.059963,52.805116,-102.74,172.74
RX_945,-0.059909,52.805103,-101.7,171.7
RX_946,-0.059855,52.805091,-103.97,173.97
RX_947,-0.059802,52.805078,-103.62,173.62
RX_948,-0.05979,52.805076,-103.75,173.75
RX_949,-0.059738,52.805064,-105.28,175.28
RX_950,-0.059685,52.805053,-102.45,172.45
RX_951,-0.05963,52.805041,-102.47,172.47
RX_952,-0.059576,52.805029,-102.97,172.97
RX_953,-0.05955,52.805023,-103.8,173.8
RX_954,-0.059512,52.805015,-102.2,172.2
RX_955,-0.059459,52.805003,-102.4,172.4
RX_956,-0.059407,52.804991,-102.88,172.88
RX_957,-0.059353,52.804978,-105.28,175.28
RX_958,-0.059303,52.804967,-103.12,173.12
RX_959,-0.059287,52.804963,-100.98,170.98000000000002
RX_960,-0.059232,52.80495,-99.94,169.94
RX_961,-0.059177,52.804937,-102.73,172.73000000000002
RX_962,-0.059122,52.804924,-99.91,169.91
RX_963,-0.059066,52.804911,-99.35,169.35
RX_964,-0.059052,52.804908,-102.76,172.76
RX_965,-0.058999,52.804895,-100.89,170.89
RX_966,-0.058946,52.804883,-100.77,170.76999999999998
RX_967,-0.058894,52.804871,-103.87,173.87
RX_968,-0.05884,52.804858,-102.32,172.32
RX_969,-0.058813,52.804852,-102.68,172.68
RX_970,-0.058771,52.804842,-103.49,173.49
RX_971,-0.058715,52.80483,-100.79,170.79000000000002
RX_972,-0.05866,52.804818,-99.73,169.73000000000002
RX_973,-0.058604,52.804805,-97.53,167.53
RX_974,-0.058573,52.804798,-100.73,170.73000000000002
RX_975,-0.058531,52.80479,-101.59,171.59
RX_976,-0.058477,52.804779,-99.57,169.57
RX_977,-0.058422,52.804768,-100.99,170.99
RX_978,-0.058367,52.804756,-101.89,171.89
RX_979,-0.058337,52.80475,-104.48,174.48000000000002
RX_980,-0.058299,52.804743,-106.04,176.04000000000002
RX_981,-0.058249,52.804733,-107.0,177.0
RX_982,-0.058198,52.804723,-107.31,177.31
RX_983,-0.058145,52.804713,-107.24,177.24
RX_984,-0.05811,52.804707,-106.85,176.85
RX_985,-0.058076,52.8047,-106.19,176.19
RX_986,-0.058019,52.804689,-106.8,176.8
RX_987,-0.057964,52.804678,-105.21,175.20999999999998
RX_988,-0.05791,52.804668,-107.04,177.04000000000002
RX_989,-0.057887,52.804663,-106.58,176.57999999999998
RX_990,-0.057837,52.804657,-106.34,176.34
RX_991,-0.057784,52.80465,-106.59,176.59
RX_992,-0.057731,52.804642,-106.77,176.76999999999998
RX_993,-0.057679,52.804635,-107.22,177.22
RX_994,-0.057652,52.804632,-107.53,177.53
RX_995,-0.057606,52.804626,-106.86,176.86
RX_996,-0.057548,52.804619,-106.14,176.14
RX_997,-0.05749,52.804612,-106.14,176.14
RX_998,-0.057432,52.804605,-106.92,176.92000000000002
RX_999,-0.057414,52.804603,-106.81,176.81
RX_1000,-0.05736,52.804593,-107.44,177.44
RX_1001,-0.057306,52.804582,-107.57,177.57
RX_1002,-0.057251,52.804572,-107.02,177.01999999999998
RX_1003,-0.057198,52.804562,-107.58,177.57999999999998
RX_1004,-0.057183,52.804558,-108.01,178.01
RX_1005,-0.057132,52.804547,-107.35,177.35
RX_1006,-0.057083,52.804537,-107.1,177.1
RX_1007,-0.057034,52.804526,-107.48,177.48000000000002
RX_1008,-0.056983,52.804515,-107.24,177.24
RX_1009,-0.056968,52.804511,-106.98,176.98000000000002
RX_1010,-0.056917,52.804498,-106.78,176.78
RX_1011,-0.056867,52.804486,-107.09,177.09
RX_1012,-0.056817,52.804473,-107.3,177.3
RX_1013,-0.056766,52.804459,-107.19,177.19
RX_1014,-0.056748,52.804455,-107.73,177.73000000000002
RX_1015,-0.0567,52.804441,-108.15,178.15
RX_1016,-0.056649,52.804426,-107.54,177.54000000000002
RX_1017,-0.056597,52.80441,-107.81,177.81
RX_1018,-0.056544,52.804395,-107.96,177.95999999999998
RX_1019,-0.056529,52.80439,-107.32,177.32
RX_1020,-0.056481,52.804376,-108.52,178.51999999999998
RX_1021,-0.056434,52.804362,-108.2,178.2
RX_1022,-0.056386,52.804347,-107.85,177.85
RX_1023,-0.056337,52.804332,-107.8,177.8
RX_1024,-0.056323,52.804328,-108.01,178.01
RX_1025,-0.056277,52.804313,-107.91,177.91
RX_1026,-0.05623,52.804298,-107.98,177.98000000000002
RX_1027,-0.056183,52.804283,-108.01,178.01
RX_1028,-0.056136,52.804268,-108.59,178.59
RX_1029,-0.05611,52.80426,-107.95,177.95
RX_1030,-0.056075,52.804248,-108.29,178.29000000000002
RX_1031,-0.056027,52.804231,-107.95,177.95
RX_1032,-0.055979,52.804214,-108.1,178.1
RX_1033,-0.05593,52.804197,-107.46,177.45999999999998
RX_1034,-0.0559,52.804187,-107.63,177.63
RX_1035,-0.055868,52.804176,-108.16,178.16
RX_1036,-0.055819,52.80416,-107.2,177.2
RX_1037,-0.055771,52.804143,-107.64,177.64
RX_1038,-0.055722,52.804127,-107.81,177.81
RX_1039,-0.055692,52.804117,-107.09,177.09
RX_1040,-0.055663,52.804106,-107.67,177.67000000000002
RX_1041,-0.055619,52.80409,-107.83,177.82999999999998
RX_1042,-0.055575,52.804073,-107.47,177.47
RX_1043,-0.055531,52.804056,-106.75,176.75
RX_1044,-0.055487,52.80404,-107.98,177.98000000000002
RX_1045,-0.055475,52.804036,-107.72,177.72
RX_1046,-0.055427,52.804019,-107.84,177.84
RX_1047,-0.055381,52.804003,-107.02,177.01999999999998
RX_1048,-0.055335,52.803986,-107.83,177.82999999999998
RX_1049,-0.055289,52.80397,-107.08,177.07999999999998
RX_1050,-0.055276,52.803965,-107.82,177.82
RX_1051,-0.055231,52.803946,-107.97,177.97
RX_1052,-0.055187,52.803926,-107.65,177.65
RX_1053,-0.055143,52.803907,-108.7,178.7
RX_1054,-0.055099,52.803888,-108.46,178.45999999999998
RX_1055,-0.055077,52.803878,-108.03,178.03
RX_1056,-0.055047,52.803864,-107.81,177.81
RX_1057,-0.055005,52.803843,-108.68,178.68
RX_1058,-0.054964,52.803823,-108.26,178.26
RX_1059,-0.054923,52.803803,-108.56,178.56
RX_1060,-0.054882,52.803783,-108.22,178.22
RX_1061,-0.054872,52.803779,-108.41,178.41
RX_1062,-0.054829,52.803759,-108.31,178.31
RX_1063,-0.054786,52.803739,-108.46,178.45999999999998
RX_1064,-0.054743,52.803718,-107.55,177.55
RX_1065,-0.054697,52.803697,-107.1,177.1
RX_1066,-0.054665,52.803682,-107.48,177.48000000000002
RX_1067,-0.054643,52.80367,-107.33,177.32999999999998
RX_1068,-0.0546,52.803648,-107.38,177.38
RX_1069,-0.054556,52.803626,-107.66,177.66
RX_1070,-0.054513,52.803604,-107.94,177.94
RX_1071,-0.05447,52.803582,-107.97,177.97
RX_1072,-0.05446,52.803578,-107.44,177.44
RX_1073,-0.054418,52.803557,-107.86,177.86
RX_1074,-0.054376,52.803537,-107.7,177.7
RX_1075,-0.054334,52.803516,-108.46,178.45999999999998
RX_1076,-0.054293,52.803496,-108.2,178.2
RX_1077,-0.054263,52.803482,-107.77,177.76999999999998
RX_1078,-0.05424,52.80347,-107.53,177.53
RX_1079,-0.054196,52.803448,-108.01,178.01
RX_1080,-0.054151,52.803427,-108.14,178.14
RX_1081,-0.054108,52.803405,-107.88,177.88
RX_1082,-0.054064,52.803384,-107.51,177.51
RX_1083,-0.054056,52.803379,-108.17,178.17000000000002
RX_1084,-0.054014,52.803358,-107.93,177.93
RX_1085,-0.053974,52.803336,-107.69,177.69
RX_1086,-0.053933,52.803315,-107.78,177.78
RX_1087,-0.053892,52.803294,-108.58,178.57999999999998
RX_1088,-0.053857,52.803275,-107.48,177.48000000000002
RX_1089,-0.053844,52.803268,-107.84,177.84
RX_1090,-0.053803,52.803247,-107.67,177.67000000000002
RX_1091,-0.053762,52.803225,-107.94,177.94
RX_1092,-0.053722,52.803203,-107.47,177.47
RX_1093,-0.053681,52.803181,-107.34,177.34
RX_1094,-0.053653,52.803167,-108.14,178.14
RX_1095,-0.053631,52.803155,-107.53,177.53
RX_1096,-0.053587,52.803131,-107.26,177.26
RX_1097,-0.053544,52.803108,-107.17,177.17000000000002
RX_1098,-0.053501,52.803085,-107.22,177.22
RX_1099,-0.053457,52.803062,-106.73,176.73000000000002
RX_1100,-0.053448,52.803057,-107.12,177.12
RX_1101,-0.053405,52.803034,-107.42,177.42000000000002
RX_1102,-0.053362,52.803012,-107.37,177.37
RX_1103,-0.053319,52.802989,-107.58,177.57999999999998
RX_1104,-0.053275,52.802967,-106.65,176.65
RX_1105,-0.053237,52.802947,-106.94,176.94
RX_1106,-0.053223,52.80294,-106.07,176.07
RX_1107,-0.053182,52.802919,-106.78,176.78
RX_1108,-0.053141,52.802899,-107.6,177.6
RX_1109,-0.053099,52.802878,-106.87,176.87
RX_1110,-0.053058,52.802857,-106.51,176.51
RX_1111,-0.053023,52.80284,-107.81,177.81
RX_1112,-0.053008,52.802833,-106.56,176.56
RX_1113,-0.052966,52.802814,-107.2,177.2
RX_1114,-0.052924,52.802794,-106.66,176.66
RX_1115,-0.052882,52.802774,-107.66,177.66
RX_1116,-0.05284,52.802755,-107.66,177.66
RX_1117,-0.052812,52.802742,-107.61,177.61
RX_1118,-0.052787,52.80273,-107.07,177.07
RX_1119,-0.052739,52.802709,-106.74,176.74
RX_1120,-0.052692,52.802688,-107.55,177.55
RX_1121,-0.052644,52.802667,-106.93,176.93
RX_1122,-0.052596,52.802645,-106.89,176.89
RX_1123,-0.052586,52.802641,-106.94,176.94
RX_1124,-0.052541,52.802622,-106.95,176.95
RX_1125,-0.052496,52.802602,-106.61,176.61
RX_1126,-0.05245,52.802583,-107.29,177.29000000000002
RX_1127,-0.052405,52.802563,-107.47,177.47
RX_1128,-0.052359,52.802544,-104.6,174.6
RX_1129,-0.052349,52.802539,-105.41,175.41
RX_1130,-0.0523,52.802518,-105.3,175.3
RX_1131,-0.052252,52.802498,-106.01,176.01
RX_1132,-0.052203,52.802477,-105.32,175.32
RX_1133,-0.052155,52.802456,-102.75,172.75
RX_1134,-0.052122,52.802442,-100.2,170.2
RX_1135,-0.052099,52.802432,-103.33,173.32999999999998
RX_1136,-0.052053,52.802413,-101.69,171.69
RX_1137,-0.052007,52.802394,-103.47,173.47
RX_1138,-0.051962,52.802375,-103.48,173.48000000000002
RX_1139,-0.051917,52.802357,-103.03,173.03
RX_1140,-0.051897,52.802348,-104.28,174.28
RX_1141,-0.051863,52.802335,-105.11,175.11
RX_1142,-0.051817,52.802317,-105.92,175.92000000000002
RX_1143,-0.051771,52.802298,-105.4,175.4
RX_1144,-0.051724,52.80228,-106.53,176.53
RX_1145,-0.051679,52.802261,-107.76,177.76
RX_1146,-0.051667,52.802257,-107.39,177.39
RX_1147,-0.051623,52.802239,-106.98,176.98000000000002
RX_1148,-0.051576,52.802219,-107.82,177.82
RX_1149,-0.051529,52.8022,-106.74,176.74
RX_1150,-0.051482,52.802181,-106.32,176.32
RX_1151,-0.051435,52.802162,-106.56,176.56
RX_1152,-0.051426,52.802158,-106.54,176.54000000000002
RX_1153,-0.051377,52.802138,-106.25,176.25
RX_1154,-0.051329,52.802118,-107.39,177.39
RX_1155,-0.051282,52.802098,-106.68,176.68
RX_1156,-0.051233,52.802078,-107.06,177.06
RX_1157,-0.051202,52.802065,-107.77,177.76999999999998
RX_1158,-0.051176,52.802054,-107.19,177.19
RX_1159,-0.051129,52.802035,-107.57,177.57
RX_1160,-0.051082,52.802016,-107.97,177.97
RX_1161,-0.051036,52.801997,-108.29,178.29000000000002
RX_1162,-0.050989,52.801978,-107.78,177.78
RX_1163,-0.050973,52.801972,-108.05,178.05
RX_1164,-0.050932,52.801955,-107.93,177.93
RX_1165,-0.050886,52.801936,-107.93,177.93
RX_1166,-0.05084,52.801917,-107.57,177.57
RX_1167,-0.050794,52.801897,-108.08,178.07999999999998
RX_1168,-0.050748,52.801879,-107.28,177.28
RX_1169,-0.050739,52.801875,-108.2,178.2
RX_1170,-0.050692,52.801854,-107.81,177.81
RX_1171,-0.050645,52.801834,-107.77,177.76999999999998
RX_1172,-0.050599,52.801813,-107.98,177.98000000000002
RX_1173,-0.050553,52.801793,-107.73,177.73000000000002
RX_1174,-0.050518,52.801778,-107.69,177.69
RX_1175,-0.050499,52.80177,-107.83,177.82999999999998
RX_1176,-0.050455,52.801752,-108.18,178.18
RX_1177,-0.050411,52.801734,-108.45,178.45
RX_1178,-0.050366,52.801716,-108.07,178.07
RX_1179,-0.050321,52.801697,-108.38,178.38
RX_1180,-0.050287,52.801683,-107.84,177.84
RX_1181,-0.050266,52.801676,-108.12,178.12
RX_1182,-0.050216,52.801657,-107.61,177.61
RX_1183,-0.050167,52.801638,-108.17,178.17000000000002
RX_1184,-0.050118,52.80162,-108.3,178.3
RX_1185,-0.050069,52.801601,-107.68,177.68
RX_1186,-0.050048,52.801593,-107.65,177.65
RX_1187,-0.050011,52.80158,-107.56,177.56
RX_1188,-0.049964,52.801562,-107.71,177.70999999999998
RX_1189,-0.049915,52.801545,-107.55,177.55
RX_1190,-0.049868,52.801527,-108.05,178.05
RX_1191,-0.049819,52.801509,-108.22,178.22
RX_1192,-0.04981,52.801506,-108.87,178.87
RX_1193,-0.049761,52.80149,-107.56,177.56
RX_1194,-0.049712,52.801474,-108.03,178.03
RX_1195,-0.049663,52.801457,-107.68,177.68
RX_1196,-0.049614,52.801441,-108.05,178.05
RX_1197,-0.049575,52.801428,-108.34,178.34
RX_1198,-0.049554,52.801422,-108.6,178.6
RX_1199,-0.049505,52.801406,-108.39,178.39
RX_1200,-0.049455,52.80139,-107.82,177.82
RX_1201,-0.049404,52.801375,-108.03,178.03
RX_1202,-0.049354,52.801359,-108.21,178.20999999999998
RX_1203,-0.049332,52.801352,-108.89,178.89
RX_1204,-0.049291,52.80134,-107.91,177.91
RX_1205,-0.049237,52.801325,-108.56,178.56
RX_1206,-0.049185,52.801311,-108.06,178.06
RX_1207,-0.049132,52.801296,-108.06,178.06
RX_1208,-0.049082,52.801282,-107.67,177.67000000000002
RX_1209,-0.049068,52.801278,-107.99,177.99
RX_1210,-0.049017,52.801264,-108.01,178.01
RX_1211,-0.048966,52.80125,-108.27,178.26999999999998
RX_1212,-0.048916,52.801236,-107.71,177.70999999999998
RX_1213,-0.048865,52.801222,-107.9,177.9
RX_1214,-0.048835,52.801213,-107.9,177.9
RX_1215,-0.048805,52.801205,-107.58,177.57999999999998
RX_1216,-0.048756,52.801191,-106.53,176.53
RX_1217,-0.048707,52.801177,-107.47,177.47
RX_1218,-0.048658,52.801164,-107.26,177.26
RX_1219,-0.04861,52.80115,-106.65,176.65
RX_1220,-0.048592,52.801145,-106.77,176.76999999999998
RX_1221,-0.048546,52.801132,-106.86,176.86
RX_1222,-0.048492,52.801118,-106.98,176.98000000000002
RX_1223,-0.048439,52.801103,-106.99,176.99
RX_1224,-0.048384,52.801088,-106.6,176.6
RX_1225,-0.048338,52.801075,-107.05,177.05
RX_1226,-0.048319,52.80107,-107.11,177.11
RX_1227,-0.048267,52.801055,-108.02,178.01999999999998
RX_1228,-0.048216,52.801041,-107.68,177.68
RX_1229,-0.048165,52.801027,-107.92,177.92000000000002
RX_1230,-0.048113,52.801013,-107.45,177.45
RX_1231,-0.04809,52.801007,-107.15,177.15
RX_1232,-0.04805,52.800996,-105.99,175.99
RX_1233,-0.047997,52.800983,-106.59,176.59
RX_1234,-0.047945,52.80097,-106.38,176.38
RX_1235,-0.047893,52.800957,-106.18,176.18
RX_1236,-0.047848,52.800945,-105.53,175.53
RX_1237,-0.047832,52.800942,-105.42,175.42000000000002
RX_1238,-0.047783,52.800931,-105.92,175.92000000000002
RX_1239,-0.047734,52.800921,-106.12,176.12
RX_1240,-0.047685,52.800911,-106.07,176.07
RX_1241,-0.047636,52.800901,-104.99,174.99
RX_1242,-0.047593,52.800892,-106.48,176.48000000000002
RX_1243,-0.047573,52.800888,-105.09,175.09
RX_1244,-0.047517,52.800879,-104.25,174.25
RX_1245,-0.04746,52.800871,-104.84,174.84
RX_1246,-0.047405,52.800862,-103.45,173.45
RX_1247,-0.047349,52.800853,-105.88,175.88
RX_1248,-0.047332,52.80085,-105.14,175.14
RX_1249,-0.047283,52.800844,-105.01,175.01
RX_1250,-0.047228,52.800837,-104.13,174.13
RX_1251,-0.047174,52.80083,-105.24,175.24
RX_1252,-0.04712,52.800823,-106.17,176.17000000000002
RX_1253,-0.047072,52.800817,-106.26,176.26
RX_1254,-0.047054,52.800815,-105.85,175.85
RX_1255,-0.047001,52.800808,-105.8,175.8
RX_1256,-0.046948,52.800802,-105.28,175.28
RX_1257,-0.046896,52.800796,-105.21,175.20999999999998
RX_1258,-0.046844,52.80079,-104.82,174.82
RX_1259,-0.04682,52.800787,-104.74,174.74
RX_1260,-0.046778,52.800782,-105.39,175.39
RX_1261,-0.046723,52.800775,-105.0,175.0
RX_1262,-0.046666,52.800769,-104.0,174.0
RX_1263,-0.046609,52.800763,-103.89,173.89
RX_1264,-0.046558,52.800757,-104.02,174.01999999999998
RX_1265,-0.04654,52.800754,-103.31,173.31
RX_1266,-0.046485,52.800746,-101.69,171.69
RX_1267,-0.04643,52.800738,-100.07,170.07
RX_1268,-0.046375,52.800731,-98.94,168.94
RX_1269,-0.046319,52.800723,-101.37,171.37
RX_1270,-0.0463,52.80072,-100.51,170.51
RX_1271,-0.046251,52.800712,-100.75,170.75
RX_1272,-0.046197,52.800703,-101.65,171.65
RX_1273,-0.046142,52.800693,-100.54,170.54000000000002
RX_1274,-0.046088,52.800684,-101.42,171.42000000000002
RX_1275,-0.046053,52.800678,-99.69,169.69
RX_1276,-0.04602,52.800672,-102.01,172.01
RX_1277,-0.045965,52.800663,-97.29,167.29000000000002
RX_1278,-0.045911,52.800653,-96.99,166.99
RX_1279,-0.045857,52.800644,-95.16,165.16
RX_1280,-0.045808,52.800635,-96.07,166.07
RX_1281,-0.045788,52.800631,-96.89,166.89
RX_1282,-0.045734,52.800619,-97.3,167.3
RX_1283,-0.045681,52.800607,-95.35,165.35
RX_1284,-0.045628,52.800595,-97.1,167.1
RX_1285,-0.045576,52.800584,-97.86,167.86
RX_1286,-0.045562,52.800581,-95.43,165.43
RX_1287,-0.045508,52.80057,-93.96,163.95999999999998
RX_1288,-0.045454,52.800559,-94.99,164.99
RX_1289,-0.0454,52.800547,-93.57,163.57
RX_1290,-0.045345,52.800536,-94.71,164.70999999999998
RX_1291,-0.045323,52.800532,-95.04,165.04000000000002
RX_1292,-0.045281,52.800524,-94.64,164.64
RX_1293,-0.04523,52.800514,-94.95,164.95
RX_1294,-0.045179,52.800505,-93.47,163.47
RX_1295,-0.045128,52.800496,-96.38,166.38
RX_1296,-0.045088,52.800488,-95.36,165.36
RX_1297,-0.045066,52.800485,-101.02,171.01999999999998
RX_1298,-0.045013,52.800477,-101.66,171.66
RX_1299,-0.044961,52.800469,-101.68,171.68
RX_1300,-0.044908,52.800461,-98.59,168.59
RX_1301,-0.044856,52.800454,-100.06,170.06
RX_1302,-0.044843,52.800452,-101.34,171.34
RX_1303,-0.044788,52.800446,-98.63,168.63
RX_1304,-0.044735,52.80044,-100.04,170.04000000000002
RX_1305,-0.044681,52.800435,-102.12,172.12
RX_1306,-0.044627,52.800429,-102.04,172.04000000000002
RX_1307,-0.04459,52.800425,-100.05,170.05
RX_1308,-0.044563,52.800423,-100.94,170.94
RX_1309,-0.044511,52.800418,-102.27,172.26999999999998
RX_1310,-0.044458,52.800414,-103.1,173.1
RX_1311,-0.044405,52.80041,-104.41,174.41
RX_1312,-0.044354,52.800405,-103.91,173.91
RX_1313,-0.04433,52.800403,-104.96,174.95999999999998
RX_1314,-0.044285,52.800401,-103.6,173.6
RX_1315,-0.044229,52.800398,-102.97,172.97
RX_1316,-0.044173,52.800395,-100.49,170.49
RX_1317,-0.044117,52.800391,-101.23,171.23000000000002
RX_1318,-0.044062,52.800388,-103.34,173.34
RX_1319,-0.044049,52.800387,-103.84,173.84
RX_1320,-0.043993,52.800383,-102.51,172.51
RX_1321,-0.043937,52.800379,-101.19,171.19
RX_1322,-0.043881,52.800375,-99.51,169.51
RX_1323,-0.043825,52.80037,-99.73,169.73000000000002
RX_1324,-0.043797,52.800368,-100.53,170.53
RX_1325,-0.043758,52.800366,-101.36,171.36
RX_1326,-0.043704,52.800362,-101.38,171.38
RX_1327,-0.043649,52.800358,-101.76,171.76
RX_1328,-0.043595,52.800355,-100.61,170.61
RX_1329,-0.043538,52.800351,-101.23,171.23000000000002
RX_1330,-0.043525,52.80035,-102.88,172.88
RX_1331,-0.043468,52.800346,-104.15,174.15
RX_1332,-0.04341,52.800342,-103.82,173.82
RX_1333,-0.043354,52.800338,-104.75,174.75
RX_1334,-0.043297,52.800334,-104.29,174.29000000000002
RX_1335,-0.04326,52.800332,-103.73,173.73000000000002
RX_1336,-0.043227,52.800329,-104.22,174.22
RX_1337,-0.043168,52.800325,-104.32,174.32
RX_1338,-0.04311,52.80032,-103.89,173.89
RX_1339,-0.043052,52.800316,-103.91,173.91
RX_1340,-0.042993,52.800312,-103.95,173.95
RX_1341,-0.042978,52.800311,-104.41,174.41
RX_1342,-0.042919,52.800306,-104.15,174.15
RX_1343,-0.042859,52.800302,-105.69,175.69
RX_1344,-0.042801,52.800298,-105.09,175.09
RX_1345,-0.04274,52.800294,-104.15,174.15
RX_1346,-0.042725,52.800293,-104.54,174.54000000000002
RX_1347,-0.04267,52.800289,-103.47,173.47
RX_1348,-0.042615,52.800285,-103.76,173.76
RX_1349,-0.04256,52.800282,-104.99,174.99
RX_1350,-0.042504,52.800278,-105.74,175.74
RX_1351,-0.042483,52.800277,-104.44,174.44
RX_1352,-0.042429,52.800273,-102.28,172.28
RX_1353,-0.042372,52.800268,-104.35,174.35
RX_1354,-0.042314,52.800264,-104.65,174.65
RX_1355,-0.042255,52.80026,-103.67,173.67000000000002
RX_1356,-0.042235,52.800258,-105.13,175.13
RX_1357,-0.042182,52.800255,-105.06,175.06
RX_1358,-0.042126,52.800251,-104.96,174.95999999999998
RX_1359,-0.04207,52.800247,-104.41,174.41
RX_1360,-0.042012,52.800243,-104.11,174.11
RX_1361,-0.04199,52.800242,-104.07,174.07
RX_1362,-0.041936,52.800241,-103.45,173.45
RX_1363,-0.041878,52.800239,-101.0,171.0
RX_1364,-0.041822,52.800238,-100.52,170.51999999999998
RX_1365,-0.041765,52.800237,-104.18,174.18
RX_1366,-0.041748,52.800237,-103.02,173.01999999999998
RX_1367,-0.041691,52.800236,-103.01,173.01
RX_1368,-0.041635,52.800235,-101.65,171.65
RX_1369,-0.041579,52.800234,-100.28,170.28
RX_1370,-0.041522,52.800233,-100.83,170.82999999999998
RX_1371,-0.041503,52.800233,-101.05,171.05
RX_1372,-0.041447,52.800233,-102.22,172.22
RX_1373,-0.041391,52.800233,-101.91,171.91
RX_1374,-0.041335,52.800233,-101.6,171.6
RX_1375,-0.041283,52.800233,-100.57,170.57
RX_1376,-0.04126,52.800234,-98.71,168.70999999999998
RX_1377,-0.041203,52.800235,-99.47,169.47
RX_1378,-0.041146,52.800236,-100.3,170.3
RX_1379,-0.041088,52.800237,-99.86,169.86
RX_1380,-0.041048,52.800238,-99.54,169.54000000000002
RX_1381,-0.041012,52.800238,-98.26,168.26
RX_1382,-0.040957,52.800238,-92.76,162.76
RX_1383,-0.040901,52.800238,-92.85,162.85
RX_1384,-0.040845,52.800238,-97.1,167.1
RX_1385,-0.040825,52.800238,-99.52,169.51999999999998
RX_1386,-0.040771,52.800239,-99.47,169.47
RX_1387,-0.040716,52.800239,-100.65,170.65
RX_1388,-0.04066,52.80024,-97.33,167.32999999999998
RX_1389,-0.040605,52.80024,-99.33,169.32999999999998
RX_1390,-0.040587,52.80024,-98.18,168.18
RX_1391,-0.040531,52.800238,-101.43,171.43
RX_1392,-0.040475,52.800237,-100.53,170.53
RX_1393,-0.040418,52.800235,-101.43,171.43
RX_1394,-0.040362,52.800233,-102.56,172.56
RX_1395,-0.040343,52.800233,-102.31,172.31
RX_1396,-0.040287,52.800232,-103.91,173.91
RX_1397,-0.040231,52.80023,-102.76,172.76
RX_1398,-0.040174,52.800229,-102.82,172.82
RX_1399,-0.040137,52.800228,-104.02,174.01999999999998
RX_1400,-0.040106,52.800227,-105.09,175.09
RX_1401,-0.04006,52.800225,-104.35,174.35
RX_1402,-0.040014,52.800223,-104.16,174.16
RX_1403,-0.039969,52.800221,-103.21,173.20999999999998
RX_1404,-0.039923,52.800219,-101.6,171.6
RX_1405,-0.039904,52.800218,-102.27,172.26999999999998
RX_1406,-0.039835,52.800215,-102.77,172.76999999999998
RX_1407,-0.039768,52.800212,-103.96,173.95999999999998
RX_1408,-0.039699,52.800209,-103.71,173.70999999999998
RX_1409,-0.039678,52.800208,-102.74,172.74
RX_1410,-0.039624,52.800206,-104.61,174.61
RX_1411,-0.039569,52.800204,-104.22,174.22
RX_1412,-0.039514,52.800202,-103.38,173.38
RX_1413,-0.039472,52.8002,-105.33,175.32999999999998
RX_1414,-0.03944,52.800198,-105.27,175.26999999999998
RX_1415,-0.039386,52.800195,-104.07,174.07
RX_1416,-0.039331,52.800191,-103.98,173.98000000000002
RX_1417,-0.039276,52.800188,-104.59,174.59
RX_1418,-0.039257,52.800187,-104.37,174.37
RX_1419,-0.039202,52.800184,-104.34,174.34
RX_1420,-0.039146,52.800181,-102.82,172.82
RX_1421,-0.039091,52.800178,-103.96,173.95999999999998
RX_1422,-0.039042,52.800175,-104.69,174.69
RX_1423,-0.039018,52.800174,-104.47,174.47
RX_1424,-0.038964,52.800171,-104.54,174.54000000000002
RX_1425,-0.038911,52.800168,-105.8,175.8
RX_1426,-0.038859,52.800165,-106.08,176.07999999999998
RX_1427,-0.03883,52.800163,-105.88,175.88
RX_1428,-0.038788,52.800162,-104.94,174.94
RX_1429,-0.038733,52.800161,-105.54,175.54000000000002
RX_1430,-0.03868,52.80016,-104.41,174.41
RX_1431,-0.038628,52.800159,-106.13,176.13
RX_1432,-0.038611,52.800158,-106.62,176.62
RX_1433,-0.038557,52.800159,-105.83,175.82999999999998
RX_1434,-0.038504,52.800159,-105.85,175.85
RX_1435,-0.03845,52.80016,-104.98,174.98000000000002
RX_1436,-0.038397,52.80016,-105.03,175.03
RX_1437,-0.038379,52.80016,-104.63,174.63
RX_1438,-0.038322,52.80016,-105.05,175.05
RX_1439,-0.038265,52.800161,-103.31,173.31
RX_1440,-0.038208,52.800161,-103.1,173.1
RX_1441,-0.038157,52.800162,-101.0,171.0
RX_1442,-0.038134,52.800162,-101.71,171.70999999999998
RX_1443,-0.038078,52.800163,-102.47,172.47
RX_1444,-0.038023,52.800165,-101.17,171.17000000000002
RX_1445,-0.037967,52.800166,-101.37,171.37
RX_1446,-0.037928,52.800167,-102.51,172.51
RX_1447,-0.037892,52.800168,-104.21,174.20999999999998
RX_1448,-0.037836,52.800169,-103.74,173.74
RX_1449,-0.03778,52.800171,-104.25,174.25
RX_1450,-0.037724,52.800173,-103.98,173.98000000000002
RX_1451,-0.037702,52.800173,-103.7,173.7
RX_1452,-0.037649,52.800174,-103.31,173.31
RX_1453,-0.037592,52.800176,-103.58,173.57999999999998
RX_1454,-0.037535,52.800177,-104.11,174.11
RX_1455,-0.03748,52.800178,-105.43,175.43
RX_1456,-0.037461,52.800179,-104.8,174.8
RX_1457,-0.037405,52.800181,-105.82,175.82
RX_1458,-0.03735,52.800183,-106.83,176.82999999999998
RX_1459,-0.037293,52.800185,-105.56,175.56
RX_1460,-0.037245,52.800187,-104.71,174.70999999999998
RX_1461,-0.037219,52.800187,-105.39,175.39
RX_1462,-0.037161,52.800187,-105.67,175.67000000000002
RX_1463,-0.037104,52.800188,-105.07,175.07
RX_1464,-0.037047,52.800188,-106.55,176.55
RX_1465,-0.03702,52.800188,-105.97,175.97
RX_1466,-0.036972,52.800188,-105.14,175.14
RX_1467,-0.036917,52.800188,-105.22,175.22
RX_1468,-0.036862,52.800188,-104.9,174.9
RX_1469,-0.036807,52.800188,-106.2,176.2
RX_1470,-0.036787,52.800188,-105.71,175.70999999999998
RX_1471,-0.036732,52.800188,-105.9,175.9
RX_1472,-0.036678,52.800187,-104.0,174.0
RX_1473,-0.036623,52.800187,-103.71,173.70999999999998
RX_1474,-0.036585,52.800187,-104.02,174.01999999999998
RX_1475,-0.036549,52.800186,-103.98,173.98000000000002
RX_1476,-0.036495,52.800185,-104.22,174.22
RX_1477,-0.036441,52.800184,-103.05,173.05
RX_1478,-0.036387,52.800184,-102.7,172.7
RX_1479,-0.036367,52.800183,-102.74,172.74
RX_1480,-0.036314,52.800181,-104.56,174.56
RX_1481,-0.03626,52.800178,-104.95,174.95
RX_1482,-0.036206,52.800176,-104.14,174.14
RX_1483,-0.036152,52.800173,-103.65,173.65
RX_1484,-0.036134,52.800173,-106.27,176.26999999999998
RX_1485,-0.03608,52.800171,-104.27,174.26999999999998
RX_1486,-0.036026,52.80017,-103.33,173.32999999999998
RX_1487,-0.035972,52.800168,-105.41,175.41
RX_1488,-0.035927,52.800167,-103.23,173.23000000000002
RX_1489,-0.035901,52.800165,-102.42,172.42000000000002
RX_1490,-0.035846,52.800162,-100.82,170.82
RX_1491,-0.035792,52.80016,-103.57,173.57
RX_1492,-0.035737,52.800157,-104.97,174.97
RX_1493,-0.035703,52.800155,-104.02,174.01999999999998
RX_1494,-0.035663,52.800154,-102.93,172.93
RX_1495,-0.035609,52.800152,-102.18,172.18
RX_1496,-0.035555,52.800151,-101.79,171.79000000000002
RX_1497,-0.0355,52.800149,-100.8,170.8
RX_1498,-0.035475,52.800148,-102.18,172.18
RX_1499,-0.035429,52.800147,-104.52,174.51999999999998
RX_1500,-0.035375,52.800145,-104.27,174.26999999999998
RX_1501,-0.035321,52.800143,-105.31,175.31
RX_1502,-0.035267,52.800141,-104.36,174.36
RX_1503,-0.035248,52.80014,-105.32,175.32
RX_1504,-0.035196,52.800138,-104.54,174.54000000000002
RX_1505,-0.035141,52.800137,-105.25,175.25
RX_1506,-0.035085,52.800135,-103.93,173.93
RX_1507,-0.03503,52.800134,-103.92,173.92000000000002
RX_1508,-0.035012,52.800133,-103.39,173.39
RX_1509,-0.034955,52.800132,-103.45,173.45
RX_1510,-0.034898,52.800131,-103.19,173.19
RX_1511,-0.03484,52.800129,-101.34,171.34
RX_1512,-0.034787,52.800128,-100.14,170.14
RX_1513,-0.034766,52.800127,-100.82,170.82
RX_1514,-0.034711,52.800125,-101.5,171.5
RX_1515,-0.034657,52.800123,-99.64,169.64
RX_1516,-0.034602,52.80012,-98.6,168.6
RX_1517,-0.034563,52.800118,-98.83,168.82999999999998
RX_1518,-0.034528,52.800118,-100.34,170.34
RX_1519,-0.034472,52.800116,-100.54,170.54000000000002
RX_1520,-0.034417,52.800115,-100.26,170.26
RX_1521,-0.034361,52.800114,-100.55,170.55
RX_1522,-0.034338,52.800113,-96.28,166.28
RX_1523,-0.034284,52.800114,-99.05,169.05
RX_1524,-0.034226,52.800114,-99.5,169.5
RX_1525,-0.034168,52.800115,-96.97,166.97
RX_1526,-0.034111,52.800115,-97.04,167.04000000000002
RX_1527,-0.034091,52.800115,-94.78,164.78
RX_1528,-0.034034,52.800116,-98.35,168.35
RX_1529,-0.033977,52.800117,-98.54,168.54000000000002
RX_1530,-0.033921,52.800118,-98.96,168.95999999999998
RX_1531,-0.033888,52.800118,-94.82,164.82
RX_1532,-0.033842,52.800121,-94.43,164.43
RX_1533,-0.033786,52.800125,-96.39,166.39
RX_1534,-0.033729,52.800128,-100.47,170.47
RX_1535,-0.033672,52.800132,-96.54,166.54000000000002
RX_1536,-0.033648,52.800133,-96.0,166.0
RX_1537,-0.033589,52.800136,-101.26,171.26
RX_1538,-0.033531,52.800139,-103.36,173.36
RX_1539,-0.033472,52.800143,-103.61,173.61
RX_1540,-0.033448,52.800144,-102.12,172.12
RX_1541,-0.033392,52.800145,-102.0,172.0
RX_1542,-0.033335,52.800146,-104.54,174.54000000000002
RX_1543,-0.033277,52.800148,-104.14,174.14
RX_1544,-0.03325,52.800148,-103.97,173.97
RX_1545,-0.033201,52.800149,-104.43,174.43
RX_1546,-0.03315,52.800149,-101.73,171.73000000000002
RX_1547,-0.033099,52.80015,-101.54,171.54000000000002
RX_1548,-0.033053,52.80015,-101.43,171.43
RX_1549,-0.033021,52.80015,-101.67,171.67000000000002
RX_1550,-0.032962,52.80015,-103.73,173.73000000000002
RX_1551,-0.032903,52.80015,-103.81,173.81
RX_1552,-0.03286,52.80015,-103.47,173.47
RX_1553,-0.032824,52.80015,-104.2,174.2
RX_1554,-0.032771,52.800149,-103.66,173.66
RX_1555,-0.032717,52.800149,-104.21,174.20999999999998
RX_1556,-0.032664,52.800148,-101.55,171.55
RX_1557,-0.032643,52.800148,-104.75,174.75
RX_1558,-0.03259,52.800145,-104.43,174.43
RX_1559,-0.032537,52.800143,-104.18,174.18
RX_1560,-0.032484,52.800141,-102.12,172.12
RX_1561,-0.03246,52.80014,-104.87,174.87
RX_1562,-0.032412,52.800138,-104.58,174.57999999999998
RX_1563,-0.03236,52.800135,-103.94,173.94
RX_1564,-0.032308,52.800132,-103.8,173.8
RX_1565,-0.032258,52.80013,-104.76,174.76
RX_1566,-0.032236,52.800128,-104.51,174.51
RX_1567,-0.032182,52.800125,-103.95,173.95
RX_1568,-0.032128,52.800121,-105.57,175.57
RX_1569,-0.032074,52.800117,-102.63,172.63
RX_1570,-0.032048,52.800115,-101.12,171.12
RX_1571,-0.031999,52.800112,-95.82,165.82
RX_1572,-0.031943,52.800108,-99.98,169.98000000000002
RX_1573,-0.031887,52.800104,-102.79,172.79000000000002
RX_1574,-0.031832,52.8001,-100.97,170.97
RX_1575,-0.03181,52.800099,-97.74,167.74
RX_1576,-0.031752,52.800095,-98.62,168.62
RX_1577,-0.031695,52.800091,-102.26,172.26
RX_1578,-0.031637,52.800088,-101.1,171.1
RX_1579,-0.031616,52.800087,-99.39,169.39
RX_1580,-0.031561,52.800084,-97.41,167.41
RX_1581,-0.031506,52.800081,-96.78,166.78
RX_1582,-0.03145,52.800079,-100.87,170.87
RX_1583,-0.031407,52.800077,-100.38,170.38
RX_1584,-0.031372,52.800074,-97.16,167.16
RX_1585,-0.031315,52.80007,-97.06,167.06
RX_1586,-0.031258,52.800065,-99.04,169.04000000000002
RX_1587,-0.0312,52.800061,-100.9,170.9
RX_1588,-0.031179,52.800059,-99.39,169.39
RX_1589,-0.031124,52.800057,-99.6,169.6
RX_1590,-0.031069,52.800055,-97.47,167.47
RX_1591,-0.031014,52.800053,-100.02,170.01999999999998
RX_1592,-0.030987,52.800052,-99.51,169.51
RX_1593,-0.03094,52.800051,-98.97,168.97
RX_1594,-0.030887,52.800051,-101.22,171.22
RX_1595,-0.030834,52.80005,-99.45,169.45
RX_1596,-0.03078,52.80005,-99.14,169.14
RX_1597,-0.03076,52.800051,-99.29,169.29000000000002
RX_1598,-0.030703,52.800053,-100.22,170.22
RX_1599,-0.030646,52.800055,-100.99,170.99
RX_1600,-0.03059,52.800057,-100.59,170.59
RX_1601,-0.03056,52.800058,-103.42,173.42000000000002
RX_1602,-0.030517,52.800061,-104.71,174.70999999999998
RX_1603,-0.030462,52.800065,-104.15,174.15
RX_1604,-0.030408,52.800069,-100.11,170.11
RX_1605,-0.030356,52.800072,-98.17,168.17000000000002
RX_1606,-0.030338,52.800074,-100.32,170.32
RX_1607,-0.030285,52.800081,-97.45,167.45
RX_1608,-0.030233,52.800088,-98.91,168.91
RX_1609,-0.03018,52.800095,-99.08,169.07999999999998
RX_1610,-0.030128,52.800102,-99.03,169.03
RX_1611,-0.03011,52.800105,-101.04,171.04000000000002
RX_1612,-0.030058,52.800116,-103.5,173.5
RX_1613,-0.030006,52.800127,-101.96,171.95999999999998
RX_1614,-0.029953,52.800138,-100.27,170.26999999999998
RX_1615,-0.02991,52.800147,-97.22,167.22
RX_1616,-0.029885,52.800153,-96.31,166.31
RX_1617,-0.029836,52.800165,-96.57,166.57
RX_1618,-0.029787,52.800176,-96.67,166.67000000000002
RX_1619,-0.029738,52.800188,-98.96,168.95999999999998
RX_1620,-0.029703,52.800197,-104.17,174.17000000000002
RX_1621,-0.029674,52.800205,-105.22,175.22
RX_1622,-0.029623,52.800219,-106.23,176.23000000000002
RX_1623,-0.029573,52.800233,-103.52,173.51999999999998
RX_1624,-0.029523,52.800247,-101.79,171.79000000000002
RX_1625,-0.029493,52.800255,-104.61,174.61
RX_1626,-0.029456,52.800264,-100.83,170.82999999999998
RX_1627,-0.029404,52.800277,-96.99,166.99
RX_1628,-0.029352,52.80029,-97.44,167.44
RX_1629,-0.0293,52.800302,-99.2,169.2
RX_1630,-0.029275,52.800308,-102.94,172.94
RX_1631,-0.029232,52.800319,-101.77,171.76999999999998
RX_1632,-0.029181,52.800332,-102.54,172.54000000000002
RX_1633,-0.02913,52.800345,-105.17,175.17000000000002
RX_1634,-0.029078,52.800358,-106.11,176.11
RX_1635,-0.029057,52.800363,-104.08,174.07999999999998
RX_1636,-0.02901,52.800375,-103.98,173.98000000000002
RX_1637,-0.028957,52.800389,-102.85,172.85
RX_1638,-0.028905,52.800403,-103.98,173.98000000000002
RX_1639,-0.028852,52.800416,-103.22,173.22
RX_1640,-0.028835,52.800421,-104.04,174.04000000000002
RX_1641,-0.028783,52.800434,-104.03,174.03
RX_1642,-0.028731,52.800447,-103.8,173.8
RX_1643,-0.028679,52.800461,-103.8,173.8
RX_1644,-0.02863,52.800473,-104.29,174.29000000000002
RX_1645,-0.028607,52.800479,-102.63,172.63
RX_1646,-0.028555,52.800491,-101.73,171.73000000000002
RX_1647,-0.028502,52.800503,-103.46,173.45999999999998
RX_1648,-0.028448,52.800516,-104.72,174.72
RX_1649,-0.028417,52.800523,-104.46,174.45999999999998
RX_1650,-0.02838,52.800533,-105.18,175.18
RX_1651,-0.02833,52.800546,-105.42,175.42000000000002
RX_1652,-0.028279,52.800559,-106.16,176.16
RX_1653,-0.028226,52.800573,-105.72,175.72
RX_1654,-0.028207,52.800578,-107.12,177.12
RX_1655,-0.028161,52.80059,-108.1,178.1
RX_1656,-0.028111,52.800603,-106.66,176.66
RX_1657,-0.028062,52.800616,-106.78,176.78
RX_1658,-0.028013,52.800629,-107.02,177.01999999999998
RX_1659,-0.027997,52.800633,-107.06,177.06
RX_1660,-0.027945,52.800646,-107.02,177.01999999999998
RX_1661,-0.027892,52.800659,-107.03,177.03
RX_1662,-0.02784,52.800671,-106.84,176.84
RX_1663,-0.027788,52.800684,-107.43,177.43
RX_1664,-0.02777,52.800688,-106.83,176.82999999999998
RX_1665,-0.027716,52.800702,-106.66,176.66
RX_1666,-0.027662,52.800715,-106.56,176.56
RX_1667,-0.027609,52.800728,-106.9,176.9
RX_1668,-0.027562,52.80074,-107.04,177.04000000000002
RX_1669,-0.02754,52.800745,-107.75,177.75
RX_1670,-0.027488,52.800757,-106.66,176.66
RX_1671,-0.027434,52.80077,-107.21,177.20999999999998
RX_1672,-0.027381,52.800782,-107.02,177.01999999999998
RX_1673,-0.02734,52.800792,-105.43,175.43
RX_1674,-0.027311,52.800798,-107.07,177.07
RX_1675,-0.027257,52.80081,-106.92,176.92000000000002
RX_1676,-0.027203,52.800822,-107.1,177.1
RX_1677,-0.02715,52.800834,-106.98,176.98000000000002
RX_1678,-0.027123,52.80084,-105.51,175.51
RX_1679,-0.027084,52.80085,-107.23,177.23000000000002
RX_1680,-0.027034,52.800863,-107.23,177.23000000000002
RX_1681,-0.026986,52.800875,-108.19,178.19
RX_1682,-0.026937,52.800887,-107.56,177.56
RX_1683,-0.026913,52.800893,-107.91,177.91
RX_1684,-0.026869,52.800904,-107.42,177.42000000000002
RX_1685,-0.026814,52.800917,-106.9,176.9
RX_1686,-0.026759,52.800931,-106.81,176.81
RX_1687,-0.026703,52.800944,-106.73,176.73000000000002
RX_1688,-0.026684,52.800948,-107.19,177.19
RX_1689,-0.026634,52.80096,-104.98,174.98000000000002
RX_1690,-0.026581,52.800972,-105.46,175.45999999999998
RX_1691,-0.026528,52.800984,-105.53,175.53
RX_1692,-0.026487,52.800993,-103.91,173.91
RX_1693,-0.026443,52.801006,-106.19,176.19
RX_1694,-0.026379,52.801024,-102.54,172.54000000000002
RX_1695,-0.026312,52.801043,-103.28,173.28
RX_1696,-0.026279,52.801052,-103.71,173.70999999999998
RX_1697,-0.026218,52.801067,-103.68,173.68
RX_1698,-0.026152,52.801083,-101.01,171.01
RX_1699,-0.026111,52.801093,-102.33,172.32999999999998
RX_1700,-0.026043,52.80111,-101.69,171.69
RX_1701,-0.025969,52.80113,-101.26,171.26
RX_1702,-0.025929,52.801144,-101.34,171.34
RX_1703,-0.025872,52.801166,-104.7,174.7
RX_1704,-0.025842,52.801185,-102.54,172.54000000000002
RX_1705,-0.025808,52.801213,-104.69,174.69
RX_1706,-0.02579,52.801233,-103.76,173.76
RX_1707,-0.025776,52.801263,-104.35,174.35
RX_1708,-0.025767,52.801284,-103.08,173.07999999999998
RX_1709,-0.025765,52.801316,-105.91,175.91
RX_1710,-0.025763,52.801347,-105.62,175.62
RX_1711,-0.025761,52.80137,-104.94,174.94
RX_1712,-0.025758,52.801403,-104.49,174.49
RX_1713,-0.025752,52.801423,-104.96,174.95999999999998
RX_1714,-0.025737,52.801452,-105.31,175.31
RX_1715,-0.025722,52.80148,-106.4,176.4
RX_1716,-0.025703,52.801498,-106.24,176.24
RX_1717,-0.025676,52.801524,-106.6,176.6
RX_1718,-0.025657,52.801542,-106.55,176.55
RX_1719,-0.025628,52.801563,-107.27,177.26999999999998
RX_1720,-0.025595,52.801588,-107.64,177.64
RX_1721,-0.025575,52.801603,-106.84,176.84
RX_1722,-0.02554,52.801629,-106.66,176.66
RX_1723,-0.025504,52.801655,-107.13,177.13
RX_1724,-0.025483,52.801671,-107.49,177.49
RX_1725,-0.025448,52.801699,-107.25,177.25
RX_1726,-0.025414,52.801726,-105.91,175.91
RX_1727,-0.025398,52.801743,-105.78,175.78
RX_1728,-0.025373,52.80177,-106.58,176.57999999999998
RX_1729,-0.025347,52.801798,-106.75,176.75
RX_1730,-0.025334,52.801819,-105.96,175.95999999999998
RX_1731,-0.025314,52.801852,-105.89,175.89
RX_1732,-0.025301,52.801873,-106.43,176.43
RX_1733,-0.025292,52.801906,-105.78,175.78
RX_1734,-0.025283,52.801939,-107.75,177.75
RX_1735,-0.025281,52.801959,-107.08,177.07999999999998
RX_1736,-0.025284,52.801993,-106.31,176.31
RX_1737,-0.025287,52.802026,-107.12,177.12
RX_1738,-0.025291,52.802045,-107.07,177.07
RX_1739,-0.025303,52.802077,-106.1,176.1
RX_1740,-0.025314,52.802109,-106.72,176.72
RX_1741,-0.025322,52.802127,-106.06,176.06
RX_1742,-0.025339,52.802158,-105.89,175.89
RX_1743,-0.025356,52.802189,-106.58,176.57999999999998
RX_1744,-0.025365,52.802207,-105.57,175.57
RX_1745,-0.025385,52.802238,-105.5,175.5
RX_1746,-0.025405,52.802271,-106.1,176.1
RX_1747,-0.025417,52.80229,-105.54,175.54000000000002
RX_1748,-0.025437,52.802321,-107.21,177.20999999999998
RX_1749,-0.025458,52.802353,-105.47,175.47
RX_1750,-0.025472,52.802373,-106.52,176.51999999999998
RX_1751,-0.025489,52.802401,-105.66,175.66
RX_1752,-0.025507,52.802431,-105.47,175.47
RX_1753,-0.02552,52.802452,-105.82,175.82
RX_1754,-0.025541,52.802479,-105.22,175.22
RX_1755,-0.025565,52.80251,-106.61,176.61
RX_1756,-0.02558,52.80253,-105.83,175.82999999999998
RX_1757,-0.025601,52.802559,-106.54,176.54000000000002
RX_1758,-0.025624,52.802591,-105.7,175.7
RX_1759,-0.025637,52.802609,-106.22,176.22
RX_1760,-0.025657,52.802637,-105.21,175.20999999999998
RX_1761,-0.025677,52.802665,-105.45,175.45
RX_1762,-0.025688,52.802681,-105.61,175.61
RX_1763,-0.025703,52.802715,-104.21,174.20999999999998
RX_1764,-0.025717,52.802749,-103.28,173.28
RX_1765,-0.025725,52.802768,-102.14,172.14
RX_1766,-0.025737,52.8028,-102.96,172.95999999999998
RX_1767,-0.025749,52.802833,-104.48,174.48000000000002
RX_1768,-0.025757,52.802853,-104.08,174.07999999999998
RX_1769,-0.025762,52.802883,-103.74,173.74
RX_1770,-0.025768,52.802915,-104.49,174.49
RX_1771,-0.025773,52.802943,-106.02,176.01999999999998
RX_1772,-0.025776,52.802965,-106.02,176.01999999999998
RX_1773,-0.025779,52.802998,-105.87,175.87
RX_1774,-0.025783,52.80303,-104.82,174.82
RX_1775,-0.025784,52.803048,-105.02,175.01999999999998
RX_1776,-0.025787,52.803082,-105.29,175.29000000000002
RX_1777,-0.025789,52.803116,-105.23,175.23000000000002
RX_1778,-0.02579,52.803134,-105.22,175.22
RX_1779,-0.025791,52.803165,-104.48,174.48000000000002
RX_1780,-0.025791,52.803197,-104.02,174.01999999999998
RX_1781,-0.025792,52.803225,-103.98,173.98000000000002
RX_1782,-0.025791,52.803249,-104.76,174.76
RX_1783,-0.02579,52.803286,-104.3,174.3
RX_1784,-0.025788,52.80332,-104.12,174.12
RX_1785,-0.025787,52.803343,-104.88,174.88
RX_1786,-0.025785,52.803379,-104.77,174.76999999999998
RX_1787,-0.025783,52.803413,-105.49,175.49
RX_1788,-0.025781,52.803434,-104.25,174.25
RX_1789,-0.025778,52.803469,-102.71,172.70999999999998
RX_1790,-0.025775,52.803503,-101.91,171.91
RX_1791,-0.025772,52.803526,-100.91,170.91
RX_1792,-0.025768,52.803562,-102.34,172.34
RX_1793,-0.025765,52.80359,-101.51,171.51
RX_1794,-0.025759,52.803621,-101.66,171.66
RX_1795,-0.025752,52.803657,-101.89,171.89
RX_1796,-0.025747,52.803679,-102.84,172.84
RX_1797,-0.025737,52.803712,-103.08,173.07999999999998
RX_1798,-0.025728,52.803744,-103.63,173.63
RX_1799,-0.025722,52.803765,-104.58,174.57999999999998
RX_1800,-0.025713,52.803798,-105.06,175.06
RX_1801,-0.025705,52.803827,-104.4,174.4
RX_1802,-0.025699,52.803849,-105.1,175.1
RX_1803,-0.025691,52.803881,-106.37,176.37
RX_1804,-0.025685,52.803905,-106.52,176.51999999999998
RX_1805,-0.025675,52.80393,-104.94,174.94
RX_1806,-0.025663,52.80396,-103.76,173.76
RX_1807,-0.025653,52.803985,-103.83,173.82999999999998
RX_1808,-0.025645,52.804011,-105.41,175.41
RX_1809,-0.025634,52.804045,-106.63,176.63
RX_1810,-0.025627,52.804067,-106.62,176.62
RX_1811,-0.025618,52.804098,-106.82,176.82
RX_1812,-0.025609,52.804131,-106.71,176.70999999999998
RX_1813,-0.025604,52.804151,-106.07,176.07
RX_1814,-0.025596,52.804185,-103.85,173.85
RX_1815,-0.025589,52.804219,-105.35,175.35
RX_1816,-0.025585,52.804238,-104.64,174.64
RX_1817,-0.02558,52.804268,-105.49,175.49
RX_1818,-0.025575,52.804298,-104.63,174.63
RX_1819,-0.025573,52.804315,-104.74,174.74
RX_1820,-0.025572,52.804346,-103.25,173.25
RX_1821,-0.025571,52.804377,-105.97,175.97
RX_1822,-0.02557,52.804393,-105.71,175.70999999999998
RX_1823,-0.025571,52.804424,-103.8,173.8
RX_1824,-0.025571,52.804454,-103.56,173.56
RX_1825,-0.025572,52.804477,-103.43,173.43
RX_1826,-0.025573,52.804504,-101.95,171.95
RX_1827,-0.025575,52.804539,-102.5,172.5
RX_1828,-0.025577,52.80457,-103.17,173.17000000000002
RX_1829,-0.02558,52.804591,-101.49,171.49
RX_1830,-0.025584,52.804624,-101.92,171.92000000000002
RX_1831,-0.025589,52.804657,-103.87,173.87
RX_1832,-0.025592,52.804675,-105.25,175.25
RX_1833,-0.025599,52.804706,-103.32,173.32
RX_1834,-0.025607,52.804737,-104.34,174.34
RX_1835,-0.025612,52.804757,-104.03,174.03
RX_1836,-0.025619,52.804786,-103.69,173.69
RX_1837,-0.025628,52.804819,-104.07,174.07
RX_1838,-0.025635,52.804847,-104.03,174.03
RX_1839,-0.025641,52.804871,-103.9,173.9
RX_1840,-0.025649,52.804906,-101.9,171.9
RX_1841,-0.025657,52.804941,-101.53,171.53
RX_1842,-0.025661,52.804958,-101.12,171.12
RX_1843,-0.025668,52.804989,-102.1,172.1
RX_1844,-0.025675,52.805021,-102.05,172.05
RX_1845,-0.025679,52.805038,-102.17,172.17000000000002
RX_1846,-0.025687,52.805071,-103.72,173.72
RX_1847,-0.025696,52.805104,-102.99,172.99
RX_1848,-0.025702,52.805128,-102.11,172.11
RX_1849,-0.025711,52.805159,-100.63,170.63
RX_1850,-0.025721,52.805195,-98.19,168.19
RX_1851,-0.02573,52.805223,-97.31,167.31
RX_1852,-0.025738,52.805252,-96.26,166.26
RX_1853,-0.025748,52.805288,-97.04,167.04000000000002
RX_1854,-0.025757,52.80532,-97.74,167.74
RX_1855,-0.025761,52.805345,-99.34,169.34
RX_1856,-0.025767,52.805381,-101.6,171.6
RX_1857,-0.025772,52.805407,-99.74,169.74
RX_1858,-0.02578,52.805437,-101.11,171.11
RX_1859,-0.02579,52.805471,-99.88,169.88
RX_1860,-0.025795,52.805492,-98.55,168.55
RX_1861,-0.025801,52.805526,-97.25,167.25
RX_1862,-0.025806,52.80556,-97.03,167.03
RX_1863,-0.025808,52.805582,-96.88,166.88
RX_1864,-0.025807,52.805616,-98.41,168.41
RX_1865,-0.025807,52.80565,-102.48,172.48000000000002
RX_1866,-0.025804,52.805669,-102.97,172.97
RX_1867,-0.025798,52.805699,-102.65,172.65
RX_1868,-0.025793,52.805729,-94.27,164.26999999999998
RX_1869,-0.025785,52.805747,-101.55,171.55
RX_1870,-0.025767,52.80578,-103.84,173.84
RX_1871,-0.025749,52.805813,-103.97,173.97
RX_1872,-0.02574,52.805829,-103.81,173.81
RX_1873,-0.025723,52.805855,-104.52,174.51999999999998
RX_1874,-0.025706,52.80588,-104.23,174.23000000000002
RX_1875,-0.025689,52.805905,-104.7,174.7
RX_1876,-0.025675,52.805923,-104.86,174.86
RX_1877,-0.025648,52.805957,-106.05,176.05
RX_1878,-0.02562,52.805991,-106.24,176.24
RX_1879,-0.025605,52.806006,-105.79,175.79000000000002
RX_1880,-0.025577,52.806034,-105.53,175.53
RX_1881,-0.025548,52.806062,-104.6,174.6
RX_1882,-0.025528,52.806082,-102.49,172.49
RX_1883,-0.0255,52.806105,-100.93,170.93
RX_1884,-0.025466,52.806134,-100.62,170.62
RX_1885,-0.025432,52.806163,-95.34,165.34
RX_1886,-0.025415,52.806178,-94.59,164.59
RX_1887,-0.02538,52.806205,-90.66,160.66
RX_1888,-0.025346,52.806233,-89.81,159.81
RX_1889,-0.025327,52.806248,-89.41,159.41
RX_1890,-0.025294,52.806274,-86.98,156.98000000000002
RX_1891,-0.025259,52.8063,-88.16,158.16
RX_1892,-0.025224,52.806327,-85.56,155.56
RX_1893,-0.025206,52.80634,-88.18,158.18
RX_1894,-0.025172,52.806365,-90.65,160.65
RX_1895,-0.025137,52.806391,-90.37,160.37
RX_1896,-0.025118,52.806405,-86.34,156.34
RX_1897,-0.025084,52.806432,-85.71,155.70999999999998
RX_1898,-0.025048,52.806459,-84.01,154.01
RX_1899,-0.025013,52.806487,-84.85,154.85
RX_1900,-0.024996,52.806499,-89.65,159.65
RX_1901,-0.024963,52.806524,-90.38,160.38
RX_1902,-0.024929,52.806549,-96.03,166.03
RX_1903,-0.024908,52.806565,-99.19,169.19
RX_1904,-0.024876,52.806589,-89.92,159.92000000000002
RX_1905,-0.024839,52.806617,-85.0,155.0
RX_1906,-0.024803,52.806643,-104.27,174.26999999999998
RX_1907,-0.024787,52.806657,-103.15,173.15
RX_1908,-0.024756,52.806683,-101.77,171.76999999999998
RX_1909,-0.024725,52.806709,-102.79,172.79000000000002
RX_1910,-0.024703,52.806727,-102.74,172.74
RX_1911,-0.024675,52.806749,-100.68,170.68
RX_1912,-0.02464,52.806778,-98.38,168.38
RX_1913,-0.024605,52.806806,-97.26,167.26
RX_1914,-0.024588,52.806819,-104.5,174.5
RX_1915,-0.024554,52.806843,-105.11,175.11
RX_1916,-0.02452,52.806868,-103.05,173.05
RX_1917,-0.02449,52.80689,-102.02,172.01999999999998
RX_1918,-0.024469,52.806903,-103.73,173.73000000000002
RX_1919,-0.024432,52.806925,-104.37,174.37
RX_1920,-0.024395,52.806948,-103.77,173.76999999999998
RX_1921,-0.024367,52.806965,-103.09,173.09
RX_1922,-0.024337,52.806979,-102.21,172.20999999999998
RX_1923,-0.024294,52.807,-103.8,173.8
RX_1924,-0.024251,52.807021,-101.99,171.99
RX_1925,-0.02423,52.807031,-102.22,172.22
RX_1926,-0.024186,52.807049,-103.26,173.26
RX_1927,-0.024142,52.807066,-100.18,170.18
RX_1928,-0.024098,52.807084,-99.87,169.87
RX_1929,-0.024077,52.807094,-99.41,169.41
RX_1930,-0.024032,52.807115,-98.14,168.14
RX_1931,-0.023987,52.807136,-99.79,169.79000000000002
RX_1932,-0.023945,52.807155,-98.73,168.73000000000002
RX_1933,-0.02392,52.807168,-97.28,167.28
RX_1934,-0.023876,52.807191,-97.23,167.23000000000002
RX_1935,-0.023831,52.807213,-96.9,166.9
RX_1936,-0.023808,52.807225,-98.04,168.04000000000002
RX_1937,-0.023767,52.807248,-99.51,169.51
RX_1938,-0.023724,52.807271,-100.35,170.35
RX_1939,-0.023682,52.807294,-101.06,171.06
RX_1940,-0.023661,52.807306,-100.22,170.22
RX_1941,-0.023618,52.807327,-99.39,169.39
RX_1942,-0.023575,52.807349,-99.73,169.73000000000002
RX_1943,-0.023538,52.807368,-99.93,169.93
RX_1944,-0.023512,52.807382,-100.98,170.98000000000002
RX_1945,-0.02347,52.807405,-102.03,172.03
RX_1946,-0.023428,52.807427,-102.6,172.6
RX_1947,-0.023407,52.807438,-102.52,172.51999999999998
RX_1948,-0.023361,52.80746,-101.52,171.51999999999998
RX_1949,-0.023314,52.807482,-102.84,172.84
RX_1950,-0.023267,52.807504,-99.87,169.87
RX_1951,-0.023248,52.807514,-99.85,169.85
RX_1952,-0.023211,52.807535,-97.37,167.37
RX_1953,-0.023173,52.807555,-98.59,168.59
RX_1954,-0.023147,52.80757,-96.76,166.76
RX_1955,-0.023113,52.807587,-91.88,161.88
RX_1956,-0.02307,52.807609,-89.93,159.93
RX_1957,-0.023027,52.807631,-92.54,162.54000000000002
RX_1958,-0.023005,52.807642,-91.18,161.18
RX_1959,-0.022961,52.807662,-90.26,160.26
RX_1960,-0.022917,52.807682,-90.5,160.5
RX_1961,-0.022882,52.807698,-89.27,159.26999999999998
RX_1962,-0.022849,52.807715,-89.03,159.03
RX_1963,-0.022804,52.807738,-90.69,160.69
RX_1964,-0.022759,52.807761,-88.61,158.61
RX_1965,-0.022735,52.807772,-96.23,166.23000000000002
RX_1966,-0.022691,52.807793,-96.39,166.39
RX_1967,-0.022646,52.807813,-97.31,167.31
RX_1968,-0.02262,52.807824,-94.97,164.97
RX_1969,-0.022569,52.807842,-91.9,161.9
RX_1970,-0.022516,52.80786,-96.2,166.2
RX_1971,-0.022483,52.807871,-95.08,165.07999999999998
RX_1972,-0.022426,52.807884,-96.68,166.68
RX_1973,-0.022365,52.807898,-91.99,161.99
RX_1974,-0.022322,52.807907,-93.96,163.95999999999998
RX_1975,-0.022253,52.807918,-92.38,162.38
RX_1976,-0.022201,52.807926,-92.18,162.18
RX_1977,-0.022138,52.807946,-91.3,161.3
RX_1978,-0.022093,52.807959,-98.25,168.25
RX_1979,-0.022041,52.807971,-97.6,167.6
RX_1980,-0.022004,52.807982,-97.26,167.26
RX_1981,-0.021967,52.808006,-93.85,163.85
RX_1982,-0.021946,52.808024,-92.49,162.49
RX_1983,-0.021924,52.808051,-92.79,162.79000000000002
RX_1984,-0.021914,52.80807,-92.01,162.01
RX_1985,-0.021905,52.808097,-93.42,163.42000000000002
RX_1986,-0.0219,52.808115,-95.87,165.87
RX_1987,-0.0219,52.808141,-92.49,162.49
RX_1988,-0.0219,52.808168,-90.96,160.95999999999998
RX_1989,-0.0219,52.808183,-90.21,160.20999999999998
RX_1990,-0.021905,52.808216,-89.87,159.87
RX_1991,-0.02191,52.808248,-92.89,162.89
RX_1992,-0.021914,52.808268,-92.09,162.09
RX_1993,-0.021922,52.808302,-92.13,162.13
RX_1994,-0.02193,52.808335,-91.8,161.8
RX_1995,-0.021934,52.808353,-89.88,159.88
RX_1996,-0.021936,52.808383,-90.8,160.8
RX_1997,-0.021938,52.808413,-89.17,159.17000000000002
RX_1998,-0.02194,52.808433,-90.19,160.19
RX_1999,-0.021938,52.808458,-88.05,158.05
RX_2000,-0.021935,52.808487,-90.12,160.12
RX_2001,-0.021932,52.808516,-87.75,157.75
RX_2002,-0.021929,52.808532,-86.08,156.07999999999998
RX_2003,-0.02192,52.808565,-88.46,158.45999999999998
RX_2004,-0.021912,52.808598,-87.26,157.26
RX_2005,-0.021907,52.80862,-90.37,160.37
RX_2006,-0.021899,52.808645,-89.24,159.24
RX_2007,-0.021889,52.808676,-89.78,159.78
RX_2008,-0.021879,52.808707,-88.27,158.26999999999998
RX_2009,-0.021875,52.808721,-86.29,156.29000000000002
RX_2010,-0.021863,52.80875,-87.49,157.49
RX_2011,-0.021852,52.808779,-90.67,160.67000000000002
RX_2012,-0.02184,52.808808,-87.38,157.38
RX_2013,-0.021835,52.808821,-88.75,158.75
RX_2014,-0.021824,52.808853,-89.76,159.76
RX_2015,-0.021814,52.808886,-88.13,158.13
RX_2016,-0.021804,52.808919,-90.15,160.15
RX_2017,-0.021799,52.808933,-86.16,156.16
RX_2018,-0.021789,52.808967,-88.04,158.04000000000002
RX_2019,-0.021779,52.809,-92.11,162.11
RX_2020,-0.021769,52.809034,-91.44,161.44
RX_2021,-0.021765,52.809048,-91.17,161.17000000000002
RX_2022,-0.021756,52.80908,-90.02,160.01999999999998
RX_2023,-0.021747,52.809112,-88.81,158.81
RX_2024,-0.021738,52.809144,-89.02,159.01999999999998
RX_2025,-0.021734,52.809158,-81.18,151.18
RX_2026,-0.021725,52.80919,-84.09,154.09
RX_2027,-0.021716,52.809221,-82.6,152.6
RX_2028,-0.021706,52.809253,-85.83,155.82999999999998
RX_2029,-0.021702,52.809267,-81.8,151.8
RX_2030,-0.021694,52.809298,-86.91,156.91
RX_2031,-0.021686,52.809329,-85.93,155.93
RX_2032,-0.021677,52.809361,-82.17,152.17000000000002
RX_2033,-0.021674,52.809375,-82.54,152.54000000000002
RX_2034,-0.021667,52.809408,-85.93,155.93
RX_2035,-0.021661,52.809441,-81.82,151.82
RX_2036,-0.021654,52.809474,-80.99,150.99
RX_2037,-0.021651,52.809489,-83.72,153.72
RX_2038,-0.021647,52.809522,-89.33,159.32999999999998
RX_2039,-0.021643,52.809555,-85.38,155.38
RX_2040,-0.021639,52.809588,-84.5,154.5
RX_2041,-0.021637,52.809603,-83.86,153.86
RX_2042,-0.021631,52.809637,-86.41,156.41
RX_2043,-0.021625,52.809672,-83.19,153.19
RX_2044,-0.021619,52.809706,-85.3,155.3
RX_2045,-0.021617,52.809721,-84.98,154.98000000000002
RX_2046,-0.021611,52.809756,-81.99,151.99
RX_2047,-0.021605,52.80979,-84.0,154.0
RX_2048,-0.021598,52.809824,-84.5,154.5
RX_2049,-0.021596,52.809839,-85.2,155.2
RX_2050,-0.02159,52.809873,-86.39,156.39
RX_2051,-0.021584,52.809906,-91.48,161.48000000000002
RX_2052,-0.021578,52.809938,-90.49,160.49
RX_2053,-0.021573,52.809955,-90.59,160.59
RX_2054,-0.021564,52.809988,-88.8,158.8
RX_2055,-0.021554,52.810021,-91.19,161.19
RX_2056,-0.021545,52.81005,-89.95,159.95
RX_2057,-0.021537,52.81007,-91.23,161.23000000000002
RX_2058,-0.021523,52.810105,-92.2,162.2
RX_2059,-0.021509,52.81014,-91.47,161.47
RX_2060,-0.021502,52.81016,-87.33,157.32999999999998
RX_2061,-0.02149,52.810187,-89.15,159.15
RX_2062,-0.021477,52.810217,-88.96,158.95999999999998
RX_2063,-0.021465,52.810246,-89.35,159.35
RX_2064,-0.021458,52.810262,-89.75,159.75
RX_2065,-0.021443,52.810289,-89.28,159.28
RX_2066,-0.021426,52.810319,-88.84,158.84
RX_2067,-0.021409,52.810348,-91.83,161.82999999999998
RX_2068,-0.021398,52.810367,-88.1,158.1
RX_2069,-0.021383,52.810391,-89.78,159.78
RX_2070,-0.021364,52.810421,-88.43,158.43
RX_2071,-0.021345,52.810452,-91.98,161.98000000000002
RX_2072,-0.02133,52.810475,-90.53,160.53
RX_2073,-0.021317,52.810495,-87.51,157.51
RX_2074,-0.021297,52.810527,-87.87,157.87
RX_2075,-0.021277,52.810559,-89.75,159.75
RX_2076,-0.021258,52.810588,-87.35,157.35
RX_2077,-0.021245,52.810604,-88.01,158.01
RX_2078,-0.021219,52.810636,-88.34,158.34
RX_2079,-0.021194,52.810667,-87.04,157.04000000000002
RX_2080,-0.021168,52.810698,-86.57,156.57
RX_2081,-0.021158,52.810711,-91.24,161.24
RX_2082,-0.021133,52.810741,-91.96,161.95999999999998
RX_2083,-0.021109,52.810772,-92.14,162.14
RX_2084,-0.021084,52.810802,-93.45,163.45
RX_2085,-0.021072,52.810816,-88.87,158.87
RX_2086,-0.021045,52.810848,-89.4,159.4
RX_2087,-0.021018,52.810879,-91.14,161.14
RX_2088,-0.02099,52.810911,-93.98,163.98000000000002
RX_2089,-0.020979,52.810924,-98.19,168.19
RX_2090,-0.020954,52.810951,-94.38,164.38
RX_2091,-0.02093,52.810979,-88.88,158.88
RX_2092,-0.020905,52.811006,-94.45,164.45
RX_2093,-0.020893,52.81102,-98.01,168.01
RX_2094,-0.020867,52.811054,-101.33,171.32999999999998
RX_2095,-0.02084,52.81109,-104.28,174.28
RX_2096,-0.020814,52.811126,-103.76,173.76
RX_2097,-0.020805,52.811139,-102.21,172.20999999999998
RX_2098,-0.020786,52.811169,-102.54,172.54000000000002
RX_2099,-0.020767,52.811199,-103.77,173.76999999999998
RX_2100,-0.020749,52.811228,-104.24,174.24
RX_2101,-0.020741,52.811241,-102.98,172.98000000000002
RX_2102,-0.020728,52.811274,-103.68,173.68
RX_2103,-0.020714,52.811306,-102.85,172.85
RX_2104,-0.020701,52.811338,-103.23,173.23000000000002
RX_2105,-0.020696,52.811351,-102.72,172.72
RX_2106,-0.020688,52.811382,-104.28,174.28
RX_2107,-0.02068,52.811414,-89.94,159.94
RX_2108,-0.020672,52.811446,-87.12,157.12
RX_2109,-0.020667,52.811467,-85.09,155.09
RX_2110,-0.020665,52.811489,-84.84,154.84
RX_2111,-0.020662,52.811521,-88.0,158.0
RX_2112,-0.02066,52.811552,-83.89,153.89
RX_2113,-0.020657,52.811584,-85.55,155.55
RX_2114,-0.020657,52.811596,-87.22,157.22
RX_2115,-0.020656,52.811627,-87.81,157.81
RX_2116,-0.020656,52.811658,-86.1,156.1
RX_2117,-0.020655,52.811689,-87.25,157.25
RX_2118,-0.020655,52.81171,-86.92,156.92000000000002
RX_2119,-0.020658,52.811731,-89.5,159.5
RX_2120,-0.020661,52.811763,-91.09,161.09
RX_2121,-0.020665,52.811795,-89.88,159.88
RX_2122,-0.020669,52.811827,-86.44,156.44
RX_2123,-0.020671,52.811838,-89.22,159.22
RX_2124,-0.02068,52.811871,-87.62,157.62
RX_2125,-0.020689,52.811903,-86.61,156.61
RX_2126,-0.020698,52.811936,-88.34,158.34
RX_2127,-0.020707,52.811967,-90.31,160.31
RX_2128,-0.020712,52.811979,-85.35,155.35
RX_2129,-0.020725,52.812011,-86.55,156.55
RX_2130,-0.020738,52.812042,-90.95,160.95
RX_2131,-0.02075,52.812074,-88.95,158.95
RX_2132,-0.020758,52.812093,-88.54,158.54000000000002
RX_2133,-0.020769,52.81212,-88.23,158.23000000000002
RX_2134,-0.020784,52.812155,-83.28,153.28
RX_2135,-0.020799,52.812191,-85.15,155.15
RX_2136,-0.020814,52.812226,-85.97,155.97
RX_2137,-0.02082,52.812238,-92.89,162.89
RX_2138,-0.020835,52.81227,-90.6,160.6
RX_2139,-0.020851,52.812302,-90.45,160.45
RX_2140,-0.020867,52.812335,-88.23,158.23000000000002
RX_2141,-0.02088,52.812362,-92.97,162.97
RX_2142,-0.020888,52.812379,-92.14,162.14
RX_2143,-0.020903,52.812411,-89.98,159.98000000000002
RX_2144,-0.020917,52.812444,-86.24,156.24
RX_2145,-0.020932,52.812476,-86.32,156.32
RX_2146,-0.020937,52.812488,-87.42,157.42000000000002
RX_2147,-0.020953,52.812519,-87.69,157.69
RX_2148,-0.020968,52.81255,-85.54,155.54000000000002
RX_2149,-0.020984,52.812582,-86.11,156.11
RX_2150,-0.020997,52.812607,-87.38,157.38
RX_2151,-0.021006,52.812626,-84.06,154.06
RX_2152,-0.021021,52.812659,-84.51,154.51
RX_2153,-0.021036,52.812692,-85.28,155.28
RX_2154,-0.021052,52.812725,-86.46,156.45999999999998
RX_2155,-0.021058,52.812737,-88.14,158.14
RX_2156,-0.021074,52.812767,-90.56,160.56
RX_2157,-0.02109,52.812796,-93.24,163.24
RX_2158,-0.021106,52.812826,-89.36,159.36
RX_2159,-0.021115,52.812843,-88.22,158.22
RX_2160,-0.021127,52.81287,-89.51,159.51
RX_2161,-0.021141,52.812903,-88.23,158.23000000000002
RX_2162,-0.021156,52.812936,-88.44,158.44
RX_2163,-0.02117,52.812968,-85.1,155.1
RX_2164,-0.021177,52.812982,-82.36,152.36
RX_2165,-0.021193,52.813015,-82.05,152.05
RX_2166,-0.021209,52.813049,-80.78,150.78
RX_2167,-0.021226,52.813083,-81.7,151.7
RX_2168,-0.021232,52.813096,-86.77,156.76999999999998
RX_2169,-0.021246,52.813127,-90.69,160.69
RX_2170,-0.021261,52.813159,-86.78,156.78
RX_2171,-0.021275,52.813191,-88.08,158.07999999999998
RX_2172,-0.021282,52.813205,-93.67,163.67000000000002
RX_2173,-0.021298,52.81324,-91.09,161.09
RX_2174,-0.021314,52.813274,-87.01,157.01
RX_2175,-0.02133,52.813308,-82.83,152.82999999999998
RX_2176,-0.021337,52.813323,-88.16,158.16
RX_2177,-0.021352,52.813356,-86.71,156.70999999999998
RX_2178,-0.021368,52.81339,-88.16,158.16
RX_2179,-0.021383,52.813423,-90.81,160.81
RX_2180,-0.021391,52.813438,-85.64,155.64
RX_2181,-0.021405,52.813471,-88.9,158.9
RX_2182,-0.021419,52.813504,-88.03,158.03
RX_2183,-0.021434,52.813537,-87.06,157.06
RX_2184,-0.02144,52.813552,-86.84,156.84
RX_2185,-0.021449,52.813585,-90.37,160.37
RX_2186,-0.021459,52.813617,-91.78,161.78
RX_2187,-0.021469,52.81365,-90.5,160.5
RX_2188,-0.02147,52.813665,-92.21,162.20999999999998
RX_2189,-0.02147,52.813699,-92.98,162.98000000000002
RX_2190,-0.02147,52.813733,-91.77,161.76999999999998
RX_2191,-0.02147,52.813765,-91.33,161.32999999999998
RX_2192,-0.021465,52.813781,-91.21,161.20999999999998
RX_2193,-0.021456,52.813815,-91.56,161.56
RX_2194,-0.021446,52.813848,-93.43,163.43
RX_2195,-0.021438,52.813875,-93.1,163.1
RX_2196,-0.021425,52.813898,-91.64,161.64
RX_2197,-0.021405,52.813934,-94.11,164.11
RX_2198,-0.021385,52.813969,-93.12,163.12
RX_2199,-0.021376,52.813986,-93.92,163.92000000000002
RX_2200,-0.021355,52.814018,-94.21,164.20999999999998
RX_2201,-0.021335,52.81405,-90.47,160.47
RX_2202,-0.021314,52.814082,-91.59,161.59
RX_2203,-0.021302,52.814098,-91.2,161.2
RX_2204,-0.021276,52.814131,-91.06,161.06
RX_2205,-0.02125,52.814164,-89.3,159.3
RX_2206,-0.021237,52.814182,-89.14,159.14
RX_2207,-0.021215,52.814212,-88.92,158.92000000000002
RX_2208,-0.021193,52.814242,-89.75,159.75
RX_2209,-0.021171,52.814272,-89.39,159.39
RX_2210,-0.02116,52.814286,-92.27,162.26999999999998
RX_2211,-0.021138,52.814315,-93.96,163.95999999999998
RX_2212,-0.021116,52.814344,-92.71,162.70999999999998
RX_2213,-0.021097,52.814368,-90.83,160.82999999999998
RX_2214,-0.021083,52.814386,-88.55,158.55
RX_2215,-0.02106,52.814416,-87.36,157.36
RX_2216,-0.021038,52.814446,-87.08,157.07999999999998
RX_2217,-0.021022,52.814467,-89.93,159.93
RX_2218,-0.021004,52.814486,-94.1,164.1
RX_2219,-0.020981,52.814511,-94.4,164.4
RX_2220,-0.020957,52.814536,-96.11,166.11
RX_2221,-0.020935,52.81456,-97.63,167.63
RX_2222,-0.020918,52.814574,-98.46,168.45999999999998
RX_2223,-0.02088,52.814604,-97.79,167.79000000000002
RX_2224,-0.020842,52.814634,-100.06,170.06
RX_2225,-0.020825,52.814648,-99.69,169.69
RX_2226,-0.020791,52.814672,-99.26,169.26
RX_2227,-0.020757,52.814696,-99.15,169.15
RX_2228,-0.020723,52.81472,-100.04,170.04000000000002
RX_2229,-0.020702,52.814735,-100.01,170.01
RX_2230,-0.02067,52.814755,-98.85,168.85
RX_2231,-0.020632,52.814779,-98.56,168.56
RX_2232,-0.020594,52.814803,-99.9,169.9
RX_2233,-0.02057,52.814818,-99.3,169.3
RX_2234,-0.020537,52.814837,-100.55,170.55
RX_2235,-0.020494,52.814862,-100.68,170.68
RX_2236,-0.020451,52.814886,-97.07,167.07
RX_2237,-0.020427,52.8149,-97.78,167.78
RX_2238,-0.020394,52.81492,-100.17,170.17000000000002
RX_2239,-0.020355,52.814943,-101.76,171.76
RX_2240,-0.020316,52.814966,-102.35,172.35
RX_2241,-0.020287,52.814983,-101.87,171.87
RX_2242,-0.02026,52.814999,-101.0,171.0
RX_2243,-0.020222,52.815023,-100.59,170.59
RX_2244,-0.020183,52.815047,-99.86,169.86
RX_2245,-0.020155,52.815063,-100.83,170.82999999999998
RX_2246,-0.020126,52.81508,-98.77,168.76999999999998
RX_2247,-0.020087,52.815103,-100.03,170.03
RX_2248,-0.020047,52.815125,-99.95,169.95
RX_2249,-0.020022,52.81514,-99.01,169.01
RX_2250,-0.019991,52.815158,-99.99,169.99
RX_2251,-0.019953,52.815179,-100.39,170.39
RX_2252,-0.019915,52.815201,-99.25,169.25
RX_2253,-0.01989,52.815215,-101.19,171.19
RX_2254,-0.019859,52.815232,-101.38,171.38
RX_2255,-0.01982,52.815253,-100.85,170.85
RX_2256,-0.019781,52.815275,-101.0,171.0
RX_2257,-0.019753,52.81529,-98.06,168.06
RX_2258,-0.019725,52.815306,-99.15,169.15
RX_2259,-0.019685,52.815328,-100.6,170.6
RX_2260,-0.019645,52.815351,-102.07,172.07
RX_2261,-0.01961,52.81537,-99.73,169.73000000000002
RX_2262,-0.019588,52.815383,-99.02,169.01999999999998
RX_2263,-0.019549,52.815408,-99.07,169.07
RX_2264,-0.019509,52.815432,-99.2,169.2
RX_2265,-0.019469,52.815456,-96.02,166.01999999999998
RX_2266,-0.019451,52.815466,-91.33,161.32999999999998
RX_2267,-0.019407,52.815489,-93.71,163.70999999999998
RX_2268,-0.019364,52.815512,-95.62,165.62
RX_2269,-0.019321,52.815534,-96.74,166.74
RX_2270,-0.019304,52.815543,-98.84,168.84
RX_2271,-0.019263,52.815565,-98.97,168.97
RX_2272,-0.019222,52.815586,-97.5,167.5
RX_2273,-0.01918,52.815608,-96.85,166.85
RX_2274,-0.019164,52.815617,-98.03,168.03
RX_2275,-0.019123,52.815637,-98.24,168.24
RX_2276,-0.019082,52.815658,-96.16,166.16
RX_2277,-0.019041,52.815678,-94.67,164.67000000000002
RX_2278,-0.019018,52.81569,-94.11,164.11
RX_2279,-0.018985,52.815708,-89.48,159.48000000000002
RX_2280,-0.018944,52.81573,-90.24,160.24
RX_2281,-0.018904,52.815751,-88.16,158.16
RX_2282,-0.018872,52.815768,-85.52,155.51999999999998
RX_2283,-0.018847,52.815782,-88.55,158.55
RX_2284,-0.018808,52.815803,-87.43,157.43
RX_2285,-0.018769,52.815825,-86.84,156.84
RX_2286,-0.018732,52.815845,-87.2,157.2
RX_2287,-0.018714,52.815855,-90.15,160.15
RX_2288,-0.018674,52.815879,-88.28,158.28
RX_2289,-0.018634,52.815902,-86.24,156.24
RX_2290,-0.018594,52.815926,-90.54,160.54000000000002
RX_2291,-0.018579,52.815935,-88.27,158.26999999999998
RX_2292,-0.018543,52.815957,-84.78,154.78
RX_2293,-0.018508,52.81598,-87.49,157.49
RX_2294,-0.018472,52.816002,-87.25,157.25
RX_2295,-0.018457,52.816011,-88.79,158.79000000000002
RX_2296,-0.01842,52.816036,-87.83,157.82999999999998
RX_2297,-0.018383,52.81606,-88.98,158.98000000000002
RX_2298,-0.018346,52.816084,-83.93,153.93
RX_2299,-0.01833,52.816095,-81.51,151.51
RX_2300,-0.018293,52.816116,-85.35,155.35
RX_2301,-0.018256,52.816138,-85.83,155.82999999999998
RX_2302,-0.018219,52.816159,-86.25,156.25
RX_2303,-0.018192,52.816175,-83.95,153.95
RX_2304,-0.018166,52.816192,-84.63,154.63
RX_2305,-0.018129,52.816217,-88.97,158.97
RX_2306,-0.018092,52.816243,-83.58,153.57999999999998
RX_2307,-0.018058,52.816265,-86.56,156.56
RX_2308,-0.018042,52.816278,-86.54,156.54000000000002
RX_2309,-0.018008,52.816304,-89.69,159.69
RX_2310,-0.017975,52.816329,-85.14,155.14
RX_2311,-0.017942,52.816354,-84.64,154.64
RX_2312,-0.017928,52.816364,-87.74,157.74
RX_2313,-0.017893,52.816388,-85.65,155.65
RX_2314,-0.017857,52.816413,-87.37,157.37
RX_2315,-0.017822,52.816438,-82.54,152.54000000000002
RX_2316,-0.017808,52.816447,-82.56,152.56
RX_2317,-0.017774,52.816473,-82.09,152.09
RX_2318,-0.017739,52.8165,-79.44,149.44
RX_2319,-0.017705,52.816526,-80.56,150.56
RX_2320,-0.017685,52.816542,-81.35,151.35
RX_2321,-0.017663,52.816563,-81.68,151.68
RX_2322,-0.017636,52.81659,-80.27,150.26999999999998
RX_2323,-0.017608,52.816618,-79.43,149.43
RX_2324,-0.017582,52.816643,-78.8,148.8
RX_2325,-0.017568,52.81666,-78.21,148.20999999999998
RX_2326,-0.017539,52.816694,-78.55,148.55
RX_2327,-0.017509,52.816728,-79.45,149.45
RX_2328,-0.01748,52.816762,-81.19,151.19
RX_2329,-0.01747,52.816775,-80.62,150.62
RX_2330,-0.017445,52.816805,-81.18,151.18
RX_2331,-0.017421,52.816835,-79.74,149.74
RX_2332,-0.017396,52.816865,-81.03,151.03
RX_2333,-0.017386,52.816877,-76.74,146.74
RX_2334,-0.017362,52.816912,-75.86,145.86
RX_2335,-0.017337,52.816947,-76.51,146.51
RX_2336,-0.017312,52.816982,-82.74,152.74
RX_2337,-0.017298,52.817002,-91.41,161.41
RX_2338,-0.017278,52.817029,-88.18,158.18
RX_2339,-0.017253,52.81706,-87.78,157.78
RX_2340,-0.017229,52.817092,-87.41,157.41
RX_2341,-0.017215,52.81711,-79.07,149.07
RX_2342,-0.017192,52.817137,-76.23,146.23000000000002
RX_2343,-0.017166,52.817168,-75.78,145.78
RX_2344,-0.01714,52.817199,-79.45,149.45
RX_2345,-0.017127,52.817215,-83.73,153.73000000000002
RX_2346,-0.017109,52.817245,-87.13,157.13
RX_2347,-0.017092,52.817276,-91.44,161.44
RX_2348,-0.017073,52.817307,-88.95,158.95
RX_2349,-0.017065,52.817322,-92.86,162.86
RX_2350,-0.017046,52.817357,-86.81,156.81
RX_2351,-0.017027,52.817392,-84.15,154.15
RX_2352,-0.017008,52.817428,-82.28,152.28
RX_2353,-0.017002,52.817444,-81.65,151.65
RX_2354,-0.016991,52.817476,-88.11,158.11
RX_2355,-0.016979,52.817509,-88.56,158.56
RX_2356,-0.016972,52.81753,-87.56,157.56
RX_2357,-0.016963,52.817559,-90.71,160.70999999999998
RX_2358,-0.016953,52.817594,-92.7,162.7
RX_2359,-0.016943,52.817629,-84.39,154.39
RX_2360,-0.016938,52.817646,-84.77,154.76999999999998
RX_2361,-0.016927,52.817679,-85.47,155.47
RX_2362,-0.016916,52.817713,-87.55,157.55
RX_2363,-0.016908,52.817737,-90.67,160.67000000000002
RX_2364,-0.016896,52.817769,-84.29,154.29000000000002
RX_2365,-0.016882,52.817808,-80.89,150.89
RX_2366,-0.016872,52.817837,-84.28,154.28
RX_2367,-0.016851,52.817872,-98.28,168.28
RX_2368,-0.016827,52.817915,-99.2,169.2
RX_2369,-0.016808,52.817942,-99.61,169.61
RX_2370,-0.016771,52.817979,-99.62,169.62
RX_2371,-0.016743,52.818007,-99.96,169.95999999999998
RX_2372,-0.016694,52.818037,-100.03,170.03
RX_2373,-0.016658,52.818062,-97.87,167.87
RX_2374,-0.016622,52.818094,-97.42,167.42000000000002
RX_2375,-0.016601,52.818117,-97.54,167.54000000000002
RX_2376,-0.016578,52.818147,-95.43,165.43
RX_2377,-0.016575,52.81817,-96.8,166.8
RX_2378,-0.016572,52.818199,-94.77,164.76999999999998
RX_2379,-0.016577,52.818219,-96.79,166.79000000000002
RX_2380,-0.016586,52.818247,-98.6,168.6
RX_2381,-0.016591,52.818264,-96.82,166.82
RX_2382,-0.016602,52.818292,-94.59,164.59
RX_2383,-0.016612,52.818319,-96.75,166.75
RX_2384,-0.016619,52.818335,-97.71,167.70999999999998
RX_2385,-0.016634,52.818365,-97.83,167.82999999999998
RX_2386,-0.016649,52.818394,-100.06,170.06
RX_2387,-0.016658,52.818412,-99.67,169.67000000000002
RX_2388,-0.016676,52.818443,-99.13,169.13
RX_2389,-0.016693,52.818474,-97.67,167.67000000000002
RX_2390,-0.016702,52.818491,-97.1,167.1
RX_2391,-0.01672,52.81852,-97.88,167.88
RX_2392,-0.016736,52.81855,-96.36,166.36
RX_2393,-0.016745,52.818566,-96.45,166.45
RX_2394,-0.016759,52.818595,-96.1,166.1
RX_2395,-0.016773,52.818624,-98.68,168.68
RX_2396,-0.016781,52.81864,-101.11,171.11
RX_2397,-0.016798,52.818671,-100.86,170.86
RX_2398,-0.016815,52.818702,-103.24,173.24
RX_2399,-0.016825,52.818719,-101.34,171.34
RX_2400,-0.016846,52.818752,-100.46,170.45999999999998
RX_2401,-0.016867,52.818784,-98.02,168.01999999999998
RX_2402,-0.016878,52.818802,-99.13,169.13
RX_2403,-0.0169,52.818831,-96.65,166.65
RX_2404,-0.016922,52.818861,-95.85,165.85
RX_2405,-0.016938,52.818882,-97.05,167.05
RX_2406,-0.016959,52.818905,-95.65,165.65
RX_2407,-0.016983,52.818932,-98.04,168.04000000000002
RX_2408,-0.017003,52.818955,-98.54,168.54000000000002
RX_2409,-0.017018,52.818977,-98.09,168.09
RX_2410,-0.017037,52.819008,-97.73,167.73000000000002
RX_2411,-0.017057,52.819038,-99.74,169.74
RX_2412,-0.017068,52.819054,-98.2,168.2
RX_2413,-0.017089,52.819082,-98.68,168.68
RX_2414,-0.01711,52.819111,-98.46,168.45999999999998
RX_2415,-0.01712,52.819123,-98.96,168.95999999999998
RX_2416,-0.017139,52.819144,-99.57,169.57
RX_2417,-0.017157,52.819165,-100.57,170.57
RX_2418,-0.017167,52.819177,-100.81,170.81
RX_2419,-0.017188,52.819207,-101.77,171.76999999999998
RX_2420,-0.017209,52.819238,-101.06,171.06
RX_2421,-0.017221,52.819255,-100.07,170.07
RX_2422,-0.01724,52.819287,-102.38,172.38
RX_2423,-0.017259,52.81932,-100.54,170.54000000000002
RX_2424,-0.017272,52.819342,-100.96,170.95999999999998
RX_2425,-0.017294,52.819373,-102.16,172.16
RX_2426,-0.017317,52.819406,-100.21,170.20999999999998
RX_2427,-0.017332,52.819427,-101.75,171.75
RX_2428,-0.017349,52.819461,-100.45,170.45
RX_2429,-0.017367,52.819496,-101.28,171.28
RX_2430,-0.017378,52.819517,-100.33,170.32999999999998
RX_2431,-0.017395,52.819557,-99.85,169.85
RX_2432,-0.017412,52.819598,-101.91,171.91
RX_2433,-0.017422,52.81962,-101.05,171.05
RX_2434,-0.017436,52.819652,-100.4,170.4
RX_2435,-0.01745,52.819683,-101.13,171.13
RX_2436,-0.01746,52.819701,-101.64,171.64
RX_2437,-0.017477,52.819728,-100.89,170.89
RX_2438,-0.017493,52.819755,-100.06,170.06
RX_2439,-0.017509,52.819775,-95.14,165.14
RX_2440,-0.017536,52.81981,-89.11,159.11
RX_2441,-0.017557,52.819837,-90.85,160.85
RX_2442,-0.017577,52.819855,-89.94,159.94
RX_2443,-0.017604,52.81988,-93.56,163.56
RX_2444,-0.01763,52.819904,-91.44,161.44
RX_2445,-0.017643,52.819917,-94.32,164.32
RX_2446,-0.017667,52.819942,-95.94,165.94
RX_2447,-0.01769,52.819967,-95.25,165.25
RX_2448,-0.017712,52.819991,-94.46,164.45999999999998
RX_2449,-0.017726,52.820003,-97.01,167.01
RX_2450,-0.017755,52.820028,-96.36,166.36
RX_2451,-0.017784,52.820054,-98.0,168.0
RX_2452,-0.017802,52.82007,-95.3,165.3
RX_2453,-0.017833,52.820093,-95.55,165.55
RX_2454,-0.01787,52.82012,-95.84,165.84
RX_2455,-0.017907,52.820147,-96.02,166.01999999999998
RX_2456,-0.017924,52.82016,-96.79,166.79000000000002
RX_2457,-0.017959,52.820187,-95.97,165.97
RX_2458,-0.017994,52.820214,-94.51,164.51
RX_2459,-0.018028,52.820241,-93.42,163.42000000000002
RX_2460,-0.018044,52.820253,-91.76,161.76
RX_2461,-0.018079,52.82028,-92.06,162.06
RX_2462,-0.018113,52.820307,-95.68,165.68
RX_2463,-0.018145,52.820332,-96.56,166.56
RX_2464,-0.018164,52.820344,-94.58,164.57999999999998
RX_2465,-0.0182,52.820368,-95.65,165.65
RX_2466,-0.018236,52.820391,-95.63,165.63
RX_2467,-0.018267,52.820412,-96.28,166.28
RX_2468,-0.018288,52.820428,-98.96,168.95999999999998
RX_2469,-0.018323,52.820456,-97.4,167.4
RX_2470,-0.018359,52.820483,-97.78,167.78
RX_2471,-0.018385,52.820503,-98.16,168.16
RX_2472,-0.018412,52.820523,-95.28,165.28
RX_2473,-0.018448,52.82055,-96.76,166.76
RX_2474,-0.018485,52.820577,-95.52,165.51999999999998
RX_2475,-0.018505,52.820592,-95.99,165.99
RX_2476,-0.018541,52.820614,-97.09,167.09
RX_2477,-0.01858,52.820639,-95.47,165.47
RX_2478,-0.018619,52.820664,-94.13,164.13
RX_2479,-0.018638,52.820676,-94.94,164.94
RX_2480,-0.018678,52.820701,-97.3,167.3
RX_2481,-0.018717,52.820726,-97.28,167.28
RX_2482,-0.018756,52.820751,-96.66,166.66
RX_2483,-0.018775,52.820762,-96.92,166.92000000000002
RX_2484,-0.018818,52.820784,-97.23,167.23000000000002
RX_2485,-0.01886,52.820807,-95.49,165.49
RX_2486,-0.018897,52.820827,-98.57,168.57
RX_2487,-0.018922,52.820841,-98.07,168.07
RX_2488,-0.018963,52.820864,-95.6,165.6
RX_2489,-0.019005,52.820887,-95.11,165.11
RX_2490,-0.019028,52.8209,-95.09,165.09
RX_2491,-0.019067,52.820923,-94.79,164.79000000000002
RX_2492,-0.019108,52.820947,-95.38,165.38
RX_2493,-0.01915,52.820972,-97.2,167.2
RX_2494,-0.01917,52.820984,-98.46,168.45999999999998
RX_2495,-0.01921,52.821008,-99.25,169.25
RX_2496,-0.019252,52.821033,-98.39,168.39
RX_2497,-0.019278,52.821048,-97.74,167.74
RX_2498,-0.019321,52.82107,-97.72,167.72
RX_2499,-0.019369,52.821093,-98.09,168.09
RX_2500,-0.0194,52.821108,-98.41,168.41
RX_2501,-0.019441,52.821134,-99.18,169.18
RX_2502,-0.019486,52.821161,-99.42,169.42000000000002
RX_2503,-0.019513,52.821177,-98.11,168.11
RX_2504,-0.019559,52.8212,-98.7,168.7
RX_2505,-0.019605,52.821223,-99.08,169.07999999999998
RX_2506,-0.01963,52.821236,-99.66,169.66
RX_2507,-0.019668,52.821257,-100.28,170.28
RX_2508,-0.019705,52.821277,-99.29,169.29000000000002
RX_2509,-0.019726,52.82129,-98.36,168.36
RX_2510,-0.019761,52.821312,-99.17,169.17000000000002
RX_2511,-0.019795,52.821334,-98.19,168.19
RX_2512,-0.019815,52.821347,-98.81,168.81
RX_2513,-0.01985,52.821371,-98.16,168.16
RX_2514,-0.019885,52.821394,-97.48,167.48000000000002
RX_2515,-0.019906,52.821408,-98.38,168.38
RX_2516,-0.019942,52.821431,-97.63,167.63
RX_2517,-0.019978,52.821455,-99.46,169.45999999999998
RX_2518,-0.019999,52.82147,-97.6,167.6
RX_2519,-0.020036,52.821498,-96.88,166.88
RX_2520,-0.020072,52.821527,-99.87,169.87
RX_2521,-0.020092,52.821542,-98.51,168.51
RX_2522,-0.020127,52.821568,-97.97,167.97
RX_2523,-0.020162,52.821595,-99.4,169.4
RX_2524,-0.020181,52.821611,-98.08,168.07999999999998
RX_2525,-0.020213,52.82164,-99.96,169.95999999999998
RX_2526,-0.020245,52.82167,-101.3,171.3
RX_2527,-0.020263,52.821688,-100.1,170.1
RX_2528,-0.020293,52.821718,-98.73,168.73000000000002
RX_2529,-0.020318,52.821743,-98.24,168.24
RX_2530,-0.020337,52.821765,-97.87,167.87
RX_2531,-0.02036,52.821793,-97.52,167.51999999999998
RX_2532,-0.020377,52.821813,-96.95,166.95
RX_2533,-0.020393,52.821839,-99.19,169.19
RX_2534,-0.020414,52.821869,-99.57,169.57
RX_2535,-0.020427,52.821888,-100.22,170.22
RX_2536,-0.020441,52.82192,-101.05,171.05
RX_2537,-0.020456,52.821954,-100.73,170.73000000000002
RX_2538,-0.020465,52.821974,-101.66,171.66
RX_2539,-0.020476,52.822005,-102.49,172.49
RX_2540,-0.020486,52.822035,-103.07,173.07
RX_2541,-0.020493,52.822057,-103.21,173.20999999999998
RX_2542,-0.020499,52.82209,-102.35,172.35
RX_2543,-0.020504,52.822129,-93.32,163.32
RX_2544,-0.020507,52.82215,-94.82,164.82
RX_2545,-0.020507,52.822183,-98.72,168.72
RX_2546,-0.020508,52.822216,-97.35,167.35
RX_2547,-0.020507,52.822235,-96.21,166.20999999999998
RX_2548,-0.020502,52.822266,-92.11,162.11
RX_2549,-0.020497,52.822297,-93.85,163.85
RX_2550,-0.020494,52.822314,-95.53,165.53
RX_2551,-0.020485,52.822348,-93.74,163.74
RX_2552,-0.020477,52.822383,-93.26,163.26
RX_2553,-0.020472,52.822402,-89.94,159.94
RX_2554,-0.02046,52.822435,-87.91,157.91
RX_2555,-0.020449,52.822467,-89.05,159.05
RX_2556,-0.020442,52.822488,-91.07,161.07
RX_2557,-0.020431,52.822518,-88.61,158.61
RX_2558,-0.020419,52.82255,-88.59,158.59
RX_2559,-0.02041,52.822573,-87.7,157.7
RX_2560,-0.020401,52.822602,-88.4,158.4
RX_2561,-0.020391,52.822636,-86.98,156.98000000000002
RX_2562,-0.020383,52.822663,-85.04,155.04000000000002
RX_2563,-0.020375,52.822687,-88.64,158.64
RX_2564,-0.020364,52.822719,-88.42,158.42000000000002
RX_2565,-0.020353,52.822748,-83.87,153.87
RX_2566,-0.020345,52.82277,-82.7,152.7
RX_2567,-0.020333,52.822804,-84.59,154.59
RX_2568,-0.020322,52.822835,-86.13,156.13
RX_2569,-0.020315,52.822857,-84.91,154.91
RX_2570,-0.020304,52.822891,-85.12,155.12
RX_2571,-0.020295,52.822922,-84.79,154.79000000000002
RX_2572,-0.020287,52.822944,-85.21,155.20999999999998
RX_2573,-0.020274,52.822979,-85.49,155.49
RX_2574,-0.020263,52.823008,-90.86,160.86
RX_2575,-0.020256,52.823031,-86.53,156.53
RX_2576,-0.020247,52.823063,-82.2,152.2
RX_2577,-0.02024,52.823087,-84.06,154.06
RX_2578,-0.020228,52.823117,-85.77,155.76999999999998
RX_2579,-0.020215,52.823152,-88.72,158.72
RX_2580,-0.020206,52.823173,-85.99,155.99
RX_2581,-0.020192,52.823204,-91.43,161.43
RX_2582,-0.020178,52.823234,-86.94,156.94
RX_2583,-0.020168,52.823255,-85.31,155.31
RX_2584,-0.020151,52.823289,-86.55,156.55
RX_2585,-0.020138,52.823317,-88.22,158.22
RX_2586,-0.020125,52.823346,-91.3,161.3
RX_2587,-0.020109,52.823381,-90.4,160.4
RX_2588,-0.020099,52.823404,-92.01,162.01
RX_2589,-0.020083,52.82344,-88.93,158.93
RX_2590,-0.020072,52.823468,-88.54,158.54000000000002
RX_2591,-0.020059,52.823503,-89.28,159.28
RX_2592,-0.020047,52.823538,-89.15,159.15
RX_2593,-0.020029,52.823577,-89.35,159.35
RX_2594,-0.020015,52.823612,-94.64,164.64
RX_2595,-0.020003,52.823647,-89.13,159.13
RX_2596,-0.019997,52.823688,-87.15,157.15
RX_2597,-0.020007,52.82373,-90.13,160.13
RX_2598,-0.020034,52.823766,-88.81,158.81
RX_2599,-0.020056,52.82378,-89.85,159.85
RX_2600,-0.020084,52.823786,-93.83,163.82999999999998
RX_2601,-0.020116,52.82379,-92.67,162.67000000000002
RX_2602,-0.020171,52.823794,-88.44,158.44
RX_2603,-0.020213,52.823796,-91.67,161.67000000000002
RX_2604,-0.020255,52.823798,-88.83,158.82999999999998
RX_2605,-0.0203,52.823796,-88.83,158.82999999999998
RX_2606,-0.020337,52.823793,-89.03,159.03
RX_2607,-0.020381,52.82379,-92.93,162.93
RX_2608,-0.020425,52.823787,-91.21,161.20999999999998
RX_2609,-0.020459,52.823785,-91.94,161.94
RX_2610,-0.020503,52.823783,-91.76,161.76
RX_2611,-0.020532,52.823782,-88.85,158.85
RX_2612,-0.020591,52.823783,-87.84,157.84
RX_2613,-0.020645,52.823783,-87.52,157.51999999999998
RX_2614,-0.020685,52.823784,-88.63,158.63
RX_2615,-0.020743,52.823785,-91.23,161.23000000000002
RX_2616,-0.020779,52.823785,-87.4,157.4
RX_2617,-0.020837,52.823785,-89.99,159.99
RX_2618,-0.020893,52.823785,-89.88,159.88
RX_2619,-0.020927,52.823783,-86.93,156.93
RX_2620,-0.020981,52.823781,-84.79,154.79000000000002
RX_2621,-0.021022,52.823778,-85.93,155.93
RX_2622,-0.021068,52.823774,-93.08,163.07999999999998
RX_2623,-0.021121,52.823768,-87.09,157.09
RX_2624,-0.021153,52.823765,-87.77,157.76999999999998
RX_2625,-0.021205,52.823756,-85.6,155.6
RX_2626,-0.021257,52.823747,-87.66,157.66
RX_2627,-0.021287,52.823742,-87.03,157.03
RX_2628,-0.021336,52.823732,-87.7,157.7
RX_2629,-0.021385,52.823722,-85.49,155.49
RX_2630,-0.021414,52.823715,-84.81,154.81
RX_2631,-0.021465,52.823702,-90.15,160.15
RX_2632,-0.021516,52.823689,-89.81,159.81
RX_2633,-0.021545,52.82368,-87.06,157.06
RX_2634,-0.021595,52.823663,-90.4,160.4
RX_2635,-0.021645,52.823646,-89.54,159.54000000000002
RX_2636,-0.021673,52.823636,-89.66,159.66
RX_2637,-0.021719,52.823617,-88.47,158.47
RX_2638,-0.021766,52.823599,-88.49,158.49
RX_2639,-0.021792,52.823586,-86.15,156.15
RX_2640,-0.021836,52.823563,-86.89,156.89
RX_2641,-0.02188,52.823539,-91.52,161.51999999999998
RX_2642,-0.021905,52.823524,-93.26,163.26
RX_2643,-0.021946,52.823498,-91.7,161.7
RX_2644,-0.021983,52.823475,-89.97,159.97
RX_2645,-0.02201,52.823457,-93.57,163.57
RX_2646,-0.022048,52.823431,-96.59,166.59
RX_2647,-0.022075,52.823413,-91.06,161.06
RX_2648,-0.02211,52.823389,-87.24,157.24
RX_2649,-0.022149,52.823363,-92.09,162.09
RX_2650,-0.022174,52.823347,-89.82,159.82
RX_2651,-0.022215,52.823322,-92.23,162.23000000000002
RX_2652,-0.022256,52.823297,-92.51,162.51
RX_2653,-0.022283,52.823285,-89.16,159.16
RX_2654,-0.022328,52.823266,-88.79,158.79000000000002
RX_2655,-0.022367,52.82325,-92.08,162.07999999999998
RX_2656,-0.022403,52.823239,-87.62,157.62
RX_2657,-0.022451,52.823224,-87.42,157.42000000000002
RX_2658,-0.02248,52.823215,-92.39,162.39
RX_2659,-0.022533,52.823205,-95.5,165.5
RX_2660,-0.022584,52.823196,-92.11,162.11
RX_2661,-0.022614,52.823191,-89.59,159.59
RX_2662,-0.022665,52.823187,-91.58,161.57999999999998
RX_2663,-0.022716,52.823183,-87.4,157.4
RX_2664,-0.022745,52.823181,-88.98,158.98000000000002
RX_2665,-0.0228,52.823178,-93.73,163.73000000000002
RX_2666,-0.022854,52.823175,-95.8,165.8
RX_2667,-0.022885,52.823173,-97.81,167.81
RX_2668,-0.022937,52.823172,-96.01,166.01
RX_2669,-0.022989,52.823171,-91.46,161.45999999999998
RX_2670,-0.023019,52.82317,-94.2,164.2
RX_2671,-0.023078,52.823168,-87.81,157.81
RX_2672,-0.023137,52.823166,-92.63,162.63
RX_2673,-0.02317,52.823165,-86.69,156.69
RX_2674,-0.023224,52.823162,-83.86,153.86
RX_2675,-0.023279,52.82316,-91.04,161.04000000000002
RX_2676,-0.023313,52.823158,-85.2,155.2
RX_2677,-0.023362,52.823152,-83.29,153.29000000000002
RX_2678,-0.023415,52.823144,-84.51,154.51
RX_2679,-0.023457,52.823138,-92.84,162.84
RX_2680,-0.023497,52.82313,-90.52,160.51999999999998
RX_2681,-0.02355,52.82312,-90.29,160.29000000000002
RX_2682,-0.023602,52.82311,-85.73,155.73000000000002
RX_2683,-0.023632,52.823102,-85.84,155.84
RX_2684,-0.023682,52.823088,-83.98,153.98000000000002
RX_2685,-0.023733,52.823074,-90.42,160.42000000000002
RX_2686,-0.023762,52.823066,-84.06,154.06
RX_2687,-0.023815,52.823051,-83.48,153.48000000000002
RX_2688,-0.023868,52.823037,-78.54,148.54000000000002
RX_2689,-0.023897,52.823028,-83.96,153.95999999999998
RX_2690,-0.023949,52.823013,-82.35,152.35
RX_2691,-0.024002,52.822997,-84.14,154.14
RX_2692,-0.024031,52.822989,-83.59,153.59
RX_2693,-0.024081,52.822973,-80.21,150.20999999999998
RX_2694,-0.024131,52.822958,-81.15,151.15
RX_2695,-0.02416,52.822949,-84.31,154.31
RX_2696,-0.024212,52.822935,-86.71,156.70999999999998
RX_2697,-0.024264,52.822921,-91.95,161.95
RX_2698,-0.024292,52.822915,-92.35,162.35
RX_2699,-0.024341,52.822905,-89.24,159.24
RX_2700,-0.024389,52.822895,-92.94,162.94
RX_2701,-0.024418,52.82289,-87.98,157.98000000000002
RX_2702,-0.024471,52.82288,-82.16,152.16
RX_2703,-0.024525,52.82287,-81.79,151.79000000000002
RX_2704,-0.024554,52.822864,-86.96,156.95999999999998
RX_2705,-0.024607,52.822855,-86.3,156.3
RX_2706,-0.02466,52.822846,-84.61,154.61
RX_2707,-0.02469,52.822841,-92.52,162.51999999999998
RX_2708,-0.024744,52.822832,-88.25,158.25
RX_2709,-0.024798,52.822823,-84.63,154.63
RX_2710,-0.024828,52.822817,-83.41,153.41
RX_2711,-0.024881,52.822806,-87.08,157.07999999999998
RX_2712,-0.024934,52.822795,-87.28,157.28
RX_2713,-0.024965,52.822788,-83.52,153.51999999999998
RX_2714,-0.025012,52.822777,-86.03,156.03
RX_2715,-0.025061,52.822766,-86.74,156.74
RX_2716,-0.025102,52.822757,-82.18,152.18
RX_2717,-0.025137,52.822748,-74.9,144.9
RX_2718,-0.025186,52.822736,-75.76,145.76
RX_2719,-0.025235,52.822724,-84.63,154.63
RX_2720,-0.025263,52.822717,-82.57,152.57
RX_2721,-0.025316,52.822704,-85.74,155.74
RX_2722,-0.025369,52.82269,-86.44,156.44
RX_2723,-0.025397,52.822683,-81.78,151.78
RX_2724,-0.025447,52.82267,-76.53,146.53
RX_2725,-0.025497,52.822658,-74.03,144.03
RX_2726,-0.025527,52.82265,-75.35,145.35
RX_2727,-0.025573,52.822636,-76.82,146.82
RX_2728,-0.025621,52.822622,-75.45,145.45
RX_2729,-0.025665,52.822608,-75.61,145.61
RX_2730,-0.025696,52.822598,-77.99,147.99
RX_2731,-0.025745,52.822582,-77.03,147.03
RX_2732,-0.025793,52.822567,-72.94,142.94
RX_2733,-0.025818,52.822557,-71.88,141.88
RX_2734,-0.025866,52.822539,-74.44,144.44
RX_2735,-0.025914,52.82252,-78.65,148.65
RX_2736,-0.02594,52.82251,-78.75,148.75
RX_2737,-0.02598,52.82249,-77.66,147.66
RX_2738,-0.026021,52.82247,-77.56,147.56
RX_2739,-0.02606,52.82245,-77.59,147.59
RX_2740,-0.026083,52.822437,-78.15,148.15
RX_2741,-0.026124,52.822414,-77.81,147.81
RX_2742,-0.026165,52.82239,-77.52,147.51999999999998
RX_2743,-0.026186,52.822378,-79.52,149.51999999999998
RX_2744,-0.026228,52.822355,-81.35,151.35
RX_2745,-0.026271,52.822331,-83.18,153.18
RX_2746,-0.026297,52.822317,-84.32,154.32
RX_2747,-0.026334,52.822295,-88.9,158.9
RX_2748,-0.026376,52.82227,-80.73,150.73000000000002
RX_2749,-0.026413,52.822248,-79.74,149.74
RX_2750,-0.026441,52.822234,-84.26,154.26
RX_2751,-0.026483,52.82221,-87.13,157.13
RX_2752,-0.026526,52.822187,-85.2,155.2
RX_2753,-0.026548,52.822175,-80.91,150.91
RX_2754,-0.026588,52.822153,-83.24,153.24
RX_2755,-0.026628,52.82213,-87.69,157.69
RX_2756,-0.02665,52.822119,-84.57,154.57
RX_2757,-0.026694,52.822098,-84.6,154.6
RX_2758,-0.026738,52.822077,-84.9,154.9
RX_2759,-0.026763,52.822065,-82.49,152.49
RX_2760,-0.026807,52.822047,-83.81,153.81
RX_2761,-0.026853,52.822028,-88.38,158.38
RX_2762,-0.026888,52.822013,-90.11,160.11
RX_2763,-0.026924,52.822,-85.58,155.57999999999998
RX_2764,-0.026971,52.821983,-85.72,155.72
RX_2765,-0.027018,52.821966,-86.79,156.79000000000002
RX_2766,-0.027044,52.821957,-83.4,153.4
RX_2767,-0.027093,52.821941,-86.36,156.36
RX_2768,-0.027142,52.821924,-87.86,157.86
RX_2769,-0.027169,52.821915,-88.13,158.13
RX_2770,-0.027219,52.821899,-84.53,154.53
RX_2771,-0.027269,52.821883,-85.52,155.51999999999998
RX_2772,-0.027296,52.821874,-87.2,157.2
RX_2773,-0.027347,52.821857,-83.06,153.06
RX_2774,-0.027397,52.821839,-81.39,151.39
RX_2775,-0.027427,52.82183,-86.5,156.5
RX_2776,-0.027477,52.821813,-88.45,158.45
RX_2777,-0.027529,52.821797,-90.8,160.8
RX_2778,-0.02756,52.821787,-87.77,157.76999999999998
RX_2779,-0.027612,52.82177,-89.96,159.95999999999998
RX_2780,-0.027665,52.821754,-90.03,160.03
RX_2781,-0.027697,52.821744,-87.27,157.26999999999998
RX_2782,-0.027752,52.821731,-89.37,159.37
RX_2783,-0.027808,52.821718,-90.72,160.72
RX_2784,-0.027845,52.821711,-89.88,159.88
RX_2785,-0.027905,52.821702,-89.07,159.07
RX_2786,-0.027949,52.821695,-91.23,161.23000000000002
RX_2787,-0.028007,52.82169,-94.11,164.11
RX_2788,-0.028053,52.821687,-91.03,161.03
RX_2789,-0.028115,52.821684,-89.54,159.54000000000002
RX_2790,-0.028163,52.821682,-86.54,156.54000000000002
RX_2791,-0.028224,52.821673,-88.55,158.55
RX_2792,-0.028281,52.82166,-89.0,159.0
RX_2793,-0.028395,52.821605,-87.24,157.24
RX_2794,-0.028406,52.821589,-87.21,157.20999999999998
RX_2795,-0.028413,52.821582,-88.62,158.62
RX_2796,-0.028429,52.821567,-86.2,156.2
RX_2797,-0.028448,52.821552,-90.42,160.42000000000002
RX_2798,-0.028473,52.821532,-89.71,159.70999999999998
RX_2799,-0.028498,52.821511,-92.28,162.28
RX_2800,-0.028522,52.821492,-90.47,160.47
RX_2801,-0.028549,52.821467,-88.29,158.29000000000002
RX_2802,-0.028568,52.821448,-88.6,158.6
RX_2803,-0.028591,52.821426,-89.24,159.24
RX_2804,-0.028613,52.821404,-88.94,158.94
RX_2805,-0.028628,52.821389,-90.15,160.15
RX_2806,-0.028653,52.821367,-87.11,157.11
RX_2807,-0.028672,52.82135,-85.1,155.1
RX_2808,-0.028689,52.821335,-85.97,155.97
RX_2809,-0.028712,52.821316,-91.55,161.55
RX_2810,-0.028734,52.821297,-87.88,157.88
RX_2811,-0.028746,52.821286,-92.27,162.26999999999998
RX_2812,-0.028776,52.821261,-91.1,161.1
RX_2813,-0.028806,52.821235,-89.3,159.3
RX_2814,-0.028823,52.82122,-88.49,158.49
RX_2815,-0.028849,52.821194,-90.23,160.23000000000002
RX_2816,-0.028877,52.821167,-93.86,163.86
RX_2817,-0.028904,52.821139,-92.06,162.06
RX_2818,-0.028918,52.821126,-89.2,159.2
RX_2819,-0.028948,52.821098,-87.86,157.86
RX_2820,-0.028976,52.821071,-90.68,160.68
RX_2821,-0.029002,52.821047,-88.52,158.51999999999998
RX_2822,-0.029018,52.821032,-90.04,160.04000000000002
RX_2823,-0.029047,52.821005,-89.43,159.43
RX_2824,-0.029075,52.820978,-89.82,159.82
RX_2825,-0.0291,52.820955,-90.34,160.34
RX_2826,-0.029116,52.820939,-91.26,161.26
RX_2827,-0.029144,52.820911,-89.2,159.2
RX_2828,-0.029171,52.820884,-91.64,161.64
RX_2829,-0.029197,52.820858,-88.81,158.81
RX_2830,-0.029211,52.820844,-87.68,157.68
RX_2831,-0.029239,52.820815,-92.4,162.4
RX_2832,-0.029268,52.820786,-91.19,161.19
RX_2833,-0.029293,52.82076,-94.89,164.89
RX_2834,-0.029309,52.820744,-94.5,164.5
RX_2835,-0.029337,52.820714,-91.16,161.16
RX_2836,-0.029366,52.820685,-91.34,161.34
RX_2837,-0.02939,52.82066,-91.69,161.69
RX_2838,-0.029407,52.820643,-89.87,159.87
RX_2839,-0.029435,52.820614,-91.64,161.64
RX_2840,-0.029464,52.820585,-88.78,158.78
RX_2841,-0.029488,52.82056,-90.74,160.74
RX_2842,-0.029505,52.820545,-91.18,161.18
RX_2843,-0.029534,52.820517,-91.88,161.88
RX_2844,-0.029563,52.82049,-91.59,161.59
RX_2845,-0.02959,52.820465,-91.74,161.74
RX_2846,-0.029603,52.820451,-91.52,161.51999999999998
RX_2847,-0.02963,52.820422,-92.25,162.25
RX_2848,-0.029657,52.820394,-92.06,162.06
RX_2849,-0.029683,52.820366,-89.72,159.72
RX_2850,-0.029695,52.820354,-92.29,162.29000000000002
RX_2851,-0.029724,52.820324,-91.69,161.69
RX_2852,-0.029754,52.820293,-91.36,161.36
RX_2853,-0.029784,52.820263,-92.96,162.95999999999998
RX_2854,-0.029796,52.82025,-89.62,159.62
RX_2855,-0.029824,52.820222,-91.06,161.06
RX_2856,-0.029853,52.820194,-91.4,161.4
RX_2857,-0.029881,52.820166,-89.5,159.5
RX_2858,-0.029893,52.820153,-88.16,158.16
RX_2859,-0.029925,52.820123,-92.2,162.2
RX_2860,-0.029957,52.820092,-91.24,161.24
RX_2861,-0.029988,52.820061,-92.54,162.54000000000002
RX_2862,-0.030001,52.820049,-91.56,161.56
RX_2863,-0.030032,52.82002,-93.76,163.76
RX_2864,-0.030062,52.819991,-89.47,159.47
RX_2865,-0.030092,52.819962,-93.84,163.84
RX_2866,-0.030105,52.81995,-91.2,161.2
RX_2867,-0.030134,52.819921,-92.53,162.53
RX_2868,-0.030162,52.819893,-93.0,163.0
RX_2869,-0.030191,52.819864,-88.88,158.88
RX_2870,-0.030203,52.819852,-92.73,162.73000000000002
RX_2871,-0.030233,52.819822,-93.57,163.57
RX_2872,-0.030264,52.819792,-91.32,161.32
RX_2873,-0.030295,52.819762,-90.87,160.87
RX_2874,-0.030307,52.81975,-86.37,156.37
RX_2875,-0.030329,52.819727,-88.63,158.63
RX_2876,-0.030352,52.819704,-88.28,158.28
RX_2877,-0.030375,52.81968,-92.18,162.18
RX_2878,-0.030398,52.819657,-91.46,161.45999999999998
RX_2879,-0.03041,52.819645,-92.58,162.57999999999998
RX_2880,-0.030444,52.819609,-87.09,157.09
RX_2881,-0.030478,52.819574,-89.06,159.06
RX_2882,-0.0305,52.819552,-90.37,160.37
RX_2883,-0.030523,52.819526,-90.06,160.06
RX_2884,-0.030552,52.819494,-93.65,163.65
RX_2885,-0.030581,52.819462,-93.87,163.87
RX_2886,-0.030593,52.819448,-94.79,164.79000000000002
RX_2887,-0.030613,52.819417,-93.86,163.86
RX_2888,-0.030634,52.819387,-93.14,163.14
RX_2889,-0.030655,52.819356,-92.39,162.39
RX_2890,-0.030664,52.819343,-91.99,161.99
RX_2891,-0.030684,52.819311,-92.19,162.19
RX_2892,-0.030705,52.819279,-94.54,164.54000000000002
RX_2893,-0.030725,52.819247,-94.88,164.88
RX_2894,-0.030734,52.819234,-96.01,166.01
RX_2895,-0.030752,52.819203,-91.34,161.34
RX_2896,-0.030771,52.819171,-96.6,166.6
RX_2897,-0.030789,52.819139,-92.17,162.17000000000002
RX_2898,-0.030797,52.819125,-88.39,158.39
RX_2899,-0.030814,52.819093,-86.5,156.5
RX_2900,-0.03083,52.819061,-90.58,160.57999999999998
RX_2901,-0.030846,52.819029,-91.2,161.2
RX_2902,-0.030853,52.819013,-93.86,163.86
RX_2903,-0.030865,52.818977,-94.55,164.55
RX_2904,-0.030877,52.818941,-94.15,164.15
RX_2905,-0.030888,52.818907,-91.31,161.31
RX_2906,-0.030895,52.818887,-93.49,163.49
RX_2907,-0.030906,52.818852,-90.89,160.89
RX_2908,-0.030917,52.818815,-94.86,164.86
RX_2909,-0.030924,52.818794,-91.75,161.75
RX_2910,-0.030938,52.818754,-93.83,163.82999999999998
RX_2911,-0.030953,52.818712,-94.36,164.36
RX_2912,-0.030961,52.818688,-92.29,162.29000000000002
RX_2913,-0.030973,52.818649,-91.04,161.04000000000002
RX_2914,-0.030983,52.818618,-91.83,161.82999999999998
RX_2915,-0.030996,52.818578,-93.47,163.47
RX_2916,-0.031007,52.818542,-97.29,167.29000000000002
RX_2917,-0.031021,52.818492,-96.31,166.31
RX_2918,-0.031038,52.818438,-96.56,166.56
RX_2919,-0.031054,52.818394,-91.54,161.54000000000002
RX_2920,-0.031095,52.818395,-89.37,159.37
RX_2921,-0.031042,52.818423,-94.47,164.47
RX_2922,-0.031045,52.818428,-94.97,164.97
RX_2923,-0.031035,52.818426,-91.35,161.35
RX_2924,-0.031036,52.818437,-92.59,162.59
RX_2925,-0.03103,52.818459,-92.39,162.39
RX_2926,-0.031019,52.818482,-91.95,161.95
RX_2927,-0.031011,52.818499,-90.28,160.28
RX_2928,-0.031,52.818521,-89.82,159.82
RX_2929,-0.03099,52.818542,-91.28,161.28
RX_2930,-0.030977,52.818571,-93.98,163.98000000000002
RX_2931,-0.030964,52.818592,-93.09,163.09
RX_2932,-0.030947,52.81862,-89.53,159.53
RX_2933,-0.030936,52.818641,-90.36,160.36
RX_2934,-0.030921,52.818669,-89.3,159.3
RX_2935,-0.030913,52.818688,-91.08,161.07999999999998
RX_2936,-0.0309,52.818717,-90.41,160.41
RX_2937,-0.030889,52.818745,-92.16,162.16
RX_2938,-0.030881,52.818763,-92.82,162.82
RX_2939,-0.030868,52.818792,-91.9,161.9
RX_2940,-0.030857,52.818818,-87.05,157.05
RX_2941,-0.030849,52.818838,-85.96,155.95999999999998
RX_2942,-0.030837,52.818869,-84.22,154.22
RX_2943,-0.030825,52.8189,-87.94,157.94
RX_2944,-0.030817,52.81892,-90.61,160.61
RX_2945,-0.030804,52.818952,-93.31,163.31
RX_2946,-0.030792,52.818983,-91.52,161.51999999999998
RX_2947,-0.030785,52.819,-93.42,163.42000000000002
RX_2948,-0.030772,52.81903,-94.18,164.18
RX_2949,-0.03076,52.81906,-93.17,163.17000000000002
RX_2950,-0.030753,52.819077,-91.14,161.14
RX_2951,-0.030738,52.819109,-90.28,160.28
RX_2952,-0.030723,52.819141,-92.08,162.07999999999998
RX_2953,-0.030715,52.819158,-93.45,163.45
RX_2954,-0.030699,52.819189,-94.76,164.76
RX_2955,-0.030684,52.81922,-94.48,164.48000000000002
RX_2956,-0.030668,52.81925,-93.49,163.49
RX_2957,-0.030658,52.819267,-91.46,161.45999999999998
RX_2958,-0.030638,52.819299,-91.14,161.14
RX_2959,-0.030618,52.819332,-91.94,161.94
RX_2960,-0.030608,52.819348,-87.72,157.72
RX_2961,-0.030585,52.819379,-89.37,159.37
RX_2962,-0.030563,52.81941,-93.46,163.45999999999998
RX_2963,-0.030542,52.819438,-92.67,162.67000000000002
RX_2964,-0.03053,52.819454,-88.81,158.81
RX_2965,-0.030507,52.819482,-90.1,160.1
RX_2966,-0.030485,52.81951,-86.3,156.3
RX_2967,-0.03047,52.819528,-85.51,155.51
RX_2968,-0.03045,52.819551,-89.13,159.13
RX_2969,-0.030424,52.81958,-91.41,161.41
RX_2970,-0.030399,52.819609,-92.38,162.38
RX_2971,-0.030387,52.819623,-91.78,161.78
RX_2972,-0.030362,52.819649,-88.5,158.5
RX_2973,-0.030336,52.819675,-90.04,160.04000000000002
RX_2974,-0.030311,52.819701,-93.89,163.89
RX_2975,-0.030299,52.819713,-91.08,161.07999999999998
RX_2976,-0.030271,52.819743,-91.29,161.29000000000002
RX_2977,-0.030242,52.819774,-89.0,159.0
RX_2978,-0.030213,52.819805,-94.59,164.59
RX_2979,-0.030201,52.819819,-90.21,160.20999999999998
RX_2980,-0.030174,52.819848,-90.39,160.39
RX_2981,-0.030147,52.819878,-91.27,161.26999999999998
RX_2982,-0.03012,52.819908,-90.37,160.37
RX_2983,-0.030106,52.819921,-88.87,158.87
RX_2984,-0.030074,52.81995,-90.87,160.87
RX_2985,-0.030042,52.819979,-91.77,161.76999999999998
RX_2986,-0.030011,52.820008,-91.0,161.0
RX_2987,-0.029997,52.820021,-90.06,160.06
RX_2988,-0.029967,52.820051,-90.97,160.97
RX_2989,-0.029937,52.820081,-90.96,160.95999999999998
RX_2990,-0.029915,52.820102,-91.65,161.65
RX_2991,-0.029893,52.820123,-92.24,162.24
RX_2992,-0.029864,52.820152,-89.06,159.06
RX_2993,-0.029835,52.820182,-91.08,161.07999999999998
RX_2994,-0.029821,52.820195,-91.88,161.88
RX_2995,-0.029794,52.820222,-90.45,160.45
RX_2996,-0.029766,52.820249,-90.92,160.92000000000002
RX_2997,-0.029739,52.820276,-92.43,162.43
RX_2998,-0.029726,52.820289,-89.57,159.57
RX_2999,-0.029698,52.820316,-90.03,160.03
RX_3000,-0.02967,52.820342,-90.98,160.98000000000002
RX_3001,-0.029643,52.820369,-87.88,157.88
RX_3002,-0.029629,52.820382,-89.6,159.6
RX_3003,-0.029598,52.820413,-88.63,158.63
RX_3004,-0.029567,52.820443,-90.91,160.91
RX_3005,-0.029537,52.820472,-88.65,158.65
RX_3006,-0.029522,52.820487,-92.09,162.09
RX_3007,-0.029492,52.820517,-94.43,164.43
RX_3008,-0.029462,52.820546,-94.01,164.01
RX_3009,-0.029442,52.820567,-91.23,161.23000000000002
RX_3010,-0.02942,52.820587,-91.63,161.63
RX_3011,-0.02939,52.820614,-85.49,155.49
RX_3012,-0.029361,52.820641,-88.98,158.98000000000002
RX_3013,-0.02934,52.82066,-89.57,159.57
RX_3014,-0.029322,52.820678,-88.6,158.6
RX_3015,-0.029296,52.820706,-89.43,159.43
RX_3016,-0.02927,52.820733,-88.61,158.61
RX_3017,-0.029245,52.820758,-88.48,158.48000000000002
RX_3018,-0.029232,52.820771,-88.06,158.06
RX_3019,-0.029203,52.820799,-87.52,157.51999999999998
RX_3020,-0.029175,52.820826,-87.91,157.91
RX_3021,-0.029146,52.820854,-86.77,156.76999999999998
RX_3022,-0.029134,52.820865,-86.66,156.66
RX_3023,-0.029106,52.820892,-89.2,159.2
RX_3024,-0.029077,52.820918,-90.73,160.73000000000002
RX_3025,-0.029048,52.820945,-91.87,161.87
RX_3026,-0.029036,52.820958,-88.36,158.36
RX_3027,-0.029006,52.820989,-86.59,156.59
RX_3028,-0.028975,52.821021,-89.98,159.98000000000002
RX_3029,-0.028945,52.821053,-90.94,160.94
RX_3030,-0.028932,52.821067,-88.31,158.31
RX_3031,-0.028902,52.821097,-87.1,157.1
RX_3032,-0.028871,52.821128,-90.59,160.59
RX_3033,-0.02884,52.82116,-83.9,153.9
RX_3034,-0.028825,52.821174,-83.78,153.78
RX_3035,-0.028793,52.821205,-87.09,157.09
RX_3036,-0.028759,52.821237,-89.44,159.44
RX_3037,-0.028738,52.821257,-87.34,157.34
RX_3038,-0.028711,52.821286,-87.0,157.0
RX_3039,-0.028679,52.821319,-90.17,160.17000000000002
RX_3040,-0.02865,52.82135,-86.68,156.68
RX_3041,-0.028628,52.821371,-92.36,162.36
RX_3042,-0.028595,52.821403,-91.13,161.13
RX_3043,-0.028563,52.821433,-89.68,159.68
RX_3044,-0.028539,52.821455,-91.01,161.01
RX_3045,-0.028503,52.821486,-86.88,156.88
RX_3046,-0.028479,52.821508,-91.3,161.3
RX_3047,-0.028442,52.821544,-88.45,158.45
RX_3048,-0.02841,52.821575,-87.79,157.79000000000002
RX_3049,-0.028366,52.821612,-90.6,160.6
RX_3050,-0.02833,52.821647,-89.96,159.95999999999998
RX_3051,-0.028299,52.821687,-86.35,156.35
RX_3052,-0.028285,52.82172,-93.04,163.04000000000002
RX_3053,-0.028282,52.821744,-93.8,163.8
RX_3054,-0.028293,52.821763,-93.46,163.45999999999998
RX_3055,-0.028305,52.821779,-96.71,166.70999999999998
RX_3056,-0.028329,52.821798,-92.79,162.79000000000002
RX_3057,-0.028346,52.82181,-89.18,159.18
RX_3058,-0.028382,52.821828,-88.72,158.72
RX_3059,-0.028408,52.821842,-90.73,160.73000000000002
RX_3060,-0.028451,52.821853,-92.73,162.73000000000002
RX_3061,-0.028497,52.821865,-91.59,161.59
RX_3062,-0.028527,52.821872,-92.42,162.42000000000002
RX_3063,-0.028575,52.821883,-87.66,157.66
RX_3064,-0.028621,52.821893,-90.94,160.94
RX_3065,-0.028653,52.821897,-89.56,159.56
RX_3066,-0.028708,52.821905,-93.59,163.59
RX_3067,-0.02876,52.821912,-92.59,162.59
RX_3068,-0.028795,52.821916,-90.25,160.25
RX_3069,-0.028849,52.821922,-92.32,162.32
RX_3070,-0.028898,52.821928,-90.64,160.64
RX_3071,-0.028935,52.821932,-92.4,162.4
RX_3072,-0.02899,52.821937,-90.15,160.15
RX_3073,-0.02904,52.821942,-92.62,162.62
RX_3074,-0.029074,52.821944,-89.8,159.8
RX_3075,-0.029127,52.821947,-92.91,162.91
RX_3076,-0.02918,52.82195,-90.63,160.63
RX_3077,-0.029212,52.821948,-92.24,162.24
RX_3078,-0.029269,52.821944,-94.11,164.11
RX_3079,-0.029325,52.82194,-92.83,162.82999999999998
RX_3080,-0.029356,52.821935,-88.79,158.79000000000002
RX_3081,-0.029409,52.821926,-90.36,160.36
RX_3082,-0.029462,52.821917,-92.72,162.72
RX_3083,-0.029491,52.82191,-92.82,162.82
RX_3084,-0.029542,52.821897,-94.22,164.22
RX_3085,-0.029592,52.821885,-94.56,164.56
RX_3086,-0.029619,52.821877,-93.34,163.34
RX_3087,-0.02967,52.821862,-93.27,163.26999999999998
RX_3088,-0.02972,52.821848,-93.44,163.44
RX_3089,-0.029752,52.821838,-94.81,164.81
RX_3090,-0.029793,52.821824,-92.4,162.4
RX_3091,-0.029838,52.821809,-94.6,164.6
RX_3092,-0.029883,52.821794,-90.38,160.38
RX_3093,-0.029909,52.821785,-90.88,160.88
RX_3094,-0.029962,52.821767,-92.62,162.62
RX_3095,-0.030014,52.82175,-91.31,161.31
RX_3096,-0.03004,52.821741,-91.62,161.62
RX_3097,-0.030089,52.821725,-90.72,160.72
RX_3098,-0.030138,52.82171,-92.21,162.20999999999998
RX_3099,-0.030173,52.821698,-93.22,163.22
RX_3100,-0.030214,52.821685,-94.01,164.01
RX_3101,-0.030265,52.821668,-94.8,164.8
RX_3102,-0.030316,52.821651,-94.7,164.7
RX_3103,-0.030342,52.821643,-92.23,162.23000000000002
RX_3104,-0.030393,52.821628,-94.37,164.37
RX_3105,-0.030443,52.821612,-94.52,164.51999999999998
RX_3106,-0.030473,52.821603,-95.63,165.63
RX_3107,-0.030521,52.82159,-93.91,163.91
RX_3108,-0.030571,52.821575,-94.2,164.2
RX_3109,-0.030622,52.82156,-92.34,162.34
RX_3110,-0.030649,52.821553,-95.25,165.25
RX_3111,-0.030701,52.82154,-95.56,165.56
RX_3112,-0.030752,52.821527,-95.36,165.36
RX_3113,-0.03078,52.821521,-97.06,167.06
RX_3114,-0.030832,52.821512,-94.3,164.3
RX_3115,-0.030885,52.821503,-96.47,166.47
RX_3116,-0.030922,52.821497,-96.36,166.36
RX_3117,-0.030971,52.82149,-94.72,164.72
RX_3118,-0.031029,52.821483,-94.96,164.95999999999998
RX_3119,-0.031077,52.821477,-92.66,162.66
RX_3120,-0.031117,52.821475,-93.59,163.59
RX_3121,-0.031172,52.821474,-91.94,161.94
RX_3122,-0.031228,52.821472,-93.43,163.43
RX_3123,-0.031257,52.821472,-94.14,164.14
RX_3124,-0.03131,52.821473,-92.29,162.29000000000002
RX_3125,-0.031363,52.821475,-93.34,163.34
RX_3126,-0.031393,52.821476,-93.34,163.34
RX_3127,-0.031452,52.821481,-93.9,163.9
RX_3128,-0.031512,52.821486,-98.24,168.24
RX_3129,-0.031543,52.821489,-95.84,165.84
RX_3130,-0.0316,52.821498,-96.15,166.15
RX_3131,-0.031657,52.821507,-91.56,161.56
RX_3132,-0.03169,52.821512,-93.77,163.76999999999998
RX_3133,-0.031739,52.82152,-91.85,161.85
RX_3134,-0.031788,52.821529,-92.34,162.34
RX_3135,-0.031823,52.821535,-94.45,164.45
RX_3136,-0.031867,52.821547,-95.4,165.4
RX_3137,-0.031918,52.821561,-96.35,166.35
RX_3138,-0.031955,52.821572,-92.49,162.49
RX_3139,-0.031995,52.821585,-92.54,162.54000000000002
RX_3140,-0.032043,52.8216,-95.1,165.1
RX_3141,-0.032085,52.821613,-94.65,164.65
RX_3142,-0.032116,52.821624,-93.23,163.23000000000002
RX_3143,-0.032162,52.821639,-93.41,163.41
RX_3144,-0.032207,52.821654,-94.2,164.2
RX_3145,-0.032233,52.821664,-97.79,167.79000000000002
RX_3146,-0.03228,52.821682,-93.16,163.16
RX_3147,-0.032327,52.8217,-94.77,164.76999999999998
RX_3148,-0.032352,52.821709,-90.92,160.92000000000002
RX_3149,-0.032396,52.821728,-90.97,160.97
RX_3150,-0.03244,52.821746,-95.87,165.87
RX_3151,-0.032465,52.821757,-93.79,163.79000000000002
RX_3152,-0.032507,52.821778,-94.36,164.36
RX_3153,-0.03255,52.821801,-95.2,165.2
RX_3154,-0.032587,52.82182,-98.45,168.45
RX_3155,-0.032614,52.821837,-100.08,170.07999999999998
RX_3156,-0.032654,52.821862,-98.99,168.99
RX_3157,-0.032695,52.821887,-98.03,168.03
RX_3158,-0.032714,52.8219,-97.98,167.98000000000002
RX_3159,-0.032749,52.821924,-96.56,166.56
RX_3160,-0.032784,52.821947,-95.67,165.67000000000002
RX_3161,-0.032802,52.82196,-92.95,162.95
RX_3162,-0.032843,52.821982,-95.52,165.51999999999998
RX_3163,-0.032883,52.822005,-98.01,168.01
RX_3164,-0.032915,52.822023,-97.75,167.75
RX_3165,-0.032945,52.822041,-97.21,167.20999999999998
RX_3166,-0.032986,52.822064,-98.41,168.41
RX_3167,-0.033027,52.822087,-95.74,165.74
RX_3168,-0.033047,52.822098,-96.1,166.1
RX_3169,-0.033086,52.822118,-96.36,166.36
RX_3170,-0.033124,52.822138,-99.69,169.69
RX_3171,-0.033145,52.822148,-96.03,166.03
RX_3172,-0.033189,52.822171,-97.66,167.66
RX_3173,-0.033233,52.822193,-97.39,167.39
RX_3174,-0.033265,52.82221,-95.63,165.63
RX_3175,-0.033303,52.822226,-97.14,167.14
RX_3176,-0.033351,52.822245,-96.59,166.59
RX_3177,-0.033395,52.822263,-97.02,167.01999999999998
RX_3178,-0.033424,52.822275,-98.38,168.38
RX_3179,-0.033472,52.822293,-97.89,167.89
RX_3180,-0.033521,52.822312,-99.01,169.01
RX_3181,-0.033548,52.822321,-96.97,166.97
RX_3182,-0.0336,52.822337,-98.45,168.45
RX_3183,-0.033652,52.822354,-97.75,167.75
RX_3184,-0.03368,52.822362,-99.49,169.49
RX_3185,-0.03373,52.822377,-97.26,167.26
RX_3186,-0.03378,52.822391,-98.44,168.44
RX_3187,-0.033808,52.822399,-97.37,167.37
RX_3188,-0.03386,52.822412,-96.28,166.28
RX_3189,-0.033912,52.822425,-97.2,167.2
RX_3190,-0.033942,52.822432,-96.57,166.57
RX_3191,-0.033992,52.822442,-96.99,166.99
RX_3192,-0.034042,52.822451,-96.93,166.93
RX_3193,-0.03408,52.822458,-97.55,167.55
RX_3194,-0.03413,52.822464,-95.12,165.12
RX_3195,-0.034191,52.822471,-99.4,169.4
RX_3196,-0.034226,52.822475,-98.6,168.6
RX_3197,-0.034285,52.822478,-97.27,167.26999999999998
RX_3198,-0.034344,52.822482,-98.14,168.14
RX_3199,-0.034377,52.822483,-97.02,167.01999999999998
RX_3200,-0.034433,52.822483,-99.15,169.15
RX_3201,-0.034489,52.822483,-99.65,169.65
RX_3202,-0.034521,52.822483,-98.37,168.37
RX_3203,-0.034575,52.82248,-98.48,168.48000000000002
RX_3204,-0.034628,52.822476,-98.6,168.6
RX_3205,-0.034667,52.822473,-99.31,169.31
RX_3206,-0.034713,52.82247,-100.51,170.51
RX_3207,-0.034769,52.822465,-99.55,169.55
RX_3208,-0.034815,52.822462,-98.44,168.44
RX_3209,-0.034854,52.82246,-97.92,167.92000000000002
RX_3210,-0.034906,52.822458,-99.49,169.49
RX_3211,-0.034959,52.822455,-99.64,169.64
RX_3212,-0.03499,52.822455,-98.25,168.25
RX_3213,-0.035046,52.822455,-101.29,171.29000000000002
RX_3214,-0.035103,52.822455,-99.79,169.79000000000002
RX_3215,-0.035133,52.822455,-99.65,169.65
RX_3216,-0.035188,52.822456,-98.47,168.47
RX_3217,-0.035244,52.822456,-101.88,171.88
RX_3218,-0.035275,52.822457,-100.86,170.86
RX_3219,-0.035332,52.82246,-100.71,170.70999999999998
RX_3220,-0.035389,52.822462,-101.7,171.7
RX_3221,-0.035422,52.822464,-99.9,169.9
RX_3222,-0.035484,52.822468,-98.51,168.51
RX_3223,-0.035546,52.822472,-98.59,168.59
RX_3224,-0.035581,52.822475,-97.7,167.7
RX_3225,-0.035639,52.822481,-98.83,168.82999999999998
RX_3226,-0.035697,52.822488,-98.8,168.8
RX_3227,-0.03573,52.822494,-98.84,168.84
RX_3228,-0.035785,52.822505,-94.81,164.81
RX_3229,-0.035837,52.822515,-95.73,165.73000000000002
RX_3230,-0.035867,52.822523,-96.65,166.65
RX_3231,-0.035916,52.822535,-94.24,164.24
RX_3232,-0.035955,52.822545,-92.55,162.55
RX_3233,-0.035992,52.822555,-94.79,164.79000000000002
RX_3234,-0.036041,52.822568,-91.46,161.45999999999998
RX_3235,-0.036078,52.822578,-91.86,161.86
RX_3236,-0.036121,52.822592,-94.79,164.79000000000002
RX_3237,-0.036175,52.822608,-96.23,166.23000000000002
RX_3238,-0.03621,52.822619,-90.4,160.4
RX_3239,-0.036263,52.822636,-96.62,166.62
RX_3240,-0.036307,52.82265,-94.47,164.47
RX_3241,-0.036358,52.82267,-97.28,167.28
RX_3242,-0.036408,52.82269,-92.14,162.14
RX_3243,-0.036447,52.822706,-92.94,162.94
RX_3244,-0.03649,52.822723,-93.57,163.57
RX_3245,-0.036516,52.822741,-96.26,166.26
RX_3246,-0.036547,52.822762,-93.03,163.03
RX_3247,-0.036563,52.822779,-94.52,164.51999999999998
RX_3248,-0.036583,52.822804,-93.04,163.04000000000002
RX_3249,-0.036593,52.822821,-95.59,165.59
RX_3250,-0.036598,52.822848,-96.46,166.45999999999998
RX_3251,-0.036603,52.822875,-94.72,164.72
RX_3252,-0.036604,52.822892,-93.07,163.07
RX_3253,-0.036604,52.822921,-91.85,161.85
RX_3254,-0.036605,52.822942,-91.49,161.49
RX_3255,-0.0366,52.822971,-97.02,167.01999999999998
RX_3256,-0.036594,52.823004,-100.05,170.05
RX_3257,-0.036588,52.823026,-99.63,169.63
RX_3258,-0.036578,52.82306,-101.94,171.94
RX_3259,-0.036568,52.823092,-99.13,169.13
RX_3260,-0.036559,52.823115,-99.81,169.81
RX_3261,-0.036547,52.823149,-104.47,174.47
RX_3262,-0.036539,52.823171,-104.19,174.19
RX_3263,-0.036527,52.823204,-104.78,174.78
RX_3264,-0.036515,52.823238,-105.17,175.17000000000002
RX_3265,-0.036509,52.823259,-104.17,174.17000000000002
RX_3266,-0.0365,52.823291,-103.38,173.38
RX_3267,-0.036493,52.823313,-104.05,174.05
RX_3268,-0.036483,52.82335,-104.36,174.36
RX_3269,-0.036473,52.823385,-100.82,170.82
RX_3270,-0.036467,52.823409,-102.69,172.69
RX_3271,-0.036458,52.823444,-102.47,172.47
RX_3272,-0.036453,52.823467,-103.69,173.69
RX_3273,-0.036452,52.823502,-102.9,172.9
RX_3274,-0.036452,52.823537,-102.44,172.44
RX_3275,-0.036455,52.823556,-103.1,173.1
RX_3276,-0.036459,52.823586,-101.88,171.88
RX_3277,-0.036463,52.82361,-103.17,173.17000000000002
RX_3278,-0.036477,52.823636,-102.93,172.93
RX_3279,-0.036494,52.823669,-101.29,171.29000000000002
RX_3280,-0.036505,52.823688,-103.66,173.66
RX_3281,-0.036525,52.823719,-103.65,173.65
RX_3282,-0.036546,52.823749,-102.43,172.43
RX_3283,-0.036561,52.823767,-103.25,173.25
RX_3284,-0.036589,52.823796,-104.72,174.72
RX_3285,-0.036615,52.823823,-104.79,174.79000000000002
RX_3286,-0.036636,52.823842,-105.6,175.6
RX_3287,-0.036668,52.823871,-100.08,170.07999999999998
RX_3288,-0.036692,52.823892,-99.46,169.45999999999998
RX_3289,-0.036721,52.823913,-104.47,174.47
RX_3290,-0.036755,52.823938,-101.58,171.57999999999998
RX_3291,-0.036776,52.823952,-103.74,173.74
RX_3292,-0.036816,52.823976,-105.68,175.68
RX_3293,-0.036856,52.824,-105.84,175.84
RX_3294,-0.036879,52.824013,-106.64,176.64
RX_3295,-0.03692,52.824035,-105.58,175.57999999999998
RX_3296,-0.03696,52.824057,-105.31,175.31
RX_3297,-0.036984,52.824069,-104.33,174.32999999999998
RX_3298,-0.037027,52.824088,-103.44,173.44
RX_3299,-0.037071,52.824108,-103.47,173.47
RX_3300,-0.037096,52.82412,-103.69,173.69
RX_3301,-0.037144,52.824141,-101.93,171.93
RX_3302,-0.037192,52.824163,-103.84,173.84
RX_3303,-0.03722,52.824175,-103.31,173.31
RX_3304,-0.037271,52.824193,-106.17,176.17000000000002
RX_3305,-0.037322,52.824211,-105.39,175.39
RX_3306,-0.037351,52.824221,-103.95,173.95
RX_3307,-0.037399,52.824239,-105.34,175.34
RX_3308,-0.037447,52.824257,-105.3,175.3
RX_3309,-0.037479,52.82427,-106.44,176.44
RX_3310,-0.03753,52.82429,-106.9,176.9
RX_3311,-0.037564,52.824304,-106.68,176.68
RX_3312,-0.037615,52.824323,-107.01,177.01
RX_3313,-0.037668,52.824343,-107.37,177.37
RX_3314,-0.037706,52.824357,-104.78,174.78
RX_3315,-0.037764,52.824378,-105.86,175.86
RX_3316,-0.037802,52.824392,-105.35,175.35
RX_3317,-0.037853,52.824412,-104.89,174.89
RX_3318,-0.037884,52.824423,-104.84,174.84
RX_3319,-0.037925,52.824439,-105.06,175.06
RX_3320,-0.037955,52.82445,-102.4,172.4
RX_3321,-0.037998,52.824464,-103.13,173.13
RX_3322,-0.038046,52.824479,-104.44,174.44
RX_3323,-0.038078,52.824488,-104.05,174.05
RX_3324,-0.038127,52.824502,-106.43,176.43
RX_3325,-0.038159,52.824512,-105.14,175.14
RX_3326,-0.038209,52.824526,-105.42,175.42000000000002
RX_3327,-0.038248,52.824537,-104.66,174.66
RX_3328,-0.038294,52.824552,-107.02,177.01999999999998
RX_3329,-0.038347,52.82457,-105.31,175.31
RX_3330,-0.038384,52.824581,-106.74,176.74
RX_3331,-0.038439,52.824597,-105.69,175.69
RX_3332,-0.038478,52.824609,-106.08,176.07999999999998
RX_3333,-0.038533,52.824626,-106.4,176.4
RX_3334,-0.038566,52.824636,-105.17,175.17000000000002
RX_3335,-0.038608,52.82465,-105.66,175.66
RX_3336,-0.038638,52.82466,-107.78,177.78
RX_3337,-0.038684,52.824678,-106.45,176.45
RX_3338,-0.038716,52.82469,-105.62,175.62
RX_3339,-0.038761,52.824708,-104.63,174.63
RX_3340,-0.038795,52.824722,-100.36,170.36
RX_3341,-0.03884,52.824736,-99.38,169.38
RX_3342,-0.038887,52.824752,-102.03,172.03
RX_3343,-0.038922,52.824765,-104.81,174.81
RX_3344,-0.038972,52.824783,-104.7,174.7
RX_3345,-0.039003,52.824795,-105.72,175.72
RX_3346,-0.039048,52.824812,-103.8,173.8
RX_3347,-0.039078,52.824823,-104.87,174.87
RX_3348,-0.039122,52.824842,-105.43,175.43
RX_3349,-0.039158,52.824857,-104.11,174.11
RX_3350,-0.039199,52.824872,-106.49,176.49
RX_3351,-0.039246,52.824889,-107.06,177.06
RX_3352,-0.039275,52.824901,-105.66,175.66
RX_3353,-0.039318,52.824919,-104.74,174.74
RX_3354,-0.039347,52.824931,-104.66,174.66
RX_3355,-0.03939,52.82495,-106.01,176.01
RX_3356,-0.039427,52.824967,-107.61,177.61
RX_3357,-0.039466,52.82498,-107.13,177.13
RX_3358,-0.039514,52.824997,-108.28,178.28
RX_3359,-0.039546,52.825007,-107.54,177.54000000000002
RX_3360,-0.039595,52.825021,-107.39,177.39
RX_3361,-0.039632,52.825032,-108.0,178.0
RX_3362,-0.039684,52.825047,-106.68,176.68
RX_3363,-0.039733,52.825062,-106.25,176.25
RX_3364,-0.039781,52.825074,-105.15,175.15
RX_3365,-0.039832,52.825087,-103.34,173.34
RX_3366,-0.039886,52.825098,-102.95,172.95
RX_3367,-0.039938,52.825109,-103.03,173.03
RX_3368,-0.040012,52.825122,-103.81,173.81
RX_3369,-0.040077,52.825128,-103.37,173.37
RX_3370,-0.040179,52.825138,-101.9,171.9
RX_3371,-0.040199,52.825135,-100.28,170.28
RX_3372,-0.040218,52.825126,-105.43,175.43
RX_3373,-0.040236,52.825115,-106.06,176.06
RX_3374,-0.040252,52.825103,-106.01,176.01
RX_3375,-0.040261,52.825082,-105.24,175.24
RX_3376,-0.040268,52.825067,-106.19,176.19
RX_3377,-0.040271,52.825038,-105.59,175.59
RX_3378,-0.040273,52.825017,-106.33,176.32999999999998
RX_3379,-0.040273,52.824985,-106.05,176.05
RX_3380,-0.040273,52.824958,-106.86,176.86
RX_3381,-0.040273,52.824937,-105.52,175.51999999999998
RX_3382,-0.040272,52.82491,-105.96,175.95999999999998
RX_3383,-0.040271,52.824895,-105.84,175.84
RX_3384,-0.040269,52.824865,-106.55,176.55
RX_3385,-0.040266,52.824837,-106.98,176.98000000000002
RX_3386,-0.040265,52.824822,-105.83,175.82999999999998
RX_3387,-0.040264,52.824795,-103.63,173.63
RX_3388,-0.040264,52.824767,-104.94,174.94
RX_3389,-0.040263,52.824743,-103.89,173.89
RX_3390,-0.040264,52.824722,-103.76,173.76
RX_3391,-0.040265,52.82469,-105.44,175.44
RX_3392,-0.040266,52.824658,-105.37,175.37
RX_3393,-0.040268,52.824641,-104.33,174.32999999999998
RX_3394,-0.040273,52.824609,-102.31,172.31
RX_3395,-0.040278,52.824578,-105.8,175.8
RX_3396,-0.040282,52.824553,-102.71,172.70999999999998
RX_3397,-0.040289,52.824532,-105.52,175.51999999999998
RX_3398,-0.0403,52.824501,-106.25,176.25
RX_3399,-0.040311,52.82447,-105.27,175.26999999999998
RX_3400,-0.040317,52.824453,-105.32,175.32
RX_3401,-0.040332,52.824426,-105.52,175.51999999999998
RX_3402,-0.040349,52.824395,-105.64,175.64
RX_3403,-0.040366,52.824365,-105.36,175.36
RX_3404,-0.040373,52.824352,-105.66,175.66
RX_3405,-0.040394,52.824326,-106.75,176.75
RX_3406,-0.040415,52.8243,-105.43,175.43
RX_3407,-0.040437,52.824273,-104.87,174.87
RX_3408,-0.040457,52.824248,-105.18,175.18
RX_3409,-0.040471,52.824233,-104.54,174.54000000000002
RX_3410,-0.0405,52.824202,-105.49,175.49
RX_3411,-0.040528,52.824171,-105.03,175.03
RX_3412,-0.040553,52.824143,-105.87,175.87
RX_3413,-0.040569,52.824129,-104.22,174.22
RX_3414,-0.0406,52.8241,-103.34,173.34
RX_3415,-0.040631,52.824071,-103.81,173.81
RX_3416,-0.040662,52.824043,-102.8,172.8
RX_3417,-0.040673,52.824033,-104.07,174.07
RX_3418,-0.040703,52.824007,-102.8,172.8
RX_3419,-0.040733,52.82398,-101.48,171.48000000000002
RX_3420,-0.040763,52.823953,-101.38,171.38
RX_3421,-0.040783,52.823935,-102.34,172.34
RX_3422,-0.040807,52.823916,-101.5,171.5
RX_3423,-0.040842,52.823887,-102.94,172.94
RX_3424,-0.040876,52.823859,-101.34,171.34
RX_3425,-0.040911,52.823831,-101.26,171.26
RX_3426,-0.040923,52.82382,-102.8,172.8
RX_3427,-0.040957,52.823792,-102.01,172.01
RX_3428,-0.04099,52.823764,-101.31,171.31
RX_3429,-0.041024,52.823735,-98.64,168.64
RX_3430,-0.04104,52.823722,-95.95,165.95
RX_3431,-0.041069,52.823697,-99.71,169.70999999999998
RX_3432,-0.041102,52.823669,-99.62,169.62
RX_3433,-0.041134,52.823641,-100.2,170.2
RX_3434,-0.041165,52.823615,-100.76,170.76
RX_3435,-0.041178,52.823602,-97.67,167.67000000000002
RX_3436,-0.041208,52.823573,-96.49,166.49
RX_3437,-0.041238,52.823543,-95.71,165.70999999999998
RX_3438,-0.041268,52.823514,-97.22,167.22
RX_3439,-0.041278,52.823503,-97.32,167.32
RX_3440,-0.041303,52.823474,-98.15,168.15
RX_3441,-0.041327,52.823444,-96.52,166.51999999999998
RX_3442,-0.041352,52.823415,-96.54,166.54000000000002
RX_3443,-0.041373,52.823388,-96.08,166.07999999999998
RX_3444,-0.041384,52.823373,-95.95,165.95
RX_3445,-0.041407,52.823341,-97.68,167.68
RX_3446,-0.041429,52.823309,-96.65,166.65
RX_3447,-0.041452,52.823276,-94.14,164.14
RX_3448,-0.04146,52.823265,-95.9,165.9
RX_3449,-0.041477,52.823232,-94.99,164.99
RX_3450,-0.041494,52.8232,-93.9,163.9
RX_3451,-0.041511,52.823167,-95.31,165.31
RX_3452,-0.041525,52.823142,-95.35,165.35
RX_3453,-0.041534,52.823122,-92.37,162.37
RX_3454,-0.041549,52.823088,-91.35,161.35
RX_3455,-0.041565,52.823055,-93.61,163.61
RX_3456,-0.041581,52.823021,-94.77,164.76999999999998
RX_3457,-0.041587,52.823008,-91.14,161.14
RX_3458,-0.041602,52.822974,-93.49,163.49
RX_3459,-0.041617,52.82294,-92.83,162.82999999999998
RX_3460,-0.041632,52.822906,-92.6,162.6
RX_3461,-0.041639,52.822893,-89.12,159.12
RX_3462,-0.041653,52.82286,-92.36,162.36
RX_3463,-0.041668,52.822828,-93.88,163.88
RX_3464,-0.041683,52.822795,-91.78,161.78
RX_3465,-0.041692,52.822775,-90.03,160.03
RX_3466,-0.041704,52.822746,-92.39,162.39
RX_3467,-0.041719,52.822712,-92.21,162.20999999999998
RX_3468,-0.041734,52.822677,-93.37,163.37
RX_3469,-0.041743,52.822655,-90.92,160.92000000000002
RX_3470,-0.041752,52.822628,-91.7,161.7
RX_3471,-0.041764,52.822594,-91.95,161.95
RX_3472,-0.041775,52.822561,-93.3,163.3
RX_3473,-0.041783,52.822537,-95.23,165.23000000000002
RX_3474,-0.041792,52.822513,-93.76,163.76
RX_3475,-0.041805,52.822481,-92.36,162.36
RX_3476,-0.041817,52.822449,-91.73,161.73000000000002
RX_3477,-0.041827,52.822423,-92.8,162.8
RX_3478,-0.041832,52.822401,-91.8,161.8
RX_3479,-0.041841,52.822366,-92.86,162.86
RX_3480,-0.041849,52.822331,-95.09,165.09
RX_3481,-0.041855,52.822308,-95.38,165.38
RX_3482,-0.041859,52.822283,-96.35,166.35
RX_3483,-0.041864,52.822249,-94.65,164.65
RX_3484,-0.041869,52.822216,-94.22,164.22
RX_3485,-0.041873,52.822192,-96.51,166.51
RX_3486,-0.041873,52.822169,-94.11,164.11
RX_3487,-0.041872,52.822137,-93.39,163.39
RX_3488,-0.041871,52.822106,-96.71,166.70999999999998
RX_3489,-0.04187,52.822075,-92.78,162.78
RX_3490,-0.041867,52.822061,-95.77,165.76999999999998
RX_3491,-0.041859,52.822027,-95.65,165.65
RX_3492,-0.041851,52.821994,-96.02,166.01999999999998
RX_3493,-0.041843,52.821961,-94.81,164.81
RX_3494,-0.041839,52.821949,-96.67,166.67000000000002
RX_3495,-0.041829,52.821919,-96.95,166.95
RX_3496,-0.04182,52.821888,-96.71,166.70999999999998
RX_3497,-0.04181,52.821858,-96.91,166.91
RX_3498,-0.041803,52.821838,-95.78,165.78
RX_3499,-0.041793,52.821816,-96.83,166.82999999999998
RX_3500,-0.041779,52.821784,-96.23,166.23000000000002
RX_3501,-0.041765,52.821751,-99.25,169.25
RX_3502,-0.041752,52.82172,-97.38,167.38
RX_3503,-0.041743,52.821707,-96.94,166.94
RX_3504,-0.041723,52.821676,-96.35,166.35
RX_3505,-0.041703,52.821645,-96.19,166.19
RX_3506,-0.041683,52.821615,-96.35,166.35
RX_3507,-0.041675,52.821603,-96.8,166.8
RX_3508,-0.041652,52.821572,-97.57,167.57
RX_3509,-0.041629,52.821541,-98.17,168.17000000000002
RX_3510,-0.041606,52.82151,-98.91,168.91
RX_3511,-0.041592,52.82149,-96.93,166.93
RX_3512,-0.041575,52.821468,-97.65,167.65
RX_3513,-0.041552,52.821437,-96.2,166.2
RX_3514,-0.041529,52.821407,-97.39,167.39
RX_3515,-0.041505,52.821376,-97.02,167.01999999999998
RX_3516,-0.041498,52.821365,-94.9,164.9
RX_3517,-0.041476,52.821333,-97.1,167.1
RX_3518,-0.041455,52.8213,-96.54,166.54000000000002
RX_3519,-0.041433,52.821268,-98.71,168.70999999999998
RX_3520,-0.041423,52.821253,-98.3,168.3
RX_3521,-0.041407,52.821225,-98.31,168.31
RX_3522,-0.041388,52.821194,-99.01,169.01
RX_3523,-0.04137,52.821164,-97.98,167.98000000000002
RX_3524,-0.041355,52.821138,-98.46,168.45999999999998
RX_3525,-0.041349,52.821123,-97.94,167.94
RX_3526,-0.041336,52.821092,-96.85,166.85
RX_3527,-0.041323,52.821061,-96.92,166.92000000000002
RX_3528,-0.04131,52.821029,-97.75,167.75
RX_3529,-0.041306,52.821018,-96.92,166.92000000000002
RX_3530,-0.0413,52.820987,-97.55,167.55
RX_3531,-0.041293,52.820956,-98.07,168.07
RX_3532,-0.041286,52.820926,-96.15,166.15
RX_3533,-0.04128,52.820897,-96.87,166.87
RX_3534,-0.041279,52.820882,-98.21,168.20999999999998
RX_3535,-0.041276,52.820846,-95.27,165.26999999999998
RX_3536,-0.041273,52.82081,-96.57,166.57
RX_3537,-0.041271,52.820775,-96.26,166.26
RX_3538,-0.041271,52.820762,-96.03,166.03
RX_3539,-0.041275,52.82073,-96.54,166.54000000000002
RX_3540,-0.04128,52.820699,-97.63,167.63
RX_3541,-0.041284,52.820668,-97.35,167.35
RX_3542,-0.041288,52.820637,-95.76,165.76
RX_3543,-0.041291,52.820623,-98.62,168.62
RX_3544,-0.041299,52.820586,-98.73,168.73000000000002
RX_3545,-0.041307,52.82055,-100.58,170.57999999999998
RX_3546,-0.041315,52.820513,-99.78,169.78
RX_3547,-0.041318,52.820501,-100.14,170.14
RX_3548,-0.041327,52.820468,-101.18,171.18
RX_3549,-0.041336,52.820436,-99.71,169.70999999999998
RX_3550,-0.041344,52.820403,-99.94,169.94
RX_3551,-0.041352,52.820377,-99.11,169.11
RX_3552,-0.041358,52.820359,-98.44,168.44
RX_3553,-0.041371,52.820324,-98.77,168.76999999999998
RX_3554,-0.041384,52.82029,-99.36,169.36
RX_3555,-0.041397,52.820255,-99.23,169.23000000000002
RX_3556,-0.041402,52.820243,-100.85,170.85
RX_3557,-0.041412,52.820209,-98.5,168.5
RX_3558,-0.041423,52.820174,-97.94,167.94
RX_3559,-0.041433,52.82014,-99.17,169.17000000000002
RX_3560,-0.041443,52.820107,-98.4,168.4
RX_3561,-0.041448,52.820093,-96.23,166.23000000000002
RX_3562,-0.041459,52.820059,-96.46,166.45999999999998
RX_3563,-0.04147,52.820025,-95.86,165.86
RX_3564,-0.041481,52.819991,-96.29,166.29000000000002
RX_3565,-0.041487,52.819973,-95.66,165.66
RX_3566,-0.041497,52.819944,-93.46,163.45999999999998
RX_3567,-0.041508,52.819911,-94.68,164.68
RX_3568,-0.04152,52.819878,-95.55,165.55
RX_3569,-0.041532,52.819845,-92.36,162.36
RX_3570,-0.041538,52.81983,-93.18,163.18
RX_3571,-0.041552,52.819795,-91.68,161.68
RX_3572,-0.041567,52.819759,-91.86,161.86
RX_3573,-0.041582,52.819723,-91.04,161.04000000000002
RX_3574,-0.041587,52.81971,-90.46,160.45999999999998
RX_3575,-0.041601,52.819679,-89.63,159.63
RX_3576,-0.041615,52.819648,-90.79,160.79000000000002
RX_3577,-0.041628,52.819616,-90.32,160.32
RX_3578,-0.041635,52.8196,-91.01,161.01
RX_3579,-0.041653,52.819571,-87.51,157.51
RX_3580,-0.041674,52.819539,-90.41,160.41
RX_3581,-0.041694,52.819507,-91.87,161.87
RX_3582,-0.041707,52.819487,-91.78,161.78
RX_3583,-0.041726,52.819465,-91.3,161.3
RX_3584,-0.041751,52.819437,-92.23,162.23000000000002
RX_3585,-0.041775,52.81941,-91.72,161.72
RX_3586,-0.0418,52.819382,-94.58,164.57999999999998
RX_3587,-0.041812,52.819373,-94.79,164.79000000000002
RX_3588,-0.041847,52.819349,-93.95,163.95
RX_3589,-0.041882,52.819324,-94.89,164.89
RX_3590,-0.041918,52.8193,-92.28,162.28
RX_3591,-0.041937,52.819287,-93.11,163.11
RX_3592,-0.041971,52.819271,-93.64,163.64
RX_3593,-0.042014,52.819252,-95.63,165.63
RX_3594,-0.042056,52.819233,-92.36,162.36
RX_3595,-0.042099,52.819214,-93.61,163.61
RX_3596,-0.042113,52.819208,-94.49,164.49
RX_3597,-0.042162,52.819191,-91.08,161.07999999999998
RX_3598,-0.04221,52.819174,-94.25,164.25
RX_3599,-0.042259,52.819157,-91.56,161.56
RX_3600,-0.042303,52.819142,-90.98,160.98000000000002
RX_3601,-0.042323,52.819135,-89.2,159.2
RX_3602,-0.042371,52.819119,-88.31,158.31
RX_3603,-0.042419,52.819103,-88.39,158.39
RX_3604,-0.042467,52.819087,-89.54,159.54000000000002
RX_3605,-0.042507,52.819073,-89.78,159.78
RX_3606,-0.042534,52.819064,-85.62,155.62
RX_3607,-0.042585,52.819047,-86.17,156.17000000000002
RX_3608,-0.042635,52.819029,-89.09,159.09
RX_3609,-0.042686,52.819012,-87.8,157.8
RX_3610,-0.042702,52.819006,-86.89,156.89
RX_3611,-0.042749,52.818987,-88.68,158.68
RX_3612,-0.042796,52.818969,-88.13,158.13
RX_3613,-0.042842,52.81895,-85.95,155.95
RX_3614,-0.042889,52.818931,-85.31,155.31
RX_3615,-0.042902,52.818925,-84.73,154.73000000000002
RX_3616,-0.042945,52.818905,-87.09,157.09
RX_3617,-0.042987,52.818886,-83.91,153.91
RX_3618,-0.043029,52.818867,-83.23,153.23000000000002
RX_3619,-0.04307,52.818847,-88.44,158.44
RX_3620,-0.043082,52.818841,-93.56,163.56
RX_3621,-0.043124,52.818819,-92.93,162.93
RX_3622,-0.043165,52.818798,-93.68,163.68
RX_3623,-0.043206,52.818777,-87.95,157.95
RX_3624,-0.043247,52.818755,-88.09,158.09
RX_3625,-0.043256,52.81875,-84.05,154.05
RX_3626,-0.043296,52.818727,-91.52,161.51999999999998
RX_3627,-0.043334,52.818705,-92.99,162.99
RX_3628,-0.043373,52.818682,-92.37,162.37
RX_3629,-0.043413,52.81866,-94.0,164.0
RX_3630,-0.043427,52.818652,-96.0,166.0
RX_3631,-0.043457,52.81863,-96.46,166.45999999999998
RX_3632,-0.043491,52.818607,-96.57,166.57
RX_3633,-0.043524,52.818583,-94.89,164.89
RX_3634,-0.043559,52.818559,-96.07,166.07
RX_3635,-0.04359,52.818537,-95.59,165.59
RX_3636,-0.043603,52.818528,-95.59,165.59
RX_3637,-0.043644,52.818501,-94.48,164.48000000000002
RX_3638,-0.043683,52.818474,-92.85,162.85
RX_3639,-0.043723,52.818448,-90.39,160.39
RX_3640,-0.04376,52.818423,-90.68,160.68
RX_3641,-0.04377,52.818417,-91.88,161.88
RX_3642,-0.043808,52.818391,-91.85,161.85
RX_3643,-0.043846,52.818365,-93.01,163.01
RX_3644,-0.043883,52.81834,-90.7,160.7
RX_3645,-0.043919,52.818316,-91.36,161.36
RX_3646,-0.04393,52.818308,-86.78,156.78
RX_3647,-0.043964,52.818285,-82.97,152.97
RX_3648,-0.044,52.818261,-85.72,155.72
RX_3649,-0.044036,52.818236,-84.41,154.41
RX_3650,-0.044072,52.818211,-81.85,151.85
RX_3651,-0.0441,52.818192,-82.2,152.2
RX_3652,-0.044117,52.818181,-82.11,152.11
RX_3653,-0.044153,52.818157,-80.87,150.87
RX_3654,-0.04419,52.818134,-83.18,153.18
RX_3655,-0.044226,52.81811,-84.89,154.89
RX_3656,-0.044264,52.818086,-80.97,150.97
RX_3657,-0.044278,52.818077,-82.13,152.13
RX_3658,-0.044313,52.818056,-82.53,152.53
RX_3659,-0.044355,52.818031,-78.29,148.29000000000002
RX_3660,-0.044397,52.818006,-79.83,149.82999999999998
RX_3661,-0.044438,52.817982,-77.96,147.95999999999998
RX_3662,-0.044467,52.817965,-83.89,153.89
RX_3663,-0.044489,52.817953,-91.78,161.78
RX_3664,-0.04453,52.817931,-92.39,162.39
RX_3665,-0.044572,52.817909,-82.79,152.79000000000002
RX_3666,-0.044614,52.817886,-81.46,151.45999999999998
RX_3667,-0.044657,52.817863,-83.26,153.26
RX_3668,-0.044667,52.817858,-88.16,158.16
RX_3669,-0.04471,52.817836,-86.24,156.24
RX_3670,-0.044754,52.817814,-84.76,154.76
RX_3671,-0.044798,52.817792,-89.46,159.45999999999998
RX_3672,-0.044843,52.81777,-87.6,157.6
RX_3673,-0.04487,52.817757,-83.32,153.32
RX_3674,-0.044897,52.817743,-79.52,149.51999999999998
RX_3675,-0.044941,52.817722,-80.91,150.91
RX_3676,-0.044985,52.8177,-82.67,152.67000000000002
RX_3677,-0.045029,52.817679,-81.47,151.47
RX_3678,-0.04507,52.817658,-83.94,153.94
RX_3679,-0.045086,52.817651,-82.19,152.19
RX_3680,-0.04513,52.817629,-84.59,154.59
RX_3681,-0.045174,52.817607,-82.98,152.98000000000002
RX_3682,-0.045218,52.817585,-84.93,154.93
RX_3683,-0.045263,52.817563,-92.48,162.48000000000002
RX_3684,-0.045275,52.817557,-85.27,155.26999999999998
RX_3685,-0.045319,52.817534,-88.22,158.22
RX_3686,-0.045364,52.817511,-88.86,158.86
RX_3687,-0.045409,52.817488,-82.0,152.0
RX_3688,-0.045455,52.817464,-80.6,150.6
RX_3689,-0.045467,52.817458,-84.65,154.65
RX_3690,-0.045503,52.817434,-78.81,148.81
RX_3691,-0.045539,52.817411,-77.09,147.09
RX_3692,-0.045576,52.817387,-79.21,149.20999999999998
RX_3693,-0.045612,52.817363,-80.07,150.07
RX_3694,-0.045632,52.81735,-80.69,150.69
RX_3695,-0.045658,52.817328,-81.06,151.06
RX_3696,-0.045693,52.817299,-86.68,156.68
RX_3697,-0.045729,52.81727,-89.65,159.65
RX_3698,-0.045764,52.817241,-88.47,158.47
RX_3699,-0.045775,52.817232,-86.47,156.47
RX_3700,-0.0458,52.817201,-80.16,150.16
RX_3701,-0.045827,52.817171,-82.1,152.1
RX_3702,-0.045853,52.817139,-88.34,158.34
RX_3703,-0.04588,52.817108,-84.33,154.32999999999998
RX_3704,-0.045886,52.817098,-85.46,155.45999999999998
RX_3705,-0.045903,52.817066,-90.66,160.66
RX_3706,-0.04592,52.817033,-92.19,162.19
RX_3707,-0.045938,52.817,-90.06,160.06
RX_3708,-0.045955,52.816967,-91.82,161.82
RX_3709,-0.045959,52.816957,-89.05,159.05
RX_3710,-0.045971,52.816924,-87.75,157.75
RX_3711,-0.045984,52.816891,-90.49,160.49
RX_3712,-0.045996,52.816858,-84.87,154.87
RX_3713,-0.046008,52.816825,-88.16,158.16
RX_3714,-0.046011,52.816815,-84.05,154.05
RX_3715,-0.046022,52.81678,-88.1,158.1
RX_3716,-0.046032,52.816746,-82.67,152.67000000000002
RX_3717,-0.046042,52.816711,-85.3,155.3
RX_3718,-0.04605,52.816683,-85.37,155.37
RX_3719,-0.046053,52.816665,-86.98,156.98000000000002
RX_3720,-0.04606,52.816631,-87.53,157.53
RX_3721,-0.046066,52.816596,-87.57,157.57
RX_3722,-0.046073,52.816562,-91.26,161.26
RX_3723,-0.046077,52.81654,-87.13,157.13
RX_3724,-0.046079,52.816518,-83.13,153.13
RX_3725,-0.046083,52.816485,-84.43,154.43
RX_3726,-0.046086,52.816452,-85.95,155.95
RX_3727,-0.04609,52.816419,-86.01,156.01
RX_3728,-0.046092,52.816398,-88.84,158.84
RX_3729,-0.046092,52.816375,-90.77,160.76999999999998
RX_3730,-0.046092,52.816341,-87.81,157.81
RX_3731,-0.046092,52.816307,-85.1,155.1
RX_3732,-0.046092,52.816273,-84.28,154.28
RX_3733,-0.046092,52.816262,-85.66,155.66
RX_3734,-0.046094,52.816229,-82.33,152.32999999999998
RX_3735,-0.046097,52.816195,-86.22,156.22
RX_3736,-0.0461,52.816161,-86.39,156.39
RX_3737,-0.046103,52.816128,-88.81,158.81
RX_3738,-0.046105,52.816117,-90.13,160.13
RX_3739,-0.046115,52.816085,-86.26,156.26
RX_3740,-0.046124,52.816053,-87.17,157.17000000000002
RX_3741,-0.046133,52.816021,-85.93,155.93
RX_3742,-0.046143,52.815988,-84.52,154.51999999999998
RX_3743,-0.046149,52.815978,-81.24,151.24
RX_3744,-0.046168,52.815945,-80.93,150.93
RX_3745,-0.046187,52.815912,-82.73,152.73000000000002
RX_3746,-0.046206,52.81588,-84.99,154.99
RX_3747,-0.046218,52.815858,-83.11,153.11
RX_3748,-0.046234,52.815839,-80.62,150.62
RX_3749,-0.046259,52.815809,-81.91,151.91
RX_3750,-0.046284,52.815779,-80.75,150.75
RX_3751,-0.046309,52.815749,-84.83,154.82999999999998
RX_3752,-0.04632,52.815735,-87.07,157.07
RX_3753,-0.046343,52.815712,-87.61,157.61
RX_3754,-0.04637,52.815684,-87.8,157.8
RX_3755,-0.046397,52.815656,-85.67,155.67000000000002
RX_3756,-0.046425,52.815627,-87.99,157.99
RX_3757,-0.046438,52.815613,-86.7,156.7
RX_3758,-0.046463,52.815592,-87.45,157.45
RX_3759,-0.046495,52.815565,-88.35,158.35
RX_3760,-0.046526,52.815537,-82.72,152.72
RX_3761,-0.046558,52.81551,-82.31,152.31
RX_3762,-0.046572,52.815498,-81.32,151.32
RX_3763,-0.0466,52.815474,-83.48,153.48000000000002
RX_3764,-0.046632,52.815447,-86.66,156.66
RX_3765,-0.046664,52.815419,-83.33,153.32999999999998
RX_3766,-0.046697,52.815392,-81.56,151.56
RX_3767,-0.046707,52.815383,-82.11,152.11
RX_3768,-0.046741,52.815357,-82.53,152.53
RX_3769,-0.046775,52.81533,-84.47,154.47
RX_3770,-0.046809,52.815304,-85.12,155.12
RX_3771,-0.046843,52.815277,-83.54,153.54000000000002
RX_3772,-0.046854,52.815269,-81.48,151.48000000000002
RX_3773,-0.046887,52.815242,-85.5,155.5
RX_3774,-0.046921,52.815215,-85.34,155.34
RX_3775,-0.046954,52.815189,-86.73,156.73000000000002
RX_3776,-0.046983,52.815165,-88.43,158.43
RX_3777,-0.046997,52.815153,-90.09,160.09
RX_3778,-0.047027,52.815126,-83.96,153.95999999999998
RX_3779,-0.047058,52.815099,-84.69,154.69
RX_3780,-0.047089,52.815072,-87.61,157.61
RX_3781,-0.047112,52.815052,-89.18,159.18
RX_3782,-0.047129,52.815036,-91.12,161.12
RX_3783,-0.047158,52.815008,-90.65,160.65
RX_3784,-0.047188,52.814981,-89.44,159.44
RX_3785,-0.047217,52.814953,-93.88,163.88
RX_3786,-0.047237,52.814935,-94.18,164.18
RX_3787,-0.047256,52.814916,-92.81,162.81
RX_3788,-0.047285,52.814886,-92.29,162.29000000000002
RX_3789,-0.047315,52.814857,-90.75,160.75
RX_3790,-0.047344,52.814827,-84.52,154.51999999999998
RX_3791,-0.047357,52.814815,-84.01,154.01
RX_3792,-0.047382,52.81479,-81.78,151.78
RX_3793,-0.04741,52.814761,-82.79,152.79000000000002
RX_3794,-0.047438,52.814733,-86.27,156.26999999999998
RX_3795,-0.047466,52.814704,-83.58,153.57999999999998
RX_3796,-0.047477,52.814693,-80.62,150.62
RX_3797,-0.047507,52.814663,-82.71,152.70999999999998
RX_3798,-0.047537,52.814632,-83.31,153.31
RX_3799,-0.047568,52.814601,-82.95,152.95
RX_3800,-0.047597,52.814572,-92.29,162.29000000000002
RX_3801,-0.047607,52.814561,-85.02,155.01999999999998
RX_3802,-0.047635,52.814532,-81.25,151.25
RX_3803,-0.047663,52.814504,-83.26,153.26
RX_3804,-0.047691,52.814475,-84.91,154.91
RX_3805,-0.047712,52.814453,-83.37,153.37
RX_3806,-0.047728,52.814436,-90.38,160.38
RX_3807,-0.047756,52.814406,-87.86,157.86
RX_3808,-0.047783,52.814376,-86.02,156.01999999999998
RX_3809,-0.047811,52.814346,-90.69,160.69
RX_3810,-0.047823,52.814333,-99.27,169.26999999999998
RX_3811,-0.047846,52.814307,-101.09,171.09
RX_3812,-0.047873,52.814278,-97.89,167.89
RX_3813,-0.047899,52.814248,-96.88,166.88
RX_3814,-0.047925,52.814219,-99.6,169.6
RX_3815,-0.047934,52.814209,-99.48,169.48000000000002
RX_3816,-0.047962,52.81418,-100.1,170.1
RX_3817,-0.04799,52.81415,-99.78,169.78
RX_3818,-0.048018,52.814121,-99.41,169.41
RX_3819,-0.04804,52.814098,-98.77,168.76999999999998
RX_3820,-0.048055,52.814082,-97.7,167.7
RX_3821,-0.048082,52.814053,-97.6,167.6
RX_3822,-0.04811,52.814023,-92.22,162.22
RX_3823,-0.048137,52.813994,-92.06,162.06
RX_3824,-0.04815,52.81398,-83.21,153.20999999999998
RX_3825,-0.048173,52.813957,-86.08,156.07999999999998
RX_3826,-0.048201,52.813929,-89.61,159.61
RX_3827,-0.048228,52.813901,-91.89,161.89
RX_3828,-0.048256,52.813873,-92.41,162.41
RX_3829,-0.048267,52.813862,-95.24,165.24
RX_3830,-0.048292,52.813837,-96.29,166.29000000000002
RX_3831,-0.04832,52.81381,-99.67,169.67000000000002
RX_3832,-0.048348,52.813782,-100.49,170.49
RX_3833,-0.048376,52.813755,-102.92,172.92000000000002
RX_3834,-0.048387,52.813745,-100.79,170.79000000000002
RX_3835,-0.048412,52.813718,-99.39,169.39
RX_3836,-0.048441,52.813689,-99.66,169.66
RX_3837,-0.048468,52.81366,-102.58,172.57999999999998
RX_3838,-0.048496,52.813631,-101.18,171.18
RX_3839,-0.048504,52.813622,-100.75,170.75
RX_3840,-0.048533,52.813596,-97.02,167.01999999999998
RX_3841,-0.048562,52.81357,-96.92,166.92000000000002
RX_3842,-0.048591,52.813544,-99.91,169.91
RX_3843,-0.04862,52.813518,-97.36,167.36
RX_3844,-0.048635,52.813505,-98.55,168.55
RX_3845,-0.048659,52.813481,-96.97,166.97
RX_3846,-0.04869,52.813451,-97.05,167.05
RX_3847,-0.048721,52.81342,-94.79,164.79000000000002
RX_3848,-0.048752,52.813389,-92.82,162.82
RX_3849,-0.048761,52.813381,-93.04,163.04000000000002
RX_3850,-0.048789,52.813351,-91.19,161.19
RX_3851,-0.048818,52.813321,-89.49,159.49
RX_3852,-0.048846,52.813292,-89.0,159.0
RX_3853,-0.048875,52.813262,-89.1,159.1
RX_3854,-0.048883,52.813254,-92.65,162.65
RX_3855,-0.048912,52.813225,-94.74,164.74
RX_3856,-0.048941,52.813197,-93.42,163.42000000000002
RX_3857,-0.04897,52.813168,-94.46,164.45999999999998
RX_3858,-0.048999,52.813139,-93.44,163.44
RX_3859,-0.049008,52.813131,-92.56,162.56
RX_3860,-0.049038,52.813102,-88.08,158.07999999999998
RX_3861,-0.049068,52.813072,-84.36,154.36
RX_3862,-0.049098,52.813043,-81.22,151.22
RX_3863,-0.049128,52.813013,-81.8,151.8
RX_3864,-0.049136,52.813005,-78.29,148.29000000000002
RX_3865,-0.049165,52.812976,-79.98,149.98000000000002
RX_3866,-0.049194,52.812947,-79.38,149.38
RX_3867,-0.049223,52.812918,-78.5,148.5
RX_3868,-0.049251,52.812889,-78.92,148.92000000000002
RX_3869,-0.049259,52.812881,-77.8,147.8
RX_3870,-0.049289,52.812851,-78.9,148.9
RX_3871,-0.04932,52.812821,-81.43,151.43
RX_3872,-0.04935,52.812792,-84.27,154.26999999999998
RX_3873,-0.04938,52.812763,-83.18,153.18
RX_3874,-0.049388,52.812755,-84.99,154.99
RX_3875,-0.049417,52.812727,-85.14,155.14
RX_3876,-0.049445,52.8127,-82.36,152.36
RX_3877,-0.049473,52.812672,-82.68,152.68
RX_3878,-0.049502,52.812644,-81.19,151.19
RX_3879,-0.04951,52.812636,-80.07,150.07
RX_3880,-0.049539,52.812608,-80.16,150.16
RX_3881,-0.049568,52.812579,-77.4,147.4
RX_3882,-0.049597,52.81255,-81.69,151.69
RX_3883,-0.049626,52.812522,-86.4,156.4
RX_3884,-0.049635,52.812513,-86.8,156.8
RX_3885,-0.049666,52.812484,-84.68,154.68
RX_3886,-0.049696,52.812454,-84.05,154.05
RX_3887,-0.049727,52.812424,-77.4,147.4
RX_3888,-0.049757,52.812394,-77.04,147.04000000000002
RX_3889,-0.049766,52.812386,-81.37,151.37
RX_3890,-0.049795,52.812358,-82.93,152.93
RX_3891,-0.049825,52.81233,-87.42,157.42000000000002
RX_3892,-0.049855,52.812303,-97.18,167.18
RX_3893,-0.049885,52.812275,-97.33,167.32999999999998
RX_3894,-0.049893,52.812267,-99.45,169.45
RX_3895,-0.049923,52.812239,-99.05,169.05
RX_3896,-0.049953,52.812211,-99.67,169.67000000000002
RX_3897,-0.049984,52.812183,-96.62,166.62
RX_3898,-0.050014,52.812155,-96.31,166.31
RX_3899,-0.050023,52.812148,-97.5,167.5
RX_3900,-0.050053,52.81212,-98.01,168.01
RX_3901,-0.050084,52.812093,-97.53,167.53
RX_3902,-0.050115,52.812065,-97.94,167.94
RX_3903,-0.050146,52.812038,-98.37,168.37
RX_3904,-0.050155,52.81203,-97.48,167.48000000000002
RX_3905,-0.050186,52.812004,-98.47,168.47
RX_3906,-0.050217,52.811978,-96.62,166.62
RX_3907,-0.050248,52.811951,-94.27,164.26999999999998
RX_3908,-0.05028,52.811925,-93.99,163.99
RX_3909,-0.050292,52.811915,-98.08,168.07999999999998
RX_3910,-0.050321,52.811891,-96.56,166.56
RX_3911,-0.050353,52.811863,-96.27,166.26999999999998
RX_3912,-0.050386,52.811836,-93.98,163.98000000000002
RX_3913,-0.050419,52.811809,-94.12,164.12
RX_3914,-0.050432,52.811798,-92.0,162.0
RX_3915,-0.050461,52.811776,-89.81,159.81
RX_3916,-0.050495,52.81175,-87.95,157.95
RX_3917,-0.050528,52.811724,-87.56,157.56
RX_3918,-0.050562,52.811698,-85.52,155.51999999999998
RX_3919,-0.050578,52.811685,-84.24,154.24
RX_3920,-0.050605,52.811664,-84.88,154.88
RX_3921,-0.05064,52.811637,-87.4,157.4
RX_3922,-0.050675,52.811611,-86.54,156.54000000000002
RX_3923,-0.050709,52.811585,-87.47,157.47
RX_3924,-0.050728,52.81157,-91.8,161.8
RX_3925,-0.050752,52.811552,-88.44,158.44
RX_3926,-0.050786,52.811527,-83.18,153.18
RX_3927,-0.050821,52.811501,-82.8,152.8
RX_3928,-0.050855,52.811476,-88.23,158.23000000000002
RX_3929,-0.050878,52.811458,-87.06,157.06
RX_3930,-0.050899,52.811443,-92.39,162.39
RX_3931,-0.050934,52.811418,-95.62,165.62
RX_3932,-0.050969,52.811392,-93.35,163.35
RX_3933,-0.051005,52.811366,-93.39,163.39
RX_3934,-0.051035,52.811343,-93.91,163.91
RX_3935,-0.051049,52.811333,-95.53,165.53
RX_3936,-0.051085,52.811307,-96.8,166.8
RX_3937,-0.05112,52.811282,-97.47,167.47
RX_3938,-0.051155,52.811257,-98.37,168.37
RX_3939,-0.05119,52.811231,-99.63,169.63
RX_3940,-0.0512,52.811224,-99.6,169.6
RX_3941,-0.051237,52.811198,-98.16,168.16
RX_3942,-0.051273,52.811172,-98.45,168.45
RX_3943,-0.05131,52.811146,-99.34,169.34
RX_3944,-0.051343,52.811122,-96.62,166.62
RX_3945,-0.051355,52.811113,-97.1,167.1
RX_3946,-0.05139,52.811087,-98.53,168.53
RX_3947,-0.051424,52.811061,-97.48,167.48000000000002
RX_3948,-0.051459,52.811034,-97.44,167.44
RX_3949,-0.051493,52.811008,-100.03,170.03
RX_3950,-0.051502,52.811001,-100.01,170.01
RX_3951,-0.051534,52.810975,-98.96,168.95999999999998
RX_3952,-0.051566,52.81095,-98.15,168.15
RX_3953,-0.051598,52.810924,-98.72,168.72
RX_3954,-0.05163,52.810898,-99.67,169.67000000000002
RX_3955,-0.051639,52.810891,-98.77,168.76999999999998
RX_3956,-0.051672,52.810864,-97.92,167.92000000000002
RX_3957,-0.051705,52.810837,-100.47,170.47
RX_3958,-0.051739,52.810809,-97.94,167.94
RX_3959,-0.051772,52.810782,-98.35,168.35
RX_3960,-0.051782,52.810773,-92.4,162.4
RX_3961,-0.051812,52.810748,-89.28,159.28
RX_3962,-0.051845,52.81072,-96.55,166.55
RX_3963,-0.051877,52.810693,-98.76,168.76
RX_3964,-0.051911,52.810665,-93.87,163.87
RX_3965,-0.051925,52.810653,-92.34,162.34
RX_3966,-0.051953,52.81063,-91.38,161.38
RX_3967,-0.051986,52.810602,-96.35,166.35
RX_3968,-0.052019,52.810574,-91.83,161.82999999999998
RX_3969,-0.052053,52.810546,-86.97,156.97
RX_3970,-0.052068,52.810533,-90.95,160.95
RX_3971,-0.052094,52.810512,-88.63,158.63
RX_3972,-0.052126,52.810487,-91.11,161.11
RX_3973,-0.052157,52.810461,-90.08,160.07999999999998
RX_3974,-0.052189,52.810435,-88.4,158.4
RX_3975,-0.052213,52.810415,-93.78,163.78
RX_3976,-0.052232,52.8104,-93.43,163.43
RX_3977,-0.052269,52.810372,-93.11,163.11
RX_3978,-0.052306,52.810343,-92.84,162.84
RX_3979,-0.052342,52.810314,-96.58,166.57999999999998
RX_3980,-0.05236,52.8103,-98.45,168.45
RX_3981,-0.052387,52.810279,-98.28,168.28
RX_3982,-0.05242,52.810253,-97.23,167.23000000000002
RX_3983,-0.052454,52.810227,-96.2,166.2
RX_3984,-0.052487,52.810201,-97.48,167.48000000000002
RX_3985,-0.052503,52.810188,-96.22,166.22
RX_3986,-0.052531,52.810166,-96.88,166.88
RX_3987,-0.052565,52.810139,-95.31,165.31
RX_3988,-0.052599,52.810111,-95.89,165.89
RX_3989,-0.052632,52.810084,-94.31,164.31
RX_3990,-0.052644,52.810075,-96.9,166.9
RX_3991,-0.052679,52.810048,-97.66,167.66
RX_3992,-0.052714,52.810022,-96.4,166.4
RX_3993,-0.05275,52.809995,-94.61,164.61
RX_3994,-0.052785,52.809968,-86.52,156.51999999999998
RX_3995,-0.052795,52.809961,-84.06,154.06
RX_3996,-0.052827,52.809938,-84.63,154.63
RX_3997,-0.052858,52.809915,-85.34,155.34
RX_3998,-0.05289,52.809893,-84.34,154.34
RX_3999,-0.052922,52.80987,-89.19,159.19
RX_4000,-0.052933,52.809862,-86.89,156.89
