name,lon,lat,height
RX_1,-0.098043,52.803119,1.5
RX_2,-0.098037,52.80314,1.5
RX_3,-0.098037,52.803153,1.5
RX_4,-0.098038,52.803171,1.5
RX_5,-0.09804,52.803195,1.5
RX_6,-0.098039,52.80322,1.5
RX_7,-0.098038,52.803248,1.5
RX_8,-0.098039,52.80328,1.5
RX_9,-0.098039,52.803317,1.5
RX_10,-0.098039,52.803353,1.5
RX_11,-0.098037,52.803387,1.5
RX_12,-0.098033,52.803418,1.5
RX_13,-0.09802,52.803438,1.5
RX_14,-0.097995,52.803457,1.5
RX_15,-0.097971,52.803468,1.5
RX_16,-0.097944,52.803476,1.5
RX_17,-0.09791,52.803482,1.5
RX_18,-0.09786,52.80349,1.5
RX_19,-0.097805,52.803497,1.5
RX_20,-0.097737,52.803503,1.5
RX_21,-0.097658,52.803508,1.5
RX_22,-0.097623,52.803505,1.5
RX_23,-0.097605,52.803502,1.5
RX_24,-0.097584,52.803488,1.5
RX_25,-0.09757,52.803472,1.5
RX_26,-0.097558,52.803454,1.5
RX_27,-0.097547,52.803425,1.5
RX_28,-0.09754,52.8034,1.5
RX_29,-0.097535,52.803375,1.5
RX_30,-0.097533,52.803346,1.5
RX_31,-0.097531,52.803324,1.5
RX_32,-0.09753,52.803293,1.5
RX_33,-0.09753,52.803271,1.5
RX_34,-0.097531,52.803239,1.5
RX_35,-0.097531,52.803214,1.5
RX_36,-0.09753,52.803173,1.5
RX_37,-0.097531,52.803137,1.5
RX_38,-0.097527,52.803091,1.5
RX_39,-0.097514,52.803054,1.5
RX_40,-0.097497,52.80303,1.5
RX_41,-0.097477,52.803011,1.5
RX_42,-0.097444,52.802994,1.5
RX_43,-0.097415,52.802987,1.5
RX_44,-0.097377,52.802982,1.5
RX_45,-0.097348,52.802984,1.5
RX_46,-0.097307,52.802987,1.5
RX_47,-0.097282,52.802989,1.5
RX_48,-0.097241,52.802997,1.5
RX_49,-0.097202,52.803004,1.5
RX_50,-0.097173,52.80301,1.5
RX_51,-0.097122,52.803021,1.5
RX_52,-0.097072,52.803031,1.5
RX_53,-0.097043,52.803036,1.5
RX_54,-0.096993,52.803043,1.5
RX_55,-0.096944,52.803051,1.5
RX_56,-0.096917,52.803057,1.5
RX_57,-0.096869,52.803069,1.5
RX_58,-0.09682,52.803081,1.5
RX_59,-0.096792,52.803088,1.5
RX_60,-0.096739,52.803101,1.5
RX_61,-0.096687,52.803114,1.5
RX_62,-0.096658,52.803121,1.5
RX_63,-0.096604,52.803133,1.5
RX_64,-0.09655,52.803145,1.5
RX_65,-0.096519,52.803152,1.5
RX_66,-0.096465,52.803166,1.5
RX_67,-0.096411,52.80318,1.5
RX_68,-0.096379,52.803188,1.5
RX_69,-0.096328,52.803202,1.5
RX_70,-0.096277,52.803216,1.5
RX_71,-0.096247,52.803225,1.5
RX_72,-0.096193,52.803239,1.5
RX_73,-0.096139,52.803253,1.5
RX_74,-0.096108,52.803261,1.5
RX_75,-0.096056,52.803277,1.5
RX_76,-0.096003,52.803293,1.5
RX_77,-0.095974,52.803302,1.5
RX_78,-0.095925,52.803317,1.5
RX_79,-0.095876,52.803331,1.5
RX_80,-0.095848,52.80334,1.5
RX_81,-0.095797,52.803355,1.5
RX_82,-0.095746,52.80337,1.5
RX_83,-0.095718,52.803378,1.5
RX_84,-0.09567,52.803392,1.5
RX_85,-0.095622,52.803405,1.5
RX_86,-0.095595,52.803413,1.5
RX_87,-0.095543,52.803427,1.5
RX_88,-0.095491,52.803441,1.5
RX_89,-0.095463,52.803448,1.5
RX_90,-0.095417,52.803459,1.5
RX_91,-0.095371,52.80347,1.5
RX_92,-0.095327,52.80348,1.5
RX_93,-0.095299,52.803488,1.5
RX_94,-0.095251,52.803502,1.5
RX_95,-0.095204,52.803516,1.5
RX_96,-0.095181,52.803523,1.5
RX_97,-0.095133,52.803536,1.5
RX_98,-0.095085,52.803549,1.5
RX_99,-0.095038,52.803562,1.5
RX_100,-0.095017,52.803569,1.5
RX_101,-0.094971,52.803582,1.5
RX_102,-0.094925,52.803595,1.5
RX_103,-0.094885,52.803607,1.5
RX_104,-0.094859,52.803616,1.5
RX_105,-0.094811,52.803632,1.5
RX_106,-0.094764,52.803648,1.5
RX_107,-0.094725,52.803662,1.5
RX_108,-0.094696,52.803671,1.5
RX_109,-0.094648,52.803686,1.5
RX_110,-0.094601,52.803701,1.5
RX_111,-0.094557,52.803715,1.5
RX_112,-0.094533,52.803723,1.5
RX_113,-0.094484,52.803738,1.5
RX_114,-0.094436,52.803754,1.5
RX_115,-0.094388,52.803769,1.5
RX_116,-0.094368,52.803775,1.5
RX_117,-0.094319,52.80379,1.5
RX_118,-0.094271,52.803805,1.5
RX_119,-0.094222,52.80382,1.5
RX_120,-0.094203,52.803826,1.5
RX_121,-0.094153,52.803843,1.5
RX_122,-0.094103,52.803861,1.5
RX_123,-0.094053,52.803878,1.5
RX_124,-0.094025,52.803888,1.5
RX_125,-0.093987,52.803904,1.5
RX_126,-0.093941,52.803922,1.5
RX_127,-0.093894,52.80394,1.5
RX_128,-0.093853,52.803957,1.5
RX_129,-0.093826,52.803968,1.5
RX_130,-0.093776,52.803989,1.5
RX_131,-0.093725,52.804011,1.5
RX_132,-0.093687,52.804027,1.5
RX_133,-0.093654,52.804041,1.5
RX_134,-0.093607,52.804062,1.5
RX_135,-0.093559,52.804084,1.5
RX_136,-0.093527,52.804098,1.5
RX_137,-0.093491,52.804116,1.5
RX_138,-0.093446,52.804138,1.5
RX_139,-0.093401,52.80416,1.5
RX_140,-0.093379,52.80417,1.5
RX_141,-0.093335,52.804192,1.5
RX_142,-0.09329,52.804213,1.5
RX_143,-0.093245,52.804235,1.5
RX_144,-0.093217,52.804247,1.5
RX_145,-0.093165,52.804271,1.5
RX_146,-0.093112,52.804294,1.5
RX_147,-0.093087,52.804306,1.5
RX_148,-0.093044,52.804327,1.5
RX_149,-0.093001,52.804348,1.5
RX_150,-0.092978,52.804359,1.5
RX_151,-0.092935,52.804381,1.5
RX_152,-0.092893,52.804401,1.5
RX_153,-0.092865,52.804415,1.5
RX_154,-0.092827,52.804432,1.5
RX_155,-0.092783,52.804451,1.5
RX_156,-0.09274,52.80447,1.5
RX_157,-0.092717,52.804479,1.5
RX_158,-0.092676,52.804496,1.5
RX_159,-0.092634,52.804513,1.5
RX_160,-0.092612,52.804522,1.5
RX_161,-0.092568,52.804539,1.5
RX_162,-0.092524,52.804557,1.5
RX_163,-0.092479,52.804574,1.5
RX_164,-0.092459,52.804583,1.5
RX_165,-0.092417,52.804601,1.5
RX_166,-0.092376,52.804619,1.5
RX_167,-0.092335,52.804637,1.5
RX_168,-0.092317,52.804645,1.5
RX_169,-0.092277,52.804664,1.5
RX_170,-0.092238,52.804683,1.5
RX_171,-0.092199,52.804702,1.5
RX_172,-0.092183,52.80471,1.5
RX_173,-0.092144,52.804732,1.5
RX_174,-0.092104,52.804754,1.5
RX_175,-0.092064,52.804776,1.5
RX_176,-0.092048,52.804784,1.5
RX_177,-0.092009,52.804807,1.5
RX_178,-0.09197,52.80483,1.5
RX_179,-0.091931,52.804853,1.5
RX_180,-0.091905,52.804868,1.5
RX_181,-0.091876,52.804884,1.5
RX_182,-0.091835,52.804907,1.5
RX_183,-0.091795,52.804928,1.5
RX_184,-0.091755,52.80495,1.5
RX_185,-0.091738,52.804959,1.5
RX_186,-0.091695,52.804982,1.5
RX_187,-0.091653,52.805005,1.5
RX_188,-0.091609,52.805028,1.5
RX_189,-0.091593,52.805037,1.5
RX_190,-0.09155,52.805058,1.5
RX_191,-0.091507,52.805079,1.5
RX_192,-0.091465,52.8051,1.5
RX_193,-0.091445,52.80511,1.5
RX_194,-0.091407,52.805128,1.5
RX_195,-0.091364,52.805148,1.5
RX_196,-0.091322,52.805168,1.5
RX_197,-0.091282,52.805187,1.5
RX_198,-0.091262,52.805195,1.5
RX_199,-0.091217,52.805214,1.5
RX_200,-0.091172,52.805234,1.5
RX_201,-0.091127,52.805253,1.5
RX_202,-0.09111,52.80526,1.5
RX_203,-0.091062,52.805275,1.5
RX_204,-0.091013,52.805291,1.5
RX_205,-0.090964,52.805307,1.5
RX_206,-0.090923,52.80532,1.5
RX_207,-0.090897,52.805327,1.5
RX_208,-0.090847,52.80534,1.5
RX_209,-0.090797,52.805352,1.5
RX_210,-0.090748,52.805365,1.5
RX_211,-0.090728,52.80537,1.5
RX_212,-0.090678,52.805379,1.5
RX_213,-0.090627,52.805388,1.5
RX_214,-0.090575,52.805397,1.5
RX_215,-0.090527,52.805405,1.5
RX_216,-0.090505,52.805408,1.5
RX_217,-0.090453,52.805414,1.5
RX_218,-0.090401,52.805421,1.5
RX_219,-0.090348,52.805428,1.5
RX_220,-0.090318,52.805432,1.5
RX_221,-0.090273,52.805436,1.5
RX_222,-0.090218,52.805441,1.5
RX_223,-0.090162,52.805446,1.5
RX_224,-0.090107,52.805451,1.5
RX_225,-0.090088,52.805453,1.5
RX_226,-0.090033,52.805458,1.5
RX_227,-0.089979,52.805463,1.5
RX_228,-0.089925,52.805469,1.5
RX_229,-0.089892,52.805472,1.5
RX_230,-0.08985,52.805477,1.5
RX_231,-0.089794,52.805484,1.5
RX_232,-0.089737,52.805491,1.5
RX_233,-0.089681,52.805497,1.5
RX_234,-0.089661,52.8055,1.5
RX_235,-0.089605,52.805508,1.5
RX_236,-0.089548,52.805515,1.5
RX_237,-0.089491,52.805523,1.5
RX_238,-0.089462,52.805527,1.5
RX_239,-0.089419,52.805535,1.5
RX_240,-0.089367,52.805546,1.5
RX_241,-0.089316,52.805557,1.5
RX_242,-0.089265,52.805567,1.5
RX_243,-0.089247,52.805571,1.5
RX_244,-0.089196,52.805584,1.5
RX_245,-0.089144,52.805597,1.5
RX_246,-0.089093,52.805609,1.5
RX_247,-0.089057,52.805618,1.5
RX_248,-0.089024,52.805627,1.5
RX_249,-0.088975,52.805641,1.5
RX_250,-0.088926,52.805655,1.5
RX_251,-0.088877,52.805668,1.5
RX_252,-0.088859,52.805673,1.5
RX_253,-0.088811,52.805688,1.5
RX_254,-0.088762,52.805704,1.5
RX_255,-0.088713,52.805719,1.5
RX_256,-0.088664,52.805735,1.5
RX_257,-0.088647,52.805741,1.5
RX_258,-0.088598,52.805759,1.5
RX_259,-0.088548,52.805776,1.5
RX_260,-0.088498,52.805794,1.5
RX_261,-0.088463,52.805807,1.5
RX_262,-0.088433,52.805818,1.5
RX_263,-0.088386,52.805836,1.5
RX_264,-0.088339,52.805854,1.5
RX_265,-0.088292,52.805871,1.5
RX_266,-0.088273,52.805878,1.5
RX_267,-0.088232,52.805895,1.5
RX_268,-0.088187,52.805913,1.5
RX_269,-0.088143,52.805931,1.5
RX_270,-0.088098,52.805948,1.5
RX_271,-0.088082,52.805955,1.5
RX_272,-0.088036,52.805973,1.5
RX_273,-0.087989,52.805992,1.5
RX_274,-0.087941,52.806011,1.5
RX_275,-0.087893,52.80603,1.5
RX_276,-0.087879,52.806035,1.5
RX_277,-0.087835,52.806052,1.5
RX_278,-0.087792,52.806069,1.5
RX_279,-0.087747,52.806086,1.5
RX_280,-0.087702,52.806104,1.5
RX_281,-0.087687,52.806109,1.5
RX_282,-0.087639,52.806126,1.5
RX_283,-0.087591,52.806144,1.5
RX_284,-0.087544,52.806161,1.5
RX_285,-0.087497,52.806178,1.5
RX_286,-0.087483,52.806183,1.5
RX_287,-0.087435,52.806201,1.5
RX_288,-0.087386,52.806219,1.5
RX_289,-0.087337,52.806238,1.5
RX_290,-0.08729,52.806255,1.5
RX_291,-0.087275,52.80626,1.5
RX_292,-0.087228,52.806277,1.5
RX_293,-0.087181,52.806294,1.5
RX_294,-0.087134,52.80631,1.5
RX_295,-0.087087,52.806327,1.5
RX_296,-0.087073,52.806332,1.5
RX_297,-0.087028,52.806348,1.5
RX_298,-0.086982,52.806364,1.5
RX_299,-0.086936,52.806381,1.5
RX_300,-0.086889,52.806398,1.5
RX_301,-0.086873,52.806403,1.5
RX_302,-0.086822,52.806423,1.5
RX_303,-0.08677,52.806442,1.5
RX_304,-0.086718,52.806462,1.5
RX_305,-0.086687,52.806473,1.5
RX_306,-0.086652,52.806486,1.5
RX_307,-0.086605,52.806504,1.5
RX_308,-0.086557,52.806523,1.5
RX_309,-0.086509,52.806541,1.5
RX_310,-0.086493,52.806547,1.5
RX_311,-0.086443,52.806566,1.5
RX_312,-0.086394,52.806585,1.5
RX_313,-0.086344,52.806604,1.5
RX_314,-0.086303,52.80662,1.5
RX_315,-0.086279,52.806631,1.5
RX_316,-0.086234,52.80665,1.5
RX_317,-0.086188,52.80667,1.5
RX_318,-0.086143,52.80669,1.5
RX_319,-0.086123,52.806698,1.5
RX_320,-0.086079,52.80672,1.5
RX_321,-0.086033,52.806743,1.5
RX_322,-0.085986,52.806766,1.5
RX_323,-0.085955,52.806782,1.5
RX_324,-0.085929,52.806797,1.5
RX_325,-0.085893,52.806819,1.5
RX_326,-0.085856,52.806841,1.5
RX_327,-0.08582,52.806863,1.5
RX_328,-0.085805,52.806872,1.5
RX_329,-0.085769,52.8069,1.5
RX_330,-0.085732,52.806929,1.5
RX_331,-0.085695,52.806958,1.5
RX_332,-0.085678,52.806972,1.5
RX_333,-0.08565,52.806998,1.5
RX_334,-0.08562,52.807027,1.5
RX_335,-0.08559,52.807055,1.5
RX_336,-0.085568,52.807075,1.5
RX_337,-0.085547,52.807095,1.5
RX_338,-0.085517,52.807125,1.5
RX_339,-0.085487,52.807154,1.5
RX_340,-0.085462,52.807178,1.5
RX_341,-0.08544,52.807196,1.5
RX_342,-0.085405,52.807224,1.5
RX_343,-0.08537,52.807253,1.5
RX_344,-0.085347,52.807272,1.5
RX_345,-0.085317,52.807295,1.5
RX_346,-0.085282,52.807324,1.5
RX_347,-0.085246,52.807352,1.5
RX_348,-0.085229,52.807365,1.5
RX_349,-0.085194,52.807389,1.5
RX_350,-0.085158,52.807412,1.5
RX_351,-0.085122,52.807435,1.5
RX_352,-0.085106,52.807445,1.5
RX_353,-0.085065,52.807469,1.5
RX_354,-0.085023,52.807492,1.5
RX_355,-0.084982,52.807515,1.5
RX_356,-0.084965,52.807525,1.5
RX_357,-0.084928,52.807547,1.5
RX_358,-0.084891,52.807568,1.5
RX_359,-0.084854,52.807588,1.5
RX_360,-0.084839,52.807597,1.5
RX_361,-0.084802,52.807621,1.5
RX_362,-0.084765,52.807645,1.5
RX_363,-0.084729,52.807668,1.5
RX_364,-0.08471,52.80768,1.5
RX_365,-0.084675,52.8077,1.5
RX_366,-0.084636,52.807722,1.5
RX_367,-0.084597,52.807744,1.5
RX_368,-0.084568,52.80776,1.5
RX_369,-0.08454,52.807776,1.5
RX_370,-0.084499,52.8078,1.5
RX_371,-0.084459,52.807824,1.5
RX_372,-0.084433,52.807838,1.5
RX_373,-0.084403,52.807858,1.5
RX_374,-0.084365,52.807882,1.5
RX_375,-0.084327,52.807906,1.5
RX_376,-0.084297,52.807925,1.5
RX_377,-0.084271,52.80794,1.5
RX_378,-0.08423,52.807964,1.5
RX_379,-0.08419,52.807988,1.5
RX_380,-0.084158,52.808007,1.5
RX_381,-0.084131,52.80802,1.5
RX_382,-0.084088,52.808041,1.5
RX_383,-0.084045,52.808061,1.5
RX_384,-0.084007,52.80808,1.5
RX_385,-0.083983,52.808091,1.5
RX_386,-0.083937,52.808113,1.5
RX_387,-0.083892,52.808135,1.5
RX_388,-0.083847,52.808157,1.5
RX_389,-0.083826,52.808166,1.5
RX_390,-0.083779,52.808186,1.5
RX_391,-0.083732,52.808206,1.5
RX_392,-0.083692,52.808223,1.5
RX_393,-0.083664,52.808233,1.5
RX_394,-0.083614,52.808249,1.5
RX_395,-0.083565,52.808266,1.5
RX_396,-0.083517,52.808282,1.5
RX_397,-0.083495,52.808288,1.5
RX_398,-0.083446,52.808303,1.5
RX_399,-0.083397,52.808317,1.5
RX_400,-0.083348,52.808332,1.5
RX_401,-0.083328,52.808339,1.5
RX_402,-0.083282,52.808356,1.5
RX_403,-0.083235,52.808374,1.5
RX_404,-0.083189,52.808391,1.5
RX_405,-0.083168,52.808398,1.5
RX_406,-0.083117,52.808415,1.5
RX_407,-0.083065,52.808432,1.5
RX_408,-0.083014,52.808448,1.5
RX_409,-0.08299,52.808456,1.5
RX_410,-0.082938,52.808471,1.5
RX_411,-0.082885,52.808487,1.5
RX_412,-0.082843,52.8085,1.5
RX_413,-0.082807,52.808512,1.5
RX_414,-0.082754,52.808529,1.5
RX_415,-0.082699,52.808546,1.5
RX_416,-0.082668,52.808557,1.5
RX_417,-0.082611,52.808576,1.5
RX_418,-0.082551,52.808596,1.5
RX_419,-0.082518,52.808608,1.5
RX_420,-0.082465,52.808631,1.5
RX_421,-0.082411,52.808653,1.5
RX_422,-0.082384,52.808665,1.5
RX_423,-0.082342,52.808685,1.5
RX_424,-0.0823,52.808705,1.5
RX_425,-0.082277,52.80872,1.5
RX_426,-0.08224,52.808745,1.5
RX_427,-0.082212,52.808763,1.5
RX_428,-0.082184,52.808783,1.5
RX_429,-0.08215,52.808808,1.5
RX_430,-0.082127,52.808825,1.5
RX_431,-0.082102,52.808847,1.5
RX_432,-0.082074,52.808872,1.5
RX_433,-0.082053,52.808892,1.5
RX_434,-0.082034,52.808915,1.5
RX_435,-0.082011,52.808945,1.5
RX_436,-0.081988,52.808973,1.5
RX_437,-0.081977,52.808993,1.5
RX_438,-0.081957,52.809026,1.5
RX_439,-0.081936,52.809059,1.5
RX_440,-0.081927,52.809078,1.5
RX_441,-0.081911,52.809111,1.5
RX_442,-0.081894,52.809146,1.5
RX_443,-0.081881,52.809174,1.5
RX_444,-0.081858,52.809225,1.5
RX_445,-0.081842,52.809269,1.5
RX_446,-0.081817,52.809357,1.5
RX_447,-0.08181,52.809373,1.5
RX_448,-0.081802,52.809439,1.5
RX_449,-0.081805,52.80944,1.5
RX_450,-0.0818,52.809448,1.5
RX_451,-0.081792,52.809457,1.5
RX_452,-0.081775,52.80947,1.5
RX_453,-0.081754,52.809479,1.5
RX_454,-0.081716,52.809491,1.5
RX_455,-0.081683,52.809496,1.5
RX_456,-0.081636,52.809501,1.5
RX_457,-0.081605,52.809501,1.5
RX_458,-0.081561,52.809498,1.5
RX_459,-0.08153,52.809497,1.5
RX_460,-0.081492,52.80949,1.5
RX_461,-0.081451,52.809483,1.5
RX_462,-0.081423,52.809478,1.5
RX_463,-0.081391,52.809471,1.5
RX_464,-0.081352,52.809462,1.5
RX_465,-0.081315,52.809453,1.5
RX_466,-0.081299,52.80945,1.5
RX_467,-0.081257,52.80944,1.5
RX_468,-0.081215,52.809431,1.5
RX_469,-0.081174,52.809422,1.5
RX_470,-0.081148,52.809417,1.5
RX_471,-0.081109,52.809407,1.5
RX_472,-0.081059,52.809395,1.5
RX_473,-0.08101,52.809383,1.5
RX_474,-0.080968,52.809373,1.5
RX_475,-0.08094,52.809366,1.5
RX_476,-0.08089,52.809354,1.5
RX_477,-0.08084,52.809341,1.5
RX_478,-0.080791,52.809329,1.5
RX_479,-0.080774,52.809325,1.5
RX_480,-0.080726,52.809312,1.5
RX_481,-0.080679,52.809301,1.5
RX_482,-0.080632,52.809289,1.5
RX_483,-0.080587,52.809277,1.5
RX_484,-0.080573,52.809274,1.5
RX_485,-0.080525,52.809262,1.5
RX_486,-0.080479,52.80925,1.5
RX_487,-0.080433,52.809239,1.5
RX_488,-0.080388,52.809227,1.5
RX_489,-0.080365,52.809222,1.5
RX_490,-0.080331,52.809212,1.5
RX_491,-0.080284,52.809199,1.5
RX_492,-0.080238,52.809186,1.5
RX_493,-0.080192,52.809173,1.5
RX_494,-0.080147,52.809161,1.5
RX_495,-0.080133,52.809157,1.5
RX_496,-0.080091,52.809143,1.5
RX_497,-0.080043,52.809128,1.5
RX_498,-0.079994,52.809112,1.5
RX_499,-0.079944,52.809096,1.5
RX_500,-0.079895,52.80908,1.5
RX_501,-0.079887,52.809078,1.5
RX_502,-0.079836,52.809061,1.5
RX_503,-0.079786,52.809044,1.5
RX_504,-0.079735,52.809027,1.5
RX_505,-0.079684,52.80901,1.5
RX_506,-0.079635,52.808993,1.5
RX_507,-0.079624,52.808989,1.5
RX_508,-0.079575,52.808973,1.5
RX_509,-0.079527,52.808956,1.5
RX_510,-0.079478,52.808939,1.5
RX_511,-0.07943,52.808923,1.5
RX_512,-0.079382,52.808907,1.5
RX_513,-0.079373,52.808904,1.5
RX_514,-0.079325,52.808886,1.5
RX_515,-0.079276,52.808868,1.5
RX_516,-0.079228,52.808851,1.5
RX_517,-0.07918,52.808834,1.5
RX_518,-0.079133,52.808817,1.5
RX_519,-0.079126,52.808814,1.5
RX_520,-0.07908,52.808796,1.5
RX_521,-0.079034,52.808779,1.5
RX_522,-0.078988,52.808762,1.5
RX_523,-0.078943,52.808745,1.5
RX_524,-0.078895,52.808727,1.5
RX_525,-0.078882,52.808722,1.5
RX_526,-0.078842,52.808707,1.5
RX_527,-0.078796,52.808689,1.5
RX_528,-0.078749,52.808671,1.5
RX_529,-0.078702,52.808653,1.5
RX_530,-0.078654,52.808635,1.5
RX_531,-0.078627,52.808625,1.5
RX_532,-0.078599,52.808614,1.5
RX_533,-0.07855,52.808596,1.5
RX_534,-0.0785,52.808577,1.5
RX_535,-0.078452,52.808559,1.5
RX_536,-0.078403,52.80854,1.5
RX_537,-0.078368,52.808527,1.5
RX_538,-0.078351,52.80852,1.5
RX_539,-0.078304,52.808501,1.5
RX_540,-0.078259,52.808482,1.5
RX_541,-0.078211,52.808463,1.5
RX_542,-0.078165,52.808444,1.5
RX_543,-0.078118,52.808425,1.5
RX_544,-0.078111,52.808423,1.5
RX_545,-0.078061,52.808404,1.5
RX_546,-0.07801,52.808386,1.5
RX_547,-0.07796,52.808367,1.5
RX_548,-0.07791,52.808349,1.5
RX_549,-0.07786,52.808331,1.5
RX_550,-0.077848,52.808327,1.5
RX_551,-0.077804,52.80831,1.5
RX_552,-0.077755,52.808292,1.5
RX_553,-0.077706,52.808274,1.5
RX_554,-0.077658,52.808256,1.5
RX_555,-0.07761,52.808238,1.5
RX_556,-0.077588,52.80823,1.5
RX_557,-0.077558,52.808219,1.5
RX_558,-0.07751,52.808202,1.5
RX_559,-0.077462,52.808185,1.5
RX_560,-0.077415,52.808168,1.5
RX_561,-0.077367,52.808151,1.5
RX_562,-0.077328,52.808137,1.5
RX_563,-0.077315,52.808131,1.5
RX_564,-0.077269,52.808113,1.5
RX_565,-0.077221,52.808095,1.5
RX_566,-0.077174,52.808077,1.5
RX_567,-0.077126,52.808058,1.5
RX_568,-0.077079,52.80804,1.5
RX_569,-0.077067,52.808035,1.5
RX_570,-0.077025,52.808019,1.5
RX_571,-0.076977,52.808002,1.5
RX_572,-0.076928,52.807983,1.5
RX_573,-0.076878,52.807965,1.5
RX_574,-0.076828,52.807946,1.5
RX_575,-0.076793,52.807933,1.5
RX_576,-0.076769,52.807924,1.5
RX_577,-0.076712,52.807904,1.5
RX_578,-0.076657,52.807883,1.5
RX_579,-0.076601,52.807863,1.5
RX_580,-0.076546,52.807843,1.5
RX_581,-0.07652,52.807833,1.5
RX_582,-0.076486,52.807822,1.5
RX_583,-0.076436,52.807805,1.5
RX_584,-0.076387,52.807788,1.5
RX_585,-0.076339,52.807771,1.5
RX_586,-0.07629,52.807754,1.5
RX_587,-0.076253,52.807742,1.5
RX_588,-0.076234,52.807735,1.5
RX_589,-0.076181,52.807719,1.5
RX_590,-0.076128,52.807702,1.5
RX_591,-0.076075,52.807685,1.5
RX_592,-0.076022,52.807668,1.5
RX_593,-0.07598,52.807655,1.5
RX_594,-0.075962,52.80765,1.5
RX_595,-0.075909,52.807634,1.5
RX_596,-0.075857,52.807618,1.5
RX_597,-0.075804,52.807603,1.5
RX_598,-0.075751,52.807587,1.5
RX_599,-0.075705,52.807573,1.5
RX_600,-0.07569,52.807569,1.5
RX_601,-0.075635,52.807552,1.5
RX_602,-0.075582,52.807536,1.5
RX_603,-0.075529,52.80752,1.5
RX_604,-0.075474,52.807504,1.5
RX_605,-0.075433,52.807492,1.5
RX_606,-0.07541,52.807486,1.5
RX_607,-0.075357,52.807472,1.5
RX_608,-0.075302,52.807457,1.5
RX_609,-0.075247,52.807443,1.5
RX_610,-0.075193,52.807429,1.5
RX_611,-0.075167,52.807422,1.5
RX_612,-0.07513,52.807412,1.5
RX_613,-0.075078,52.807399,1.5
RX_614,-0.075028,52.807385,1.5
RX_615,-0.074977,52.807372,1.5
RX_616,-0.074925,52.807359,1.5
RX_617,-0.074912,52.807355,1.5
RX_618,-0.074856,52.807342,1.5
RX_619,-0.074801,52.807329,1.5
RX_620,-0.074746,52.807317,1.5
RX_621,-0.07469,52.807303,1.5
RX_622,-0.074647,52.807293,1.5
RX_623,-0.074624,52.807288,1.5
RX_624,-0.074571,52.807277,1.5
RX_625,-0.074518,52.807265,1.5
RX_626,-0.074464,52.807253,1.5
RX_627,-0.07441,52.807241,1.5
RX_628,-0.074388,52.807237,1.5
RX_629,-0.074346,52.807227,1.5
RX_630,-0.074296,52.807215,1.5
RX_631,-0.074245,52.807203,1.5
RX_632,-0.074194,52.807191,1.5
RX_633,-0.074144,52.807179,1.5
RX_634,-0.074132,52.807177,1.5
RX_635,-0.074079,52.807165,1.5
RX_636,-0.074025,52.807154,1.5
RX_637,-0.073972,52.807142,1.5
RX_638,-0.07392,52.807131,1.5
RX_639,-0.073893,52.807125,1.5
RX_640,-0.073856,52.807117,1.5
RX_641,-0.073804,52.807106,1.5
RX_642,-0.073752,52.807096,1.5
RX_643,-0.073699,52.807084,1.5
RX_644,-0.073646,52.807074,1.5
RX_645,-0.073633,52.807071,1.5
RX_646,-0.073578,52.807059,1.5
RX_647,-0.073523,52.807047,1.5
RX_648,-0.073469,52.807036,1.5
RX_649,-0.073415,52.807024,1.5
RX_650,-0.073397,52.80702,1.5
RX_651,-0.073351,52.80701,1.5
RX_652,-0.073302,52.806999,1.5
RX_653,-0.073252,52.806988,1.5
RX_654,-0.073202,52.806977,1.5
RX_655,-0.073157,52.806967,1.5
RX_656,-0.073141,52.806963,1.5
RX_657,-0.073089,52.806951,1.5
RX_658,-0.073037,52.80694,1.5
RX_659,-0.072986,52.806928,1.5
RX_660,-0.072934,52.806917,1.5
RX_661,-0.072905,52.80691,1.5
RX_662,-0.072872,52.806903,1.5
RX_663,-0.07282,52.806891,1.5
RX_664,-0.072768,52.80688,1.5
RX_665,-0.072717,52.806869,1.5
RX_666,-0.072666,52.806858,1.5
RX_667,-0.072653,52.806855,1.5
RX_668,-0.072605,52.806845,1.5
RX_669,-0.072554,52.806834,1.5
RX_670,-0.072502,52.806823,1.5
RX_671,-0.072451,52.806812,1.5
RX_672,-0.0724,52.806801,1.5
RX_673,-0.07239,52.806798,1.5
RX_674,-0.072337,52.806787,1.5
RX_675,-0.072284,52.806775,1.5
RX_676,-0.072232,52.806764,1.5
RX_677,-0.072179,52.806752,1.5
RX_678,-0.07214,52.806743,1.5
RX_679,-0.072112,52.806737,1.5
RX_680,-0.072055,52.806724,1.5
RX_681,-0.071998,52.806711,1.5
RX_682,-0.071943,52.806699,1.5
RX_683,-0.071885,52.806686,1.5
RX_684,-0.071872,52.806683,1.5
RX_685,-0.071822,52.806671,1.5
RX_686,-0.07177,52.80666,1.5
RX_687,-0.071719,52.806648,1.5
RX_688,-0.071668,52.806637,1.5
RX_689,-0.071632,52.806628,1.5
RX_690,-0.071604,52.806623,1.5
RX_691,-0.071551,52.806612,1.5
RX_692,-0.071498,52.806601,1.5
RX_693,-0.071445,52.806589,1.5
RX_694,-0.071391,52.806578,1.5
RX_695,-0.071378,52.806576,1.5
RX_696,-0.071326,52.806565,1.5
RX_697,-0.071273,52.806555,1.5
RX_698,-0.071218,52.806544,1.5
RX_699,-0.071166,52.806534,1.5
RX_700,-0.071137,52.806528,1.5
RX_701,-0.071102,52.80652,1.5
RX_702,-0.07105,52.806508,1.5
RX_703,-0.070998,52.806496,1.5
RX_704,-0.070947,52.806485,1.5
RX_705,-0.070895,52.806472,1.5
RX_706,-0.070883,52.80647,1.5
RX_707,-0.070829,52.806459,1.5
RX_708,-0.070777,52.806449,1.5
RX_709,-0.070724,52.806439,1.5
RX_710,-0.070672,52.806428,1.5
RX_711,-0.070647,52.806423,1.5
RX_712,-0.070608,52.806415,1.5
RX_713,-0.070558,52.806405,1.5
RX_714,-0.070506,52.806394,1.5
RX_715,-0.070454,52.806384,1.5
RX_716,-0.070403,52.806373,1.5
RX_717,-0.070388,52.80637,1.5
RX_718,-0.070334,52.806358,1.5
RX_719,-0.07028,52.806346,1.5
RX_720,-0.070226,52.806335,1.5
RX_721,-0.070172,52.806323,1.5
RX_722,-0.070158,52.80632,1.5
RX_723,-0.070107,52.806309,1.5
RX_724,-0.070056,52.806297,1.5
RX_725,-0.070005,52.806286,1.5
RX_726,-0.069954,52.806275,1.5
RX_727,-0.069917,52.806267,1.5
RX_728,-0.06989,52.806261,1.5
RX_729,-0.069836,52.806249,1.5
RX_730,-0.069783,52.806238,1.5
RX_731,-0.06973,52.806226,1.5
RX_732,-0.069678,52.806215,1.5
RX_733,-0.069664,52.806212,1.5
RX_734,-0.069613,52.806201,1.5
RX_735,-0.069562,52.80619,1.5
RX_736,-0.06951,52.806178,1.5
RX_737,-0.069458,52.806167,1.5
RX_738,-0.06944,52.806163,1.5
RX_739,-0.06939,52.806153,1.5
RX_740,-0.069336,52.806142,1.5
RX_741,-0.069281,52.80613,1.5
RX_742,-0.069226,52.806119,1.5
RX_743,-0.0692,52.806113,1.5
RX_744,-0.06916,52.806104,1.5
RX_745,-0.06911,52.806091,1.5
RX_746,-0.06906,52.806079,1.5
RX_747,-0.069009,52.806067,1.5
RX_748,-0.068962,52.806055,1.5
RX_749,-0.068942,52.80605,1.5
RX_750,-0.068887,52.806036,1.5
RX_751,-0.068831,52.806022,1.5
RX_752,-0.068775,52.806008,1.5
RX_753,-0.068728,52.805997,1.5
RX_754,-0.068704,52.80599,1.5
RX_755,-0.068652,52.805975,1.5
RX_756,-0.068601,52.80596,1.5
RX_757,-0.06855,52.805945,1.5
RX_758,-0.068508,52.805933,1.5
RX_759,-0.068484,52.805925,1.5
RX_760,-0.068434,52.805909,1.5
RX_761,-0.068385,52.805893,1.5
RX_762,-0.068335,52.805877,1.5
RX_763,-0.068288,52.805862,1.5
RX_764,-0.068274,52.805857,1.5
RX_765,-0.068226,52.805842,1.5
RX_766,-0.068178,52.805827,1.5
RX_767,-0.06813,52.805812,1.5
RX_768,-0.068082,52.805797,1.5
RX_769,-0.068067,52.805792,1.5
RX_770,-0.068018,52.805777,1.5
RX_771,-0.067967,52.805762,1.5
RX_772,-0.067914,52.805746,1.5
RX_773,-0.067861,52.80573,1.5
RX_774,-0.067843,52.805725,1.5
RX_775,-0.067796,52.805712,1.5
RX_776,-0.067744,52.805699,1.5
RX_777,-0.067692,52.805685,1.5
RX_778,-0.06764,52.805671,1.5
RX_779,-0.067617,52.805665,1.5
RX_780,-0.067572,52.805654,1.5
RX_781,-0.067518,52.805642,1.5
RX_782,-0.067462,52.805628,1.5
RX_783,-0.067406,52.805615,1.5
RX_784,-0.067389,52.805611,1.5
RX_785,-0.067335,52.8056,1.5
RX_786,-0.067281,52.805589,1.5
RX_787,-0.067226,52.805577,1.5
RX_788,-0.067172,52.805566,1.5
RX_789,-0.067156,52.805563,1.5
RX_790,-0.067102,52.805552,1.5
RX_791,-0.067048,52.805542,1.5
RX_792,-0.066993,52.805531,1.5
RX_793,-0.066939,52.80552,1.5
RX_794,-0.066922,52.805517,1.5
RX_795,-0.066869,52.805508,1.5
RX_796,-0.066816,52.805498,1.5
RX_797,-0.066763,52.805488,1.5
RX_798,-0.066717,52.80548,1.5
RX_799,-0.066691,52.805476,1.5
RX_800,-0.066638,52.805468,1.5
RX_801,-0.066585,52.805459,1.5
RX_802,-0.066533,52.805451,1.5
RX_803,-0.066493,52.805445,1.5
RX_804,-0.066465,52.805441,1.5
RX_805,-0.066412,52.805433,1.5
RX_806,-0.06636,52.805425,1.5
RX_807,-0.066307,52.805417,1.5
RX_808,-0.066273,52.805412,1.5
RX_809,-0.066238,52.805407,1.5
RX_810,-0.066186,52.805401,1.5
RX_811,-0.066134,52.805395,1.5
RX_812,-0.066082,52.805389,1.5
RX_813,-0.06605,52.805385,1.5
RX_814,-0.066011,52.805381,1.5
RX_815,-0.065956,52.805376,1.5
RX_816,-0.0659,52.80537,1.5
RX_817,-0.065844,52.805365,1.5
RX_818,-0.065815,52.805362,1.5
RX_819,-0.065772,52.80536,1.5
RX_820,-0.065716,52.805357,1.5
RX_821,-0.06566,52.805354,1.5
RX_822,-0.065605,52.805351,1.5
RX_823,-0.065578,52.80535,1.5
RX_824,-0.065536,52.805349,1.5
RX_825,-0.065482,52.805348,1.5
RX_826,-0.065429,52.805347,1.5
RX_827,-0.065376,52.805346,1.5
RX_828,-0.065343,52.805345,1.5
RX_829,-0.065305,52.805345,1.5
RX_830,-0.065249,52.805344,1.5
RX_831,-0.065194,52.805344,1.5
RX_832,-0.065137,52.805344,1.5
RX_833,-0.065108,52.805343,1.5
RX_834,-0.065065,52.805344,1.5
RX_835,-0.065009,52.805344,1.5
RX_836,-0.064954,52.805344,1.5
RX_837,-0.064899,52.805345,1.5
RX_838,-0.064867,52.805345,1.5
RX_839,-0.064829,52.805346,1.5
RX_840,-0.064775,52.805348,1.5
RX_841,-0.064721,52.805349,1.5
RX_842,-0.064667,52.805351,1.5
RX_843,-0.064627,52.805352,1.5
RX_844,-0.064596,52.805354,1.5
RX_845,-0.06454,52.805357,1.5
RX_846,-0.064483,52.80536,1.5
RX_847,-0.064427,52.805364,1.5
RX_848,-0.064382,52.805367,1.5
RX_849,-0.064354,52.805369,1.5
RX_850,-0.0643,52.805373,1.5
RX_851,-0.064245,52.805377,1.5
RX_852,-0.064191,52.805381,1.5
RX_853,-0.064138,52.805385,1.5
RX_854,-0.064121,52.805387,1.5
RX_855,-0.064065,52.805392,1.5
RX_856,-0.06401,52.805396,1.5
RX_857,-0.063953,52.805402,1.5
RX_858,-0.063897,52.805406,1.5
RX_859,-0.063882,52.805408,1.5
RX_860,-0.063828,52.805413,1.5
RX_861,-0.063775,52.805418,1.5
RX_862,-0.063723,52.805422,1.5
RX_863,-0.06367,52.805427,1.5
RX_864,-0.063656,52.805428,1.5
RX_865,-0.063602,52.805432,1.5
RX_866,-0.063547,52.805436,1.5
RX_867,-0.063493,52.80544,1.5
RX_868,-0.063439,52.805443,1.5
RX_869,-0.063417,52.805445,1.5
RX_870,-0.063368,52.805448,1.5
RX_871,-0.063312,52.805452,1.5
RX_872,-0.063255,52.805456,1.5
RX_873,-0.063199,52.80546,1.5
RX_874,-0.063177,52.805462,1.5
RX_875,-0.063126,52.805465,1.5
RX_876,-0.063068,52.805469,1.5
RX_877,-0.063013,52.805473,1.5
RX_878,-0.062958,52.805477,1.5
RX_879,-0.062935,52.805478,1.5
RX_880,-0.062885,52.805481,1.5
RX_881,-0.062831,52.805485,1.5
RX_882,-0.062777,52.805488,1.5
RX_883,-0.062724,52.805492,1.5
RX_884,-0.062697,52.805493,1.5
RX_885,-0.062654,52.805496,1.5
RX_886,-0.062598,52.805499,1.5
RX_887,-0.062542,52.805502,1.5
RX_888,-0.062485,52.805505,1.5
RX_889,-0.062458,52.805507,1.5
RX_890,-0.062408,52.805509,1.5
RX_891,-0.062352,52.805512,1.5
RX_892,-0.062295,52.805515,1.5
RX_893,-0.062239,52.805517,1.5
RX_894,-0.062218,52.805518,1.5
RX_895,-0.062165,52.805518,1.5
RX_896,-0.062107,52.805517,1.5
RX_897,-0.06205,52.805516,1.5
RX_898,-0.061992,52.805515,1.5
RX_899,-0.061975,52.805515,1.5
RX_900,-0.061924,52.805511,1.5
RX_901,-0.061873,52.805507,1.5
RX_902,-0.061822,52.805504,1.5
RX_903,-0.061772,52.8055,1.5
RX_904,-0.061747,52.805498,1.5
RX_905,-0.061703,52.805493,1.5
RX_906,-0.061648,52.805485,1.5
RX_907,-0.061594,52.805478,1.5
RX_908,-0.061539,52.805471,1.5
RX_909,-0.06152,52.805468,1.5
RX_910,-0.061473,52.80546,1.5
RX_911,-0.061423,52.80545,1.5
RX_912,-0.061374,52.805441,1.5
RX_913,-0.061324,52.805432,1.5
RX_914,-0.061295,52.805427,1.5
RX_915,-0.061261,52.805419,1.5
RX_916,-0.061212,52.805407,1.5
RX_917,-0.061163,52.805396,1.5
RX_918,-0.061114,52.805385,1.5
RX_919,-0.061064,52.805373,1.5
RX_920,-0.061053,52.805371,1.5
RX_921,-0.061004,52.805359,1.5
RX_922,-0.060954,52.805348,1.5
RX_923,-0.060905,52.805336,1.5
RX_924,-0.060855,52.805324,1.5
RX_925,-0.060822,52.805317,1.5
RX_926,-0.060791,52.80531,1.5
RX_927,-0.060738,52.805297,1.5
RX_928,-0.060686,52.805285,1.5
RX_929,-0.060633,52.805272,1.5
RX_930,-0.06058,52.805259,1.5
RX_931,-0.060568,52.805257,1.5
RX_932,-0.060515,52.805244,1.5
RX_933,-0.060463,52.805231,1.5
RX_934,-0.060411,52.805219,1.5
RX_935,-0.060359,52.805207,1.5
RX_936,-0.060318,52.805197,1.5
RX_937,-0.060295,52.805191,1.5
RX_938,-0.060242,52.80518,1.5
RX_939,-0.060189,52.805167,1.5
RX_940,-0.060135,52.805155,1.5
RX_941,-0.060081,52.805143,1.5
RX_942,-0.06006,52.805138,1.5
RX_943,-0.060016,52.805128,1.5
RX_944,-0.059963,52.805116,1.5
RX_945,-0.059909,52.805103,1.5
RX_946,-0.059855,52.805091,1.5
RX_947,-0.059802,52.805078,1.5
RX_948,-0.05979,52.805076,1.5
RX_949,-0.059738,52.805064,1.5
RX_950,-0.059685,52.805053,1.5
RX_951,-0.05963,52.805041,1.5
RX_952,-0.059576,52.805029,1.5
RX_953,-0.05955,52.805023,1.5
RX_954,-0.059512,52.805015,1.5
RX_955,-0.059459,52.805003,1.5
RX_956,-0.059407,52.804991,1.5
RX_957,-0.059353,52.804978,1.5
RX_958,-0.059303,52.804967,1.5
RX_959,-0.059287,52.804963,1.5
RX_960,-0.059232,52.80495,1.5
RX_961,-0.059177,52.804937,1.5
RX_962,-0.059122,52.804924,1.5
RX_963,-0.059066,52.804911,1.5
RX_964,-0.059052,52.804908,1.5
RX_965,-0.058999,52.804895,1.5
RX_966,-0.058946,52.804883,1.5
RX_967,-0.058894,52.804871,1.5
RX_968,-0.05884,52.804858,1.5
RX_969,-0.058813,52.804852,1.5
RX_970,-0.058771,52.804842,1.5
RX_971,-0.058715,52.80483,1.5
RX_972,-0.05866,52.804818,1.5
RX_973,-0.058604,52.804805,1.5
RX_974,-0.058573,52.804798,1.5
RX_975,-0.058531,52.80479,1.5
RX_976,-0.058477,52.804779,1.5
RX_977,-0.058422,52.804768,1.5
RX_978,-0.058367,52.804756,1.5
RX_979,-0.058337,52.80475,1.5
RX_980,-0.058299,52.804743,1.5
RX_981,-0.058249,52.804733,1.5
RX_982,-0.058198,52.804723,1.5
RX_983,-0.058145,52.804713,1.5
RX_984,-0.05811,52.804707,1.5
RX_985,-0.058076,52.8047,1.5
RX_986,-0.058019,52.804689,1.5
RX_987,-0.057964,52.804678,1.5
RX_988,-0.05791,52.804668,1.5
RX_989,-0.057887,52.804663,1.5
RX_990,-0.057837,52.804657,1.5
RX_991,-0.057784,52.80465,1.5
RX_992,-0.057731,52.804642,1.5
RX_993,-0.057679,52.804635,1.5
RX_994,-0.057652,52.804632,1.5
RX_995,-0.057606,52.804626,1.5
RX_996,-0.057548,52.804619,1.5
RX_997,-0.05749,52.804612,1.5
RX_998,-0.057432,52.804605,1.5
RX_999,-0.057414,52.804603,1.5
RX_1000,-0.05736,52.804593,1.5
RX_1001,-0.057306,52.804582,1.5
RX_1002,-0.057251,52.804572,1.5
RX_1003,-0.057198,52.804562,1.5
RX_1004,-0.057183,52.804558,1.5
RX_1005,-0.057132,52.804547,1.5
RX_1006,-0.057083,52.804537,1.5
RX_1007,-0.057034,52.804526,1.5
RX_1008,-0.056983,52.804515,1.5
RX_1009,-0.056968,52.804511,1.5
RX_1010,-0.056917,52.804498,1.5
RX_1011,-0.056867,52.804486,1.5
RX_1012,-0.056817,52.804473,1.5
RX_1013,-0.056766,52.804459,1.5
RX_1014,-0.056748,52.804455,1.5
RX_1015,-0.0567,52.804441,1.5
RX_1016,-0.056649,52.804426,1.5
RX_1017,-0.056597,52.80441,1.5
RX_1018,-0.056544,52.804395,1.5
RX_1019,-0.056529,52.80439,1.5
RX_1020,-0.056481,52.804376,1.5
RX_1021,-0.056434,52.804362,1.5
RX_1022,-0.056386,52.804347,1.5
RX_1023,-0.056337,52.804332,1.5
RX_1024,-0.056323,52.804328,1.5
RX_1025,-0.056277,52.804313,1.5
RX_1026,-0.05623,52.804298,1.5
RX_1027,-0.056183,52.804283,1.5
RX_1028,-0.056136,52.804268,1.5
RX_1029,-0.05611,52.80426,1.5
RX_1030,-0.056075,52.804248,1.5
RX_1031,-0.056027,52.804231,1.5
RX_1032,-0.055979,52.804214,1.5
RX_1033,-0.05593,52.804197,1.5
RX_1034,-0.0559,52.804187,1.5
RX_1035,-0.055868,52.804176,1.5
RX_1036,-0.055819,52.80416,1.5
RX_1037,-0.055771,52.804143,1.5
RX_1038,-0.055722,52.804127,1.5
RX_1039,-0.055692,52.804117,1.5
RX_1040,-0.055663,52.804106,1.5
RX_1041,-0.055619,52.80409,1.5
RX_1042,-0.055575,52.804073,1.5
RX_1043,-0.055531,52.804056,1.5
RX_1044,-0.055487,52.80404,1.5
RX_1045,-0.055475,52.804036,1.5
RX_1046,-0.055427,52.804019,1.5
RX_1047,-0.055381,52.804003,1.5
RX_1048,-0.055335,52.803986,1.5
RX_1049,-0.055289,52.80397,1.5
RX_1050,-0.055276,52.803965,1.5
RX_1051,-0.055231,52.803946,1.5
RX_1052,-0.055187,52.803926,1.5
RX_1053,-0.055143,52.803907,1.5
RX_1054,-0.055099,52.803888,1.5
RX_1055,-0.055077,52.803878,1.5
RX_1056,-0.055047,52.803864,1.5
RX_1057,-0.055005,52.803843,1.5
RX_1058,-0.054964,52.803823,1.5
RX_1059,-0.054923,52.803803,1.5
RX_1060,-0.054882,52.803783,1.5
RX_1061,-0.054872,52.803779,1.5
RX_1062,-0.054829,52.803759,1.5
RX_1063,-0.054786,52.803739,1.5
RX_1064,-0.054743,52.803718,1.5
RX_1065,-0.054697,52.803697,1.5
RX_1066,-0.054665,52.803682,1.5
RX_1067,-0.054643,52.80367,1.5
RX_1068,-0.0546,52.803648,1.5
RX_1069,-0.054556,52.803626,1.5
RX_1070,-0.054513,52.803604,1.5
RX_1071,-0.05447,52.803582,1.5
RX_1072,-0.05446,52.803578,1.5
RX_1073,-0.054418,52.803557,1.5
RX_1074,-0.054376,52.803537,1.5
RX_1075,-0.054334,52.803516,1.5
RX_1076,-0.054293,52.803496,1.5
RX_1077,-0.054263,52.803482,1.5
RX_1078,-0.05424,52.80347,1.5
RX_1079,-0.054196,52.803448,1.5
RX_1080,-0.054151,52.803427,1.5
RX_1081,-0.054108,52.803405,1.5
RX_1082,-0.054064,52.803384,1.5
RX_1083,-0.054056,52.803379,1.5
RX_1084,-0.054014,52.803358,1.5
RX_1085,-0.053974,52.803336,1.5
RX_1086,-0.053933,52.803315,1.5
RX_1087,-0.053892,52.803294,1.5
RX_1088,-0.053857,52.803275,1.5
RX_1089,-0.053844,52.803268,1.5
RX_1090,-0.053803,52.803247,1.5
RX_1091,-0.053762,52.803225,1.5
RX_1092,-0.053722,52.803203,1.5
RX_1093,-0.053681,52.803181,1.5
RX_1094,-0.053653,52.803167,1.5
RX_1095,-0.053631,52.803155,1.5
RX_1096,-0.053587,52.803131,1.5
RX_1097,-0.053544,52.803108,1.5
RX_1098,-0.053501,52.803085,1.5
RX_1099,-0.053457,52.803062,1.5
RX_1100,-0.053448,52.803057,1.5
RX_1101,-0.053405,52.803034,1.5
RX_1102,-0.053362,52.803012,1.5
RX_1103,-0.053319,52.802989,1.5
RX_1104,-0.053275,52.802967,1.5
RX_1105,-0.053237,52.802947,1.5
RX_1106,-0.053223,52.80294,1.5
RX_1107,-0.053182,52.802919,1.5
RX_1108,-0.053141,52.802899,1.5
RX_1109,-0.053099,52.802878,1.5
RX_1110,-0.053058,52.802857,1.5
RX_1111,-0.053023,52.80284,1.5
RX_1112,-0.053008,52.802833,1.5
RX_1113,-0.052966,52.802814,1.5
RX_1114,-0.052924,52.802794,1.5
RX_1115,-0.052882,52.802774,1.5
RX_1116,-0.05284,52.802755,1.5
RX_1117,-0.052812,52.802742,1.5
RX_1118,-0.052787,52.80273,1.5
RX_1119,-0.052739,52.802709,1.5
RX_1120,-0.052692,52.802688,1.5
RX_1121,-0.052644,52.802667,1.5
RX_1122,-0.052596,52.802645,1.5
RX_1123,-0.052586,52.802641,1.5
RX_1124,-0.052541,52.802622,1.5
RX_1125,-0.052496,52.802602,1.5
RX_1126,-0.05245,52.802583,1.5
RX_1127,-0.052405,52.802563,1.5
RX_1128,-0.052359,52.802544,1.5
RX_1129,-0.052349,52.802539,1.5
RX_1130,-0.0523,52.802518,1.5
RX_1131,-0.052252,52.802498,1.5
RX_1132,-0.052203,52.802477,1.5
RX_1133,-0.052155,52.802456,1.5
RX_1134,-0.052122,52.802442,1.5
RX_1135,-0.052099,52.802432,1.5
RX_1136,-0.052053,52.802413,1.5
RX_1137,-0.052007,52.802394,1.5
RX_1138,-0.051962,52.802375,1.5
RX_1139,-0.051917,52.802357,1.5
RX_1140,-0.051897,52.802348,1.5
RX_1141,-0.051863,52.802335,1.5
RX_1142,-0.051817,52.802317,1.5
RX_1143,-0.051771,52.802298,1.5
RX_1144,-0.051724,52.80228,1.5
RX_1145,-0.051679,52.802261,1.5
RX_1146,-0.051667,52.802257,1.5
RX_1147,-0.051623,52.802239,1.5
RX_1148,-0.051576,52.802219,1.5
RX_1149,-0.051529,52.8022,1.5
RX_1150,-0.051482,52.802181,1.5
RX_1151,-0.051435,52.802162,1.5
RX_1152,-0.051426,52.802158,1.5
RX_1153,-0.051377,52.802138,1.5
RX_1154,-0.051329,52.802118,1.5
RX_1155,-0.051282,52.802098,1.5
RX_1156,-0.051233,52.802078,1.5
RX_1157,-0.051202,52.802065,1.5
RX_1158,-0.051176,52.802054,1.5
RX_1159,-0.051129,52.802035,1.5
RX_1160,-0.051082,52.802016,1.5
RX_1161,-0.051036,52.801997,1.5
RX_1162,-0.050989,52.801978,1.5
RX_1163,-0.050973,52.801972,1.5
RX_1164,-0.050932,52.801955,1.5
RX_1165,-0.050886,52.801936,1.5
RX_1166,-0.05084,52.801917,1.5
RX_1167,-0.050794,52.801897,1.5
RX_1168,-0.050748,52.801879,1.5
RX_1169,-0.050739,52.801875,1.5
RX_1170,-0.050692,52.801854,1.5
RX_1171,-0.050645,52.801834,1.5
RX_1172,-0.050599,52.801813,1.5
RX_1173,-0.050553,52.801793,1.5
RX_1174,-0.050518,52.801778,1.5
RX_1175,-0.050499,52.80177,1.5
RX_1176,-0.050455,52.801752,1.5
RX_1177,-0.050411,52.801734,1.5
RX_1178,-0.050366,52.801716,1.5
RX_1179,-0.050321,52.801697,1.5
RX_1180,-0.050287,52.801683,1.5
RX_1181,-0.050266,52.801676,1.5
RX_1182,-0.050216,52.801657,1.5
RX_1183,-0.050167,52.801638,1.5
RX_1184,-0.050118,52.80162,1.5
RX_1185,-0.050069,52.801601,1.5
RX_1186,-0.050048,52.801593,1.5
RX_1187,-0.050011,52.80158,1.5
RX_1188,-0.049964,52.801562,1.5
RX_1189,-0.049915,52.801545,1.5
RX_1190,-0.049868,52.801527,1.5
RX_1191,-0.049819,52.801509,1.5
RX_1192,-0.04981,52.801506,1.5
RX_1193,-0.049761,52.80149,1.5
RX_1194,-0.049712,52.801474,1.5
RX_1195,-0.049663,52.801457,1.5
RX_1196,-0.049614,52.801441,1.5
RX_1197,-0.049575,52.801428,1.5
RX_1198,-0.049554,52.801422,1.5
RX_1199,-0.049505,52.801406,1.5
RX_1200,-0.049455,52.80139,1.5
RX_1201,-0.049404,52.801375,1.5
RX_1202,-0.049354,52.801359,1.5
RX_1203,-0.049332,52.801352,1.5
RX_1204,-0.049291,52.80134,1.5
RX_1205,-0.049237,52.801325,1.5
RX_1206,-0.049185,52.801311,1.5
RX_1207,-0.049132,52.801296,1.5
RX_1208,-0.049082,52.801282,1.5
RX_1209,-0.049068,52.801278,1.5
RX_1210,-0.049017,52.801264,1.5
RX_1211,-0.048966,52.80125,1.5
RX_1212,-0.048916,52.801236,1.5
RX_1213,-0.048865,52.801222,1.5
RX_1214,-0.048835,52.801213,1.5
RX_1215,-0.048805,52.801205,1.5
RX_1216,-0.048756,52.801191,1.5
RX_1217,-0.048707,52.801177,1.5
RX_1218,-0.048658,52.801164,1.5
RX_1219,-0.04861,52.80115,1.5
RX_1220,-0.048592,52.801145,1.5
RX_1221,-0.048546,52.801132,1.5
RX_1222,-0.048492,52.801118,1.5
RX_1223,-0.048439,52.801103,1.5
RX_1224,-0.048384,52.801088,1.5
RX_1225,-0.048338,52.801075,1.5
RX_1226,-0.048319,52.80107,1.5
RX_1227,-0.048267,52.801055,1.5
RX_1228,-0.048216,52.801041,1.5
RX_1229,-0.048165,52.801027,1.5
RX_1230,-0.048113,52.801013,1.5
RX_1231,-0.04809,52.801007,1.5
RX_1232,-0.04805,52.800996,1.5
RX_1233,-0.047997,52.800983,1.5
RX_1234,-0.047945,52.80097,1.5
RX_1235,-0.047893,52.800957,1.5
RX_1236,-0.047848,52.800945,1.5
RX_1237,-0.047832,52.800942,1.5
RX_1238,-0.047783,52.800931,1.5
RX_1239,-0.047734,52.800921,1.5
RX_1240,-0.047685,52.800911,1.5
RX_1241,-0.047636,52.800901,1.5
RX_1242,-0.047593,52.800892,1.5
RX_1243,-0.047573,52.800888,1.5
RX_1244,-0.047517,52.800879,1.5
RX_1245,-0.04746,52.800871,1.5
RX_1246,-0.047405,52.800862,1.5
RX_1247,-0.047349,52.800853,1.5
RX_1248,-0.047332,52.80085,1.5
RX_1249,-0.047283,52.800844,1.5
RX_1250,-0.047228,52.800837,1.5
RX_1251,-0.047174,52.80083,1.5
RX_1252,-0.04712,52.800823,1.5
RX_1253,-0.047072,52.800817,1.5
RX_1254,-0.047054,52.800815,1.5
RX_1255,-0.047001,52.800808,1.5
RX_1256,-0.046948,52.800802,1.5
RX_1257,-0.046896,52.800796,1.5
RX_1258,-0.046844,52.80079,1.5
RX_1259,-0.04682,52.800787,1.5
RX_1260,-0.046778,52.800782,1.5
RX_1261,-0.046723,52.800775,1.5
RX_1262,-0.046666,52.800769,1.5
RX_1263,-0.046609,52.800763,1.5
RX_1264,-0.046558,52.800757,1.5
RX_1265,-0.04654,52.800754,1.5
RX_1266,-0.046485,52.800746,1.5
RX_1267,-0.04643,52.800738,1.5
RX_1268,-0.046375,52.800731,1.5
RX_1269,-0.046319,52.800723,1.5
RX_1270,-0.0463,52.80072,1.5
RX_1271,-0.046251,52.800712,1.5
RX_1272,-0.046197,52.800703,1.5
RX_1273,-0.046142,52.800693,1.5
RX_1274,-0.046088,52.800684,1.5
RX_1275,-0.046053,52.800678,1.5
RX_1276,-0.04602,52.800672,1.5
RX_1277,-0.045965,52.800663,1.5
RX_1278,-0.045911,52.800653,1.5
RX_1279,-0.045857,52.800644,1.5
RX_1280,-0.045808,52.800635,1.5
RX_1281,-0.045788,52.800631,1.5
RX_1282,-0.045734,52.800619,1.5
RX_1283,-0.045681,52.800607,1.5
RX_1284,-0.045628,52.800595,1.5
RX_1285,-0.045576,52.800584,1.5
RX_1286,-0.045562,52.800581,1.5
RX_1287,-0.045508,52.80057,1.5
RX_1288,-0.045454,52.800559,1.5
RX_1289,-0.0454,52.800547,1.5
RX_1290,-0.045345,52.800536,1.5
RX_1291,-0.045323,52.800532,1.5
RX_1292,-0.045281,52.800524,1.5
RX_1293,-0.04523,52.800514,1.5
RX_1294,-0.045179,52.800505,1.5
RX_1295,-0.045128,52.800496,1.5
RX_1296,-0.045088,52.800488,1.5
RX_1297,-0.045066,52.800485,1.5
RX_1298,-0.045013,52.800477,1.5
RX_1299,-0.044961,52.800469,1.5
RX_1300,-0.044908,52.800461,1.5
RX_1301,-0.044856,52.800454,1.5
RX_1302,-0.044843,52.800452,1.5
RX_1303,-0.044788,52.800446,1.5
RX_1304,-0.044735,52.80044,1.5
RX_1305,-0.044681,52.800435,1.5
RX_1306,-0.044627,52.800429,1.5
RX_1307,-0.04459,52.800425,1.5
RX_1308,-0.044563,52.800423,1.5
RX_1309,-0.044511,52.800418,1.5
RX_1310,-0.044458,52.800414,1.5
RX_1311,-0.044405,52.80041,1.5
RX_1312,-0.044354,52.800405,1.5
RX_1313,-0.04433,52.800403,1.5
RX_1314,-0.044285,52.800401,1.5
RX_1315,-0.044229,52.800398,1.5
RX_1316,-0.044173,52.800395,1.5
RX_1317,-0.044117,52.800391,1.5
RX_1318,-0.044062,52.800388,1.5
RX_1319,-0.044049,52.800387,1.5
RX_1320,-0.043993,52.800383,1.5
RX_1321,-0.043937,52.800379,1.5
RX_1322,-0.043881,52.800375,1.5
RX_1323,-0.043825,52.80037,1.5
RX_1324,-0.043797,52.800368,1.5
RX_1325,-0.043758,52.800366,1.5
RX_1326,-0.043704,52.800362,1.5
RX_1327,-0.043649,52.800358,1.5
RX_1328,-0.043595,52.800355,1.5
RX_1329,-0.043538,52.800351,1.5
RX_1330,-0.043525,52.80035,1.5
RX_1331,-0.043468,52.800346,1.5
RX_1332,-0.04341,52.800342,1.5
RX_1333,-0.043354,52.800338,1.5
RX_1334,-0.043297,52.800334,1.5
RX_1335,-0.04326,52.800332,1.5
RX_1336,-0.043227,52.800329,1.5
RX_1337,-0.043168,52.800325,1.5
RX_1338,-0.04311,52.80032,1.5
RX_1339,-0.043052,52.800316,1.5
RX_1340,-0.042993,52.800312,1.5
RX_1341,-0.042978,52.800311,1.5
RX_1342,-0.042919,52.800306,1.5
RX_1343,-0.042859,52.800302,1.5
RX_1344,-0.042801,52.800298,1.5
RX_1345,-0.04274,52.800294,1.5
RX_1346,-0.042725,52.800293,1.5
RX_1347,-0.04267,52.800289,1.5
RX_1348,-0.042615,52.800285,1.5
RX_1349,-0.04256,52.800282,1.5
RX_1350,-0.042504,52.800278,1.5
RX_1351,-0.042483,52.800277,1.5
RX_1352,-0.042429,52.800273,1.5
RX_1353,-0.042372,52.800268,1.5
RX_1354,-0.042314,52.800264,1.5
RX_1355,-0.042255,52.80026,1.5
RX_1356,-0.042235,52.800258,1.5
RX_1357,-0.042182,52.800255,1.5
RX_1358,-0.042126,52.800251,1.5
RX_1359,-0.04207,52.800247,1.5
RX_1360,-0.042012,52.800243,1.5
RX_1361,-0.04199,52.800242,1.5
RX_1362,-0.041936,52.800241,1.5
RX_1363,-0.041878,52.800239,1.5
RX_1364,-0.041822,52.800238,1.5
RX_1365,-0.041765,52.800237,1.5
RX_1366,-0.041748,52.800237,1.5
RX_1367,-0.041691,52.800236,1.5
RX_1368,-0.041635,52.800235,1.5
RX_1369,-0.041579,52.800234,1.5
RX_1370,-0.041522,52.800233,1.5
RX_1371,-0.041503,52.800233,1.5
RX_1372,-0.041447,52.800233,1.5
RX_1373,-0.041391,52.800233,1.5
RX_1374,-0.041335,52.800233,1.5
RX_1375,-0.041283,52.800233,1.5
RX_1376,-0.04126,52.800234,1.5
RX_1377,-0.041203,52.800235,1.5
RX_1378,-0.041146,52.800236,1.5
RX_1379,-0.041088,52.800237,1.5
RX_1380,-0.041048,52.800238,1.5
RX_1381,-0.041012,52.800238,1.5
RX_1382,-0.040957,52.800238,1.5
RX_1383,-0.040901,52.800238,1.5
RX_1384,-0.040845,52.800238,1.5
RX_1385,-0.040825,52.800238,1.5
RX_1386,-0.040771,52.800239,1.5
RX_1387,-0.040716,52.800239,1.5
RX_1388,-0.04066,52.80024,1.5
RX_1389,-0.040605,52.80024,1.5
RX_1390,-0.040587,52.80024,1.5
RX_1391,-0.040531,52.800238,1.5
RX_1392,-0.040475,52.800237,1.5
RX_1393,-0.040418,52.800235,1.5
RX_1394,-0.040362,52.800233,1.5
RX_1395,-0.040343,52.800233,1.5
RX_1396,-0.040287,52.800232,1.5
RX_1397,-0.040231,52.80023,1.5
RX_1398,-0.040174,52.800229,1.5
RX_1399,-0.040137,52.800228,1.5
RX_1400,-0.040106,52.800227,1.5
RX_1401,-0.04006,52.800225,1.5
RX_1402,-0.040014,52.800223,1.5
RX_1403,-0.039969,52.800221,1.5
RX_1404,-0.039923,52.800219,1.5
RX_1405,-0.039904,52.800218,1.5
RX_1406,-0.039835,52.800215,1.5
RX_1407,-0.039768,52.800212,1.5
RX_1408,-0.039699,52.800209,1.5
RX_1409,-0.039678,52.800208,1.5
RX_1410,-0.039624,52.800206,1.5
RX_1411,-0.039569,52.800204,1.5
RX_1412,-0.039514,52.800202,1.5
RX_1413,-0.039472,52.8002,1.5
RX_1414,-0.03944,52.800198,1.5
RX_1415,-0.039386,52.800195,1.5
RX_1416,-0.039331,52.800191,1.5
RX_1417,-0.039276,52.800188,1.5
RX_1418,-0.039257,52.800187,1.5
RX_1419,-0.039202,52.800184,1.5
RX_1420,-0.039146,52.800181,1.5
RX_1421,-0.039091,52.800178,1.5
RX_1422,-0.039042,52.800175,1.5
RX_1423,-0.039018,52.800174,1.5
RX_1424,-0.038964,52.800171,1.5
RX_1425,-0.038911,52.800168,1.5
RX_1426,-0.038859,52.800165,1.5
RX_1427,-0.03883,52.800163,1.5
RX_1428,-0.038788,52.800162,1.5
RX_1429,-0.038733,52.800161,1.5
RX_1430,-0.03868,52.80016,1.5
RX_1431,-0.038628,52.800159,1.5
RX_1432,-0.038611,52.800158,1.5
RX_1433,-0.038557,52.800159,1.5
RX_1434,-0.038504,52.800159,1.5
RX_1435,-0.03845,52.80016,1.5
RX_1436,-0.038397,52.80016,1.5
RX_1437,-0.038379,52.80016,1.5
RX_1438,-0.038322,52.80016,1.5
RX_1439,-0.038265,52.800161,1.5
RX_1440,-0.038208,52.800161,1.5
RX_1441,-0.038157,52.800162,1.5
RX_1442,-0.038134,52.800162,1.5
RX_1443,-0.038078,52.800163,1.5
RX_1444,-0.038023,52.800165,1.5
RX_1445,-0.037967,52.800166,1.5
RX_1446,-0.037928,52.800167,1.5
RX_1447,-0.037892,52.800168,1.5
RX_1448,-0.037836,52.800169,1.5
RX_1449,-0.03778,52.800171,1.5
RX_1450,-0.037724,52.800173,1.5
RX_1451,-0.037702,52.800173,1.5
RX_1452,-0.037649,52.800174,1.5
RX_1453,-0.037592,52.800176,1.5
RX_1454,-0.037535,52.800177,1.5
RX_1455,-0.03748,52.800178,1.5
RX_1456,-0.037461,52.800179,1.5
RX_1457,-0.037405,52.800181,1.5
RX_1458,-0.03735,52.800183,1.5
RX_1459,-0.037293,52.800185,1.5
RX_1460,-0.037245,52.800187,1.5
RX_1461,-0.037219,52.800187,1.5
RX_1462,-0.037161,52.800187,1.5
RX_1463,-0.037104,52.800188,1.5
RX_1464,-0.037047,52.800188,1.5
RX_1465,-0.03702,52.800188,1.5
RX_1466,-0.036972,52.800188,1.5
RX_1467,-0.036917,52.800188,1.5
RX_1468,-0.036862,52.800188,1.5
RX_1469,-0.036807,52.800188,1.5
RX_1470,-0.036787,52.800188,1.5
RX_1471,-0.036732,52.800188,1.5
RX_1472,-0.036678,52.800187,1.5
RX_1473,-0.036623,52.800187,1.5
RX_1474,-0.036585,52.800187,1.5
RX_1475,-0.036549,52.800186,1.5
RX_1476,-0.036495,52.800185,1.5
RX_1477,-0.036441,52.800184,1.5
RX_1478,-0.036387,52.800184,1.5
RX_1479,-0.036367,52.800183,1.5
RX_1480,-0.036314,52.800181,1.5
RX_1481,-0.03626,52.800178,1.5
RX_1482,-0.036206,52.800176,1.5
RX_1483,-0.036152,52.800173,1.5
RX_1484,-0.036134,52.800173,1.5
RX_1485,-0.03608,52.800171,1.5
RX_1486,-0.036026,52.80017,1.5
RX_1487,-0.035972,52.800168,1.5
RX_1488,-0.035927,52.800167,1.5
RX_1489,-0.035901,52.800165,1.5
RX_1490,-0.035846,52.800162,1.5
RX_1491,-0.035792,52.80016,1.5
RX_1492,-0.035737,52.800157,1.5
RX_1493,-0.035703,52.800155,1.5
RX_1494,-0.035663,52.800154,1.5
RX_1495,-0.035609,52.800152,1.5
RX_1496,-0.035555,52.800151,1.5
RX_1497,-0.0355,52.800149,1.5
RX_1498,-0.035475,52.800148,1.5
RX_1499,-0.035429,52.800147,1.5
RX_1500,-0.035375,52.800145,1.5
RX_1501,-0.035321,52.800143,1.5
RX_1502,-0.035267,52.800141,1.5
RX_1503,-0.035248,52.80014,1.5
RX_1504,-0.035196,52.800138,1.5
RX_1505,-0.035141,52.800137,1.5
RX_1506,-0.035085,52.800135,1.5
RX_1507,-0.03503,52.800134,1.5
RX_1508,-0.035012,52.800133,1.5
RX_1509,-0.034955,52.800132,1.5
RX_1510,-0.034898,52.800131,1.5
RX_1511,-0.03484,52.800129,1.5
RX_1512,-0.034787,52.800128,1.5
RX_1513,-0.034766,52.800127,1.5
RX_1514,-0.034711,52.800125,1.5
RX_1515,-0.034657,52.800123,1.5
RX_1516,-0.034602,52.80012,1.5
RX_1517,-0.034563,52.800118,1.5
RX_1518,-0.034528,52.800118,1.5
RX_1519,-0.034472,52.800116,1.5
RX_1520,-0.034417,52.800115,1.5
RX_1521,-0.034361,52.800114,1.5
RX_1522,-0.034338,52.800113,1.5
RX_1523,-0.034284,52.800114,1.5
RX_1524,-0.034226,52.800114,1.5
RX_1525,-0.034168,52.800115,1.5
RX_1526,-0.034111,52.800115,1.5
RX_1527,-0.034091,52.800115,1.5
RX_1528,-0.034034,52.800116,1.5
RX_1529,-0.033977,52.800117,1.5
RX_1530,-0.033921,52.800118,1.5
RX_1531,-0.033888,52.800118,1.5
RX_1532,-0.033842,52.800121,1.5
RX_1533,-0.033786,52.800125,1.5
RX_1534,-0.033729,52.800128,1.5
RX_1535,-0.033672,52.800132,1.5
RX_1536,-0.033648,52.800133,1.5
RX_1537,-0.033589,52.800136,1.5
RX_1538,-0.033531,52.800139,1.5
RX_1539,-0.033472,52.800143,1.5
RX_1540,-0.033448,52.800144,1.5
RX_1541,-0.033392,52.800145,1.5
RX_1542,-0.033335,52.800146,1.5
RX_1543,-0.033277,52.800148,1.5
RX_1544,-0.03325,52.800148,1.5
RX_1545,-0.033201,52.800149,1.5
RX_1546,-0.03315,52.800149,1.5
RX_1547,-0.033099,52.80015,1.5
RX_1548,-0.033053,52.80015,1.5
RX_1549,-0.033021,52.80015,1.5
RX_1550,-0.032962,52.80015,1.5
RX_1551,-0.032903,52.80015,1.5
RX_1552,-0.03286,52.80015,1.5
RX_1553,-0.032824,52.80015,1.5
RX_1554,-0.032771,52.800149,1.5
RX_1555,-0.032717,52.800149,1.5
RX_1556,-0.032664,52.800148,1.5
RX_1557,-0.032643,52.800148,1.5
RX_1558,-0.03259,52.800145,1.5
RX_1559,-0.032537,52.800143,1.5
RX_1560,-0.032484,52.800141,1.5
RX_1561,-0.03246,52.80014,1.5
RX_1562,-0.032412,52.800138,1.5
RX_1563,-0.03236,52.800135,1.5
RX_1564,-0.032308,52.800132,1.5
RX_1565,-0.032258,52.80013,1.5
RX_1566,-0.032236,52.800128,1.5
RX_1567,-0.032182,52.800125,1.5
RX_1568,-0.032128,52.800121,1.5
RX_1569,-0.032074,52.800117,1.5
RX_1570,-0.032048,52.800115,1.5
RX_1571,-0.031999,52.800112,1.5
RX_1572,-0.031943,52.800108,1.5
RX_1573,-0.031887,52.800104,1.5
RX_1574,-0.031832,52.8001,1.5
RX_1575,-0.03181,52.800099,1.5
RX_1576,-0.031752,52.800095,1.5
RX_1577,-0.031695,52.800091,1.5
RX_1578,-0.031637,52.800088,1.5
RX_1579,-0.031616,52.800087,1.5
RX_1580,-0.031561,52.800084,1.5
RX_1581,-0.031506,52.800081,1.5
RX_1582,-0.03145,52.800079,1.5
RX_1583,-0.031407,52.800077,1.5
RX_1584,-0.031372,52.800074,1.5
RX_1585,-0.031315,52.80007,1.5
RX_1586,-0.031258,52.800065,1.5
RX_1587,-0.0312,52.800061,1.5
RX_1588,-0.031179,52.800059,1.5
RX_1589,-0.031124,52.800057,1.5
RX_1590,-0.031069,52.800055,1.5
RX_1591,-0.031014,52.800053,1.5
RX_1592,-0.030987,52.800052,1.5
RX_1593,-0.03094,52.800051,1.5
RX_1594,-0.030887,52.800051,1.5
RX_1595,-0.030834,52.80005,1.5
RX_1596,-0.03078,52.80005,1.5
RX_1597,-0.03076,52.800051,1.5
RX_1598,-0.030703,52.800053,1.5
RX_1599,-0.030646,52.800055,1.5
RX_1600,-0.03059,52.800057,1.5
RX_1601,-0.03056,52.800058,1.5
RX_1602,-0.030517,52.800061,1.5
RX_1603,-0.030462,52.800065,1.5
RX_1604,-0.030408,52.800069,1.5
RX_1605,-0.030356,52.800072,1.5
RX_1606,-0.030338,52.800074,1.5
RX_1607,-0.030285,52.800081,1.5
RX_1608,-0.030233,52.800088,1.5
RX_1609,-0.03018,52.800095,1.5
RX_1610,-0.030128,52.800102,1.5
RX_1611,-0.03011,52.800105,1.5
RX_1612,-0.030058,52.800116,1.5
RX_1613,-0.030006,52.800127,1.5
RX_1614,-0.029953,52.800138,1.5
RX_1615,-0.02991,52.800147,1.5
RX_1616,-0.029885,52.800153,1.5
RX_1617,-0.029836,52.800165,1.5
RX_1618,-0.029787,52.800176,1.5
RX_1619,-0.029738,52.800188,1.5
RX_1620,-0.029703,52.800197,1.5
RX_1621,-0.029674,52.800205,1.5
RX_1622,-0.029623,52.800219,1.5
RX_1623,-0.029573,52.800233,1.5
RX_1624,-0.029523,52.800247,1.5
RX_1625,-0.029493,52.800255,1.5
RX_1626,-0.029456,52.800264,1.5
RX_1627,-0.029404,52.800277,1.5
RX_1628,-0.029352,52.80029,1.5
RX_1629,-0.0293,52.800302,1.5
RX_1630,-0.029275,52.800308,1.5
RX_1631,-0.029232,52.800319,1.5
RX_1632,-0.029181,52.800332,1.5
RX_1633,-0.02913,52.800345,1.5
RX_1634,-0.029078,52.800358,1.5
RX_1635,-0.029057,52.800363,1.5
RX_1636,-0.02901,52.800375,1.5
RX_1637,-0.028957,52.800389,1.5
RX_1638,-0.028905,52.800403,1.5
RX_1639,-0.028852,52.800416,1.5
RX_1640,-0.028835,52.800421,1.5
RX_1641,-0.028783,52.800434,1.5
RX_1642,-0.028731,52.800447,1.5
RX_1643,-0.028679,52.800461,1.5
RX_1644,-0.02863,52.800473,1.5
RX_1645,-0.028607,52.800479,1.5
RX_1646,-0.028555,52.800491,1.5
RX_1647,-0.028502,52.800503,1.5
RX_1648,-0.028448,52.800516,1.5
RX_1649,-0.028417,52.800523,1.5
RX_1650,-0.02838,52.800533,1.5
RX_1651,-0.02833,52.800546,1.5
RX_1652,-0.028279,52.800559,1.5
RX_1653,-0.028226,52.800573,1.5
RX_1654,-0.028207,52.800578,1.5
RX_1655,-0.028161,52.80059,1.5
RX_1656,-0.028111,52.800603,1.5
RX_1657,-0.028062,52.800616,1.5
RX_1658,-0.028013,52.800629,1.5
RX_1659,-0.027997,52.800633,1.5
RX_1660,-0.027945,52.800646,1.5
RX_1661,-0.027892,52.800659,1.5
RX_1662,-0.02784,52.800671,1.5
RX_1663,-0.027788,52.800684,1.5
RX_1664,-0.02777,52.800688,1.5
RX_1665,-0.027716,52.800702,1.5
RX_1666,-0.027662,52.800715,1.5
RX_1667,-0.027609,52.800728,1.5
RX_1668,-0.027562,52.80074,1.5
RX_1669,-0.02754,52.800745,1.5
RX_1670,-0.027488,52.800757,1.5
RX_1671,-0.027434,52.80077,1.5
RX_1672,-0.027381,52.800782,1.5
RX_1673,-0.02734,52.800792,1.5
RX_1674,-0.027311,52.800798,1.5
RX_1675,-0.027257,52.80081,1.5
RX_1676,-0.027203,52.800822,1.5
RX_1677,-0.02715,52.800834,1.5
RX_1678,-0.027123,52.80084,1.5
RX_1679,-0.027084,52.80085,1.5
RX_1680,-0.027034,52.800863,1.5
RX_1681,-0.026986,52.800875,1.5
RX_1682,-0.026937,52.800887,1.5
RX_1683,-0.026913,52.800893,1.5
RX_1684,-0.026869,52.800904,1.5
RX_1685,-0.026814,52.800917,1.5
RX_1686,-0.026759,52.800931,1.5
RX_1687,-0.026703,52.800944,1.5
RX_1688,-0.026684,52.800948,1.5
RX_1689,-0.026634,52.80096,1.5
RX_1690,-0.026581,52.800972,1.5
RX_1691,-0.026528,52.800984,1.5
RX_1692,-0.026487,52.800993,1.5
RX_1693,-0.026443,52.801006,1.5
RX_1694,-0.026379,52.801024,1.5
RX_1695,-0.026312,52.801043,1.5
RX_1696,-0.026279,52.801052,1.5
RX_1697,-0.026218,52.801067,1.5
RX_1698,-0.026152,52.801083,1.5
RX_1699,-0.026111,52.801093,1.5
RX_1700,-0.026043,52.80111,1.5
RX_1701,-0.025969,52.80113,1.5
RX_1702,-0.025929,52.801144,1.5
RX_1703,-0.025872,52.801166,1.5
RX_1704,-0.025842,52.801185,1.5
RX_1705,-0.025808,52.801213,1.5
RX_1706,-0.02579,52.801233,1.5
RX_1707,-0.025776,52.801263,1.5
RX_1708,-0.025767,52.801284,1.5
RX_1709,-0.025765,52.801316,1.5
RX_1710,-0.025763,52.801347,1.5
RX_1711,-0.025761,52.80137,1.5
RX_1712,-0.025758,52.801403,1.5
RX_1713,-0.025752,52.801423,1.5
RX_1714,-0.025737,52.801452,1.5
RX_1715,-0.025722,52.80148,1.5
RX_1716,-0.025703,52.801498,1.5
RX_1717,-0.025676,52.801524,1.5
RX_1718,-0.025657,52.801542,1.5
RX_1719,-0.025628,52.801563,1.5
RX_1720,-0.025595,52.801588,1.5
RX_1721,-0.025575,52.801603,1.5
RX_1722,-0.02554,52.801629,1.5
RX_1723,-0.025504,52.801655,1.5
RX_1724,-0.025483,52.801671,1.5
RX_1725,-0.025448,52.801699,1.5
RX_1726,-0.025414,52.801726,1.5
RX_1727,-0.025398,52.801743,1.5
RX_1728,-0.025373,52.80177,1.5
RX_1729,-0.025347,52.801798,1.5
RX_1730,-0.025334,52.801819,1.5
RX_1731,-0.025314,52.801852,1.5
RX_1732,-0.025301,52.801873,1.5
RX_1733,-0.025292,52.801906,1.5
RX_1734,-0.025283,52.801939,1.5
RX_1735,-0.025281,52.801959,1.5
RX_1736,-0.025284,52.801993,1.5
RX_1737,-0.025287,52.802026,1.5
RX_1738,-0.025291,52.802045,1.5
RX_1739,-0.025303,52.802077,1.5
RX_1740,-0.025314,52.802109,1.5
RX_1741,-0.025322,52.802127,1.5
RX_1742,-0.025339,52.802158,1.5
RX_1743,-0.025356,52.802189,1.5
RX_1744,-0.025365,52.802207,1.5
RX_1745,-0.025385,52.802238,1.5
RX_1746,-0.025405,52.802271,1.5
RX_1747,-0.025417,52.80229,1.5
RX_1748,-0.025437,52.802321,1.5
RX_1749,-0.025458,52.802353,1.5
RX_1750,-0.025472,52.802373,1.5
RX_1751,-0.025489,52.802401,1.5
RX_1752,-0.025507,52.802431,1.5
RX_1753,-0.02552,52.802452,1.5
RX_1754,-0.025541,52.802479,1.5
RX_1755,-0.025565,52.80251,1.5
RX_1756,-0.02558,52.80253,1.5
RX_1757,-0.025601,52.802559,1.5
RX_1758,-0.025624,52.802591,1.5
RX_1759,-0.025637,52.802609,1.5
RX_1760,-0.025657,52.802637,1.5
RX_1761,-0.025677,52.802665,1.5
RX_1762,-0.025688,52.802681,1.5
RX_1763,-0.025703,52.802715,1.5
RX_1764,-0.025717,52.802749,1.5
RX_1765,-0.025725,52.802768,1.5
RX_1766,-0.025737,52.8028,1.5
RX_1767,-0.025749,52.802833,1.5
RX_1768,-0.025757,52.802853,1.5
RX_1769,-0.025762,52.802883,1.5
RX_1770,-0.025768,52.802915,1.5
RX_1771,-0.025773,52.802943,1.5
RX_1772,-0.025776,52.802965,1.5
RX_1773,-0.025779,52.802998,1.5
RX_1774,-0.025783,52.80303,1.5
RX_1775,-0.025784,52.803048,1.5
RX_1776,-0.025787,52.803082,1.5
RX_1777,-0.025789,52.803116,1.5
RX_1778,-0.02579,52.803134,1.5
RX_1779,-0.025791,52.803165,1.5
RX_1780,-0.025791,52.803197,1.5
RX_1781,-0.025792,52.803225,1.5
RX_1782,-0.025791,52.803249,1.5
RX_1783,-0.02579,52.803286,1.5
RX_1784,-0.025788,52.80332,1.5
RX_1785,-0.025787,52.803343,1.5
RX_1786,-0.025785,52.803379,1.5
RX_1787,-0.025783,52.803413,1.5
RX_1788,-0.025781,52.803434,1.5
RX_1789,-0.025778,52.803469,1.5
RX_1790,-0.025775,52.803503,1.5
RX_1791,-0.025772,52.803526,1.5
RX_1792,-0.025768,52.803562,1.5
RX_1793,-0.025765,52.80359,1.5
RX_1794,-0.025759,52.803621,1.5
RX_1795,-0.025752,52.803657,1.5
RX_1796,-0.025747,52.803679,1.5
RX_1797,-0.025737,52.803712,1.5
RX_1798,-0.025728,52.803744,1.5
RX_1799,-0.025722,52.803765,1.5
RX_1800,-0.025713,52.803798,1.5
RX_1801,-0.025705,52.803827,1.5
RX_1802,-0.025699,52.803849,1.5
RX_1803,-0.025691,52.803881,1.5
RX_1804,-0.025685,52.803905,1.5
RX_1805,-0.025675,52.80393,1.5
RX_1806,-0.025663,52.80396,1.5
RX_1807,-0.025653,52.803985,1.5
RX_1808,-0.025645,52.804011,1.5
RX_1809,-0.025634,52.804045,1.5
RX_1810,-0.025627,52.804067,1.5
RX_1811,-0.025618,52.804098,1.5
RX_1812,-0.025609,52.804131,1.5
RX_1813,-0.025604,52.804151,1.5
RX_1814,-0.025596,52.804185,1.5
RX_1815,-0.025589,52.804219,1.5
RX_1816,-0.025585,52.804238,1.5
RX_1817,-0.02558,52.804268,1.5
RX_1818,-0.025575,52.804298,1.5
RX_1819,-0.025573,52.804315,1.5
RX_1820,-0.025572,52.804346,1.5
RX_1821,-0.025571,52.804377,1.5
RX_1822,-0.02557,52.804393,1.5
RX_1823,-0.025571,52.804424,1.5
RX_1824,-0.025571,52.804454,1.5
RX_1825,-0.025572,52.804477,1.5
RX_1826,-0.025573,52.804504,1.5
RX_1827,-0.025575,52.804539,1.5
RX_1828,-0.025577,52.80457,1.5
RX_1829,-0.02558,52.804591,1.5
RX_1830,-0.025584,52.804624,1.5
RX_1831,-0.025589,52.804657,1.5
RX_1832,-0.025592,52.804675,1.5
RX_1833,-0.025599,52.804706,1.5
RX_1834,-0.025607,52.804737,1.5
RX_1835,-0.025612,52.804757,1.5
RX_1836,-0.025619,52.804786,1.5
RX_1837,-0.025628,52.804819,1.5
RX_1838,-0.025635,52.804847,1.5
RX_1839,-0.025641,52.804871,1.5
RX_1840,-0.025649,52.804906,1.5
RX_1841,-0.025657,52.804941,1.5
RX_1842,-0.025661,52.804958,1.5
RX_1843,-0.025668,52.804989,1.5
RX_1844,-0.025675,52.805021,1.5
RX_1845,-0.025679,52.805038,1.5
RX_1846,-0.025687,52.805071,1.5
RX_1847,-0.025696,52.805104,1.5
RX_1848,-0.025702,52.805128,1.5
RX_1849,-0.025711,52.805159,1.5
RX_1850,-0.025721,52.805195,1.5
RX_1851,-0.02573,52.805223,1.5
RX_1852,-0.025738,52.805252,1.5
RX_1853,-0.025748,52.805288,1.5
RX_1854,-0.025757,52.80532,1.5
RX_1855,-0.025761,52.805345,1.5
RX_1856,-0.025767,52.805381,1.5
RX_1857,-0.025772,52.805407,1.5
RX_1858,-0.02578,52.805437,1.5
RX_1859,-0.02579,52.805471,1.5
RX_1860,-0.025795,52.805492,1.5
RX_1861,-0.025801,52.805526,1.5
RX_1862,-0.025806,52.80556,1.5
RX_1863,-0.025808,52.805582,1.5
RX_1864,-0.025807,52.805616,1.5
RX_1865,-0.025807,52.80565,1.5
RX_1866,-0.025804,52.805669,1.5
RX_1867,-0.025798,52.805699,1.5
RX_1868,-0.025793,52.805729,1.5
RX_1869,-0.025785,52.805747,1.5
RX_1870,-0.025767,52.80578,1.5
RX_1871,-0.025749,52.805813,1.5
RX_1872,-0.02574,52.805829,1.5
RX_1873,-0.025723,52.805855,1.5
RX_1874,-0.025706,52.80588,1.5
RX_1875,-0.025689,52.805905,1.5
RX_1876,-0.025675,52.805923,1.5
RX_1877,-0.025648,52.805957,1.5
RX_1878,-0.02562,52.805991,1.5
RX_1879,-0.025605,52.806006,1.5
RX_1880,-0.025577,52.806034,1.5
RX_1881,-0.025548,52.806062,1.5
RX_1882,-0.025528,52.806082,1.5
RX_1883,-0.0255,52.806105,1.5
RX_1884,-0.025466,52.806134,1.5
RX_1885,-0.025432,52.806163,1.5
RX_1886,-0.025415,52.806178,1.5
RX_1887,-0.02538,52.806205,1.5
RX_1888,-0.025346,52.806233,1.5
RX_1889,-0.025327,52.806248,1.5
RX_1890,-0.025294,52.806274,1.5
RX_1891,-0.025259,52.8063,1.5
RX_1892,-0.025224,52.806327,1.5
RX_1893,-0.025206,52.80634,1.5
RX_1894,-0.025172,52.806365,1.5
RX_1895,-0.025137,52.806391,1.5
RX_1896,-0.025118,52.806405,1.5
RX_1897,-0.025084,52.806432,1.5
RX_1898,-0.025048,52.806459,1.5
RX_1899,-0.025013,52.806487,1.5
RX_1900,-0.024996,52.806499,1.5
RX_1901,-0.024963,52.806524,1.5
RX_1902,-0.024929,52.806549,1.5
RX_1903,-0.024908,52.806565,1.5
RX_1904,-0.024876,52.806589,1.5
RX_1905,-0.024839,52.806617,1.5
RX_1906,-0.024803,52.806643,1.5
RX_1907,-0.024787,52.806657,1.5
RX_1908,-0.024756,52.806683,1.5
RX_1909,-0.024725,52.806709,1.5
RX_1910,-0.024703,52.806727,1.5
RX_1911,-0.024675,52.806749,1.5
RX_1912,-0.02464,52.806778,1.5
RX_1913,-0.024605,52.806806,1.5
RX_1914,-0.024588,52.806819,1.5
RX_1915,-0.024554,52.806843,1.5
RX_1916,-0.02452,52.806868,1.5
RX_1917,-0.02449,52.80689,1.5
RX_1918,-0.024469,52.806903,1.5
RX_1919,-0.024432,52.806925,1.5
RX_1920,-0.024395,52.806948,1.5
RX_1921,-0.024367,52.806965,1.5
RX_1922,-0.024337,52.806979,1.5
RX_1923,-0.024294,52.807,1.5
RX_1924,-0.024251,52.807021,1.5
RX_1925,-0.02423,52.807031,1.5
RX_1926,-0.024186,52.807049,1.5
RX_1927,-0.024142,52.807066,1.5
RX_1928,-0.024098,52.807084,1.5
RX_1929,-0.024077,52.807094,1.5
RX_1930,-0.024032,52.807115,1.5
RX_1931,-0.023987,52.807136,1.5
RX_1932,-0.023945,52.807155,1.5
RX_1933,-0.02392,52.807168,1.5
RX_1934,-0.023876,52.807191,1.5
RX_1935,-0.023831,52.807213,1.5
RX_1936,-0.023808,52.807225,1.5
RX_1937,-0.023767,52.807248,1.5
RX_1938,-0.023724,52.807271,1.5
RX_1939,-0.023682,52.807294,1.5
RX_1940,-0.023661,52.807306,1.5
RX_1941,-0.023618,52.807327,1.5
RX_1942,-0.023575,52.807349,1.5
RX_1943,-0.023538,52.807368,1.5
RX_1944,-0.023512,52.807382,1.5
RX_1945,-0.02347,52.807405,1.5
RX_1946,-0.023428,52.807427,1.5
RX_1947,-0.023407,52.807438,1.5
RX_1948,-0.023361,52.80746,1.5
RX_1949,-0.023314,52.807482,1.5
RX_1950,-0.023267,52.807504,1.5
RX_1951,-0.023248,52.807514,1.5
RX_1952,-0.023211,52.807535,1.5
RX_1953,-0.023173,52.807555,1.5
RX_1954,-0.023147,52.80757,1.5
RX_1955,-0.023113,52.807587,1.5
RX_1956,-0.02307,52.807609,1.5
RX_1957,-0.023027,52.807631,1.5
RX_1958,-0.023005,52.807642,1.5
RX_1959,-0.022961,52.807662,1.5
RX_1960,-0.022917,52.807682,1.5
RX_1961,-0.022882,52.807698,1.5
RX_1962,-0.022849,52.807715,1.5
RX_1963,-0.022804,52.807738,1.5
RX_1964,-0.022759,52.807761,1.5
RX_1965,-0.022735,52.807772,1.5
RX_1966,-0.022691,52.807793,1.5
RX_1967,-0.022646,52.807813,1.5
RX_1968,-0.02262,52.807824,1.5
RX_1969,-0.022569,52.807842,1.5
RX_1970,-0.022516,52.80786,1.5
RX_1971,-0.022483,52.807871,1.5
RX_1972,-0.022426,52.807884,1.5
RX_1973,-0.022365,52.807898,1.5
RX_1974,-0.022322,52.807907,1.5
RX_1975,-0.022253,52.807918,1.5
RX_1976,-0.022201,52.807926,1.5
RX_1977,-0.022138,52.807946,1.5
RX_1978,-0.022093,52.807959,1.5
RX_1979,-0.022041,52.807971,1.5
RX_1980,-0.022004,52.807982,1.5
RX_1981,-0.021967,52.808006,1.5
RX_1982,-0.021946,52.808024,1.5
RX_1983,-0.021924,52.808051,1.5
RX_1984,-0.021914,52.80807,1.5
RX_1985,-0.021905,52.808097,1.5
RX_1986,-0.0219,52.808115,1.5
RX_1987,-0.0219,52.808141,1.5
RX_1988,-0.0219,52.808168,1.5
RX_1989,-0.0219,52.808183,1.5
RX_1990,-0.021905,52.808216,1.5
RX_1991,-0.02191,52.808248,1.5
RX_1992,-0.021914,52.808268,1.5
RX_1993,-0.021922,52.808302,1.5
RX_1994,-0.02193,52.808335,1.5
RX_1995,-0.021934,52.808353,1.5
RX_1996,-0.021936,52.808383,1.5
RX_1997,-0.021938,52.808413,1.5
RX_1998,-0.02194,52.808433,1.5
RX_1999,-0.021938,52.808458,1.5
RX_2000,-0.021935,52.808487,1.5
RX_2001,-0.021932,52.808516,1.5
RX_2002,-0.021929,52.808532,1.5
RX_2003,-0.02192,52.808565,1.5
RX_2004,-0.021912,52.808598,1.5
RX_2005,-0.021907,52.80862,1.5
RX_2006,-0.021899,52.808645,1.5
RX_2007,-0.021889,52.808676,1.5
RX_2008,-0.021879,52.808707,1.5
RX_2009,-0.021875,52.808721,1.5
RX_2010,-0.021863,52.80875,1.5
RX_2011,-0.021852,52.808779,1.5
RX_2012,-0.02184,52.808808,1.5
RX_2013,-0.021835,52.808821,1.5
RX_2014,-0.021824,52.808853,1.5
RX_2015,-0.021814,52.808886,1.5
RX_2016,-0.021804,52.808919,1.5
RX_2017,-0.021799,52.808933,1.5
RX_2018,-0.021789,52.808967,1.5
RX_2019,-0.021779,52.809,1.5
RX_2020,-0.021769,52.809034,1.5
RX_2021,-0.021765,52.809048,1.5
RX_2022,-0.021756,52.80908,1.5
RX_2023,-0.021747,52.809112,1.5
RX_2024,-0.021738,52.809144,1.5
RX_2025,-0.021734,52.809158,1.5
RX_2026,-0.021725,52.80919,1.5
RX_2027,-0.021716,52.809221,1.5
RX_2028,-0.021706,52.809253,1.5
RX_2029,-0.021702,52.809267,1.5
RX_2030,-0.021694,52.809298,1.5
RX_2031,-0.021686,52.809329,1.5
RX_2032,-0.021677,52.809361,1.5
RX_2033,-0.021674,52.809375,1.5
RX_2034,-0.021667,52.809408,1.5
RX_2035,-0.021661,52.809441,1.5
RX_2036,-0.021654,52.809474,1.5
RX_2037,-0.021651,52.809489,1.5
RX_2038,-0.021647,52.809522,1.5
RX_2039,-0.021643,52.809555,1.5
RX_2040,-0.021639,52.809588,1.5
RX_2041,-0.021637,52.809603,1.5
RX_2042,-0.021631,52.809637,1.5
RX_2043,-0.021625,52.809672,1.5
RX_2044,-0.021619,52.809706,1.5
RX_2045,-0.021617,52.809721,1.5
RX_2046,-0.021611,52.809756,1.5
RX_2047,-0.021605,52.80979,1.5
RX_2048,-0.021598,52.809824,1.5
RX_2049,-0.021596,52.809839,1.5
RX_2050,-0.02159,52.809873,1.5
RX_2051,-0.021584,52.809906,1.5
RX_2052,-0.021578,52.809938,1.5
RX_2053,-0.021573,52.809955,1.5
RX_2054,-0.021564,52.809988,1.5
RX_2055,-0.021554,52.810021,1.5
RX_2056,-0.021545,52.81005,1.5
RX_2057,-0.021537,52.81007,1.5
RX_2058,-0.021523,52.810105,1.5
RX_2059,-0.021509,52.81014,1.5
RX_2060,-0.021502,52.81016,1.5
RX_2061,-0.02149,52.810187,1.5
RX_2062,-0.021477,52.810217,1.5
RX_2063,-0.021465,52.810246,1.5
RX_2064,-0.021458,52.810262,1.5
RX_2065,-0.021443,52.810289,1.5
RX_2066,-0.021426,52.810319,1.5
RX_2067,-0.021409,52.810348,1.5
RX_2068,-0.021398,52.810367,1.5
RX_2069,-0.021383,52.810391,1.5
RX_2070,-0.021364,52.810421,1.5
RX_2071,-0.021345,52.810452,1.5
RX_2072,-0.02133,52.810475,1.5
RX_2073,-0.021317,52.810495,1.5
RX_2074,-0.021297,52.810527,1.5
RX_2075,-0.021277,52.810559,1.5
RX_2076,-0.021258,52.810588,1.5
RX_2077,-0.021245,52.810604,1.5
RX_2078,-0.021219,52.810636,1.5
RX_2079,-0.021194,52.810667,1.5
RX_2080,-0.021168,52.810698,1.5
RX_2081,-0.021158,52.810711,1.5
RX_2082,-0.021133,52.810741,1.5
RX_2083,-0.021109,52.810772,1.5
RX_2084,-0.021084,52.810802,1.5
RX_2085,-0.021072,52.810816,1.5
RX_2086,-0.021045,52.810848,1.5
RX_2087,-0.021018,52.810879,1.5
RX_2088,-0.02099,52.810911,1.5
RX_2089,-0.020979,52.810924,1.5
RX_2090,-0.020954,52.810951,1.5
RX_2091,-0.02093,52.810979,1.5
RX_2092,-0.020905,52.811006,1.5
RX_2093,-0.020893,52.81102,1.5
RX_2094,-0.020867,52.811054,1.5
RX_2095,-0.02084,52.81109,1.5
RX_2096,-0.020814,52.811126,1.5
RX_2097,-0.020805,52.811139,1.5
RX_2098,-0.020786,52.811169,1.5
RX_2099,-0.020767,52.811199,1.5
RX_2100,-0.020749,52.811228,1.5
RX_2101,-0.020741,52.811241,1.5
RX_2102,-0.020728,52.811274,1.5
RX_2103,-0.020714,52.811306,1.5
RX_2104,-0.020701,52.811338,1.5
RX_2105,-0.020696,52.811351,1.5
RX_2106,-0.020688,52.811382,1.5
RX_2107,-0.02068,52.811414,1.5
RX_2108,-0.020672,52.811446,1.5
RX_2109,-0.020667,52.811467,1.5
RX_2110,-0.020665,52.811489,1.5
RX_2111,-0.020662,52.811521,1.5
RX_2112,-0.02066,52.811552,1.5
RX_2113,-0.020657,52.811584,1.5
RX_2114,-0.020657,52.811596,1.5
RX_2115,-0.020656,52.811627,1.5
RX_2116,-0.020656,52.811658,1.5
RX_2117,-0.020655,52.811689,1.5
RX_2118,-0.020655,52.81171,1.5
RX_2119,-0.020658,52.811731,1.5
RX_2120,-0.020661,52.811763,1.5
RX_2121,-0.020665,52.811795,1.5
RX_2122,-0.020669,52.811827,1.5
RX_2123,-0.020671,52.811838,1.5
RX_2124,-0.02068,52.811871,1.5
RX_2125,-0.020689,52.811903,1.5
RX_2126,-0.020698,52.811936,1.5
RX_2127,-0.020707,52.811967,1.5
RX_2128,-0.020712,52.811979,1.5
RX_2129,-0.020725,52.812011,1.5
RX_2130,-0.020738,52.812042,1.5
RX_2131,-0.02075,52.812074,1.5
RX_2132,-0.020758,52.812093,1.5
RX_2133,-0.020769,52.81212,1.5
RX_2134,-0.020784,52.812155,1.5
RX_2135,-0.020799,52.812191,1.5
RX_2136,-0.020814,52.812226,1.5
RX_2137,-0.02082,52.812238,1.5
RX_2138,-0.020835,52.81227,1.5
RX_2139,-0.020851,52.812302,1.5
RX_2140,-0.020867,52.812335,1.5
RX_2141,-0.02088,52.812362,1.5
RX_2142,-0.020888,52.812379,1.5
RX_2143,-0.020903,52.812411,1.5
RX_2144,-0.020917,52.812444,1.5
RX_2145,-0.020932,52.812476,1.5
RX_2146,-0.020937,52.812488,1.5
RX_2147,-0.020953,52.812519,1.5
RX_2148,-0.020968,52.81255,1.5
RX_2149,-0.020984,52.812582,1.5
RX_2150,-0.020997,52.812607,1.5
RX_2151,-0.021006,52.812626,1.5
RX_2152,-0.021021,52.812659,1.5
RX_2153,-0.021036,52.812692,1.5
RX_2154,-0.021052,52.812725,1.5
RX_2155,-0.021058,52.812737,1.5
RX_2156,-0.021074,52.812767,1.5
RX_2157,-0.02109,52.812796,1.5
RX_2158,-0.021106,52.812826,1.5
RX_2159,-0.021115,52.812843,1.5
RX_2160,-0.021127,52.81287,1.5
RX_2161,-0.021141,52.812903,1.5
RX_2162,-0.021156,52.812936,1.5
RX_2163,-0.02117,52.812968,1.5
RX_2164,-0.021177,52.812982,1.5
RX_2165,-0.021193,52.813015,1.5
RX_2166,-0.021209,52.813049,1.5
RX_2167,-0.021226,52.813083,1.5
RX_2168,-0.021232,52.813096,1.5
RX_2169,-0.021246,52.813127,1.5
RX_2170,-0.021261,52.813159,1.5
RX_2171,-0.021275,52.813191,1.5
RX_2172,-0.021282,52.813205,1.5
RX_2173,-0.021298,52.81324,1.5
RX_2174,-0.021314,52.813274,1.5
RX_2175,-0.02133,52.813308,1.5
RX_2176,-0.021337,52.813323,1.5
RX_2177,-0.021352,52.813356,1.5
RX_2178,-0.021368,52.81339,1.5
RX_2179,-0.021383,52.813423,1.5
RX_2180,-0.021391,52.813438,1.5
RX_2181,-0.021405,52.813471,1.5
RX_2182,-0.021419,52.813504,1.5
RX_2183,-0.021434,52.813537,1.5
RX_2184,-0.02144,52.813552,1.5
RX_2185,-0.021449,52.813585,1.5
RX_2186,-0.021459,52.813617,1.5
RX_2187,-0.021469,52.81365,1.5
RX_2188,-0.02147,52.813665,1.5
RX_2189,-0.02147,52.813699,1.5
RX_2190,-0.02147,52.813733,1.5
RX_2191,-0.02147,52.813765,1.5
RX_2192,-0.021465,52.813781,1.5
RX_2193,-0.021456,52.813815,1.5
RX_2194,-0.021446,52.813848,1.5
RX_2195,-0.021438,52.813875,1.5
RX_2196,-0.021425,52.813898,1.5
RX_2197,-0.021405,52.813934,1.5
RX_2198,-0.021385,52.813969,1.5
RX_2199,-0.021376,52.813986,1.5
RX_2200,-0.021355,52.814018,1.5
RX_2201,-0.021335,52.81405,1.5
RX_2202,-0.021314,52.814082,1.5
RX_2203,-0.021302,52.814098,1.5
RX_2204,-0.021276,52.814131,1.5
RX_2205,-0.02125,52.814164,1.5
RX_2206,-0.021237,52.814182,1.5
RX_2207,-0.021215,52.814212,1.5
RX_2208,-0.021193,52.814242,1.5
RX_2209,-0.021171,52.814272,1.5
RX_2210,-0.02116,52.814286,1.5
RX_2211,-0.021138,52.814315,1.5
RX_2212,-0.021116,52.814344,1.5
RX_2213,-0.021097,52.814368,1.5
RX_2214,-0.021083,52.814386,1.5
RX_2215,-0.02106,52.814416,1.5
RX_2216,-0.021038,52.814446,1.5
RX_2217,-0.021022,52.814467,1.5
RX_2218,-0.021004,52.814486,1.5
RX_2219,-0.020981,52.814511,1.5
RX_2220,-0.020957,52.814536,1.5
RX_2221,-0.020935,52.81456,1.5
RX_2222,-0.020918,52.814574,1.5
RX_2223,-0.02088,52.814604,1.5
RX_2224,-0.020842,52.814634,1.5
RX_2225,-0.020825,52.814648,1.5
RX_2226,-0.020791,52.814672,1.5
RX_2227,-0.020757,52.814696,1.5
RX_2228,-0.020723,52.81472,1.5
RX_2229,-0.020702,52.814735,1.5
RX_2230,-0.02067,52.814755,1.5
RX_2231,-0.020632,52.814779,1.5
RX_2232,-0.020594,52.814803,1.5
RX_2233,-0.02057,52.814818,1.5
RX_2234,-0.020537,52.814837,1.5
RX_2235,-0.020494,52.814862,1.5
RX_2236,-0.020451,52.814886,1.5
RX_2237,-0.020427,52.8149,1.5
RX_2238,-0.020394,52.81492,1.5
RX_2239,-0.020355,52.814943,1.5
RX_2240,-0.020316,52.814966,1.5
RX_2241,-0.020287,52.814983,1.5
RX_2242,-0.02026,52.814999,1.5
RX_2243,-0.020222,52.815023,1.5
RX_2244,-0.020183,52.815047,1.5
RX_2245,-0.020155,52.815063,1.5
RX_2246,-0.020126,52.81508,1.5
RX_2247,-0.020087,52.815103,1.5
RX_2248,-0.020047,52.815125,1.5
RX_2249,-0.020022,52.81514,1.5
RX_2250,-0.019991,52.815158,1.5
RX_2251,-0.019953,52.815179,1.5
RX_2252,-0.019915,52.815201,1.5
RX_2253,-0.01989,52.815215,1.5
RX_2254,-0.019859,52.815232,1.5
RX_2255,-0.01982,52.815253,1.5
RX_2256,-0.019781,52.815275,1.5
RX_2257,-0.019753,52.81529,1.5
RX_2258,-0.019725,52.815306,1.5
RX_2259,-0.019685,52.815328,1.5
RX_2260,-0.019645,52.815351,1.5
RX_2261,-0.01961,52.81537,1.5
RX_2262,-0.019588,52.815383,1.5
RX_2263,-0.019549,52.815408,1.5
RX_2264,-0.019509,52.815432,1.5
RX_2265,-0.019469,52.815456,1.5
RX_2266,-0.019451,52.815466,1.5
RX_2267,-0.019407,52.815489,1.5
RX_2268,-0.019364,52.815512,1.5
RX_2269,-0.019321,52.815534,1.5
RX_2270,-0.019304,52.815543,1.5
RX_2271,-0.019263,52.815565,1.5
RX_2272,-0.019222,52.815586,1.5
RX_2273,-0.01918,52.815608,1.5
RX_2274,-0.019164,52.815617,1.5
RX_2275,-0.019123,52.815637,1.5
RX_2276,-0.019082,52.815658,1.5
RX_2277,-0.019041,52.815678,1.5
RX_2278,-0.019018,52.81569,1.5
RX_2279,-0.018985,52.815708,1.5
RX_2280,-0.018944,52.81573,1.5
RX_2281,-0.018904,52.815751,1.5
RX_2282,-0.018872,52.815768,1.5
RX_2283,-0.018847,52.815782,1.5
RX_2284,-0.018808,52.815803,1.5
RX_2285,-0.018769,52.815825,1.5
RX_2286,-0.018732,52.815845,1.5
RX_2287,-0.018714,52.815855,1.5
RX_2288,-0.018674,52.815879,1.5
RX_2289,-0.018634,52.815902,1.5
RX_2290,-0.018594,52.815926,1.5
RX_2291,-0.018579,52.815935,1.5
RX_2292,-0.018543,52.815957,1.5
RX_2293,-0.018508,52.81598,1.5
RX_2294,-0.018472,52.816002,1.5
RX_2295,-0.018457,52.816011,1.5
RX_2296,-0.01842,52.816036,1.5
RX_2297,-0.018383,52.81606,1.5
RX_2298,-0.018346,52.816084,1.5
RX_2299,-0.01833,52.816095,1.5
RX_2300,-0.018293,52.816116,1.5
RX_2301,-0.018256,52.816138,1.5
RX_2302,-0.018219,52.816159,1.5
RX_2303,-0.018192,52.816175,1.5
RX_2304,-0.018166,52.816192,1.5
RX_2305,-0.018129,52.816217,1.5
RX_2306,-0.018092,52.816243,1.5
RX_2307,-0.018058,52.816265,1.5
RX_2308,-0.018042,52.816278,1.5
RX_2309,-0.018008,52.816304,1.5
RX_2310,-0.017975,52.816329,1.5
RX_2311,-0.017942,52.816354,1.5
RX_2312,-0.017928,52.816364,1.5
RX_2313,-0.017893,52.816388,1.5
RX_2314,-0.017857,52.816413,1.5
RX_2315,-0.017822,52.816438,1.5
RX_2316,-0.017808,52.816447,1.5
RX_2317,-0.017774,52.816473,1.5
RX_2318,-0.017739,52.8165,1.5
RX_2319,-0.017705,52.816526,1.5
RX_2320,-0.017685,52.816542,1.5
RX_2321,-0.017663,52.816563,1.5
RX_2322,-0.017636,52.81659,1.5
RX_2323,-0.017608,52.816618,1.5
RX_2324,-0.017582,52.816643,1.5
RX_2325,-0.017568,52.81666,1.5
RX_2326,-0.017539,52.816694,1.5
RX_2327,-0.017509,52.816728,1.5
RX_2328,-0.01748,52.816762,1.5
RX_2329,-0.01747,52.816775,1.5
RX_2330,-0.017445,52.816805,1.5
RX_2331,-0.017421,52.816835,1.5
RX_2332,-0.017396,52.816865,1.5
RX_2333,-0.017386,52.816877,1.5
RX_2334,-0.017362,52.816912,1.5
RX_2335,-0.017337,52.816947,1.5
RX_2336,-0.017312,52.816982,1.5
RX_2337,-0.017298,52.817002,1.5
RX_2338,-0.017278,52.817029,1.5
RX_2339,-0.017253,52.81706,1.5
RX_2340,-0.017229,52.817092,1.5
RX_2341,-0.017215,52.81711,1.5
RX_2342,-0.017192,52.817137,1.5
RX_2343,-0.017166,52.817168,1.5
RX_2344,-0.01714,52.817199,1.5
RX_2345,-0.017127,52.817215,1.5
RX_2346,-0.017109,52.817245,1.5
RX_2347,-0.017092,52.817276,1.5
RX_2348,-0.017073,52.817307,1.5
RX_2349,-0.017065,52.817322,1.5
RX_2350,-0.017046,52.817357,1.5
RX_2351,-0.017027,52.817392,1.5
RX_2352,-0.017008,52.817428,1.5
RX_2353,-0.017002,52.817444,1.5
RX_2354,-0.016991,52.817476,1.5
RX_2355,-0.016979,52.817509,1.5
RX_2356,-0.016972,52.81753,1.5
RX_2357,-0.016963,52.817559,1.5
RX_2358,-0.016953,52.817594,1.5
RX_2359,-0.016943,52.817629,1.5
RX_2360,-0.016938,52.817646,1.5
RX_2361,-0.016927,52.817679,1.5
RX_2362,-0.016916,52.817713,1.5
RX_2363,-0.016908,52.817737,1.5
RX_2364,-0.016896,52.817769,1.5
RX_2365,-0.016882,52.817808,1.5
RX_2366,-0.016872,52.817837,1.5
RX_2367,-0.016851,52.817872,1.5
RX_2368,-0.016827,52.817915,1.5
RX_2369,-0.016808,52.817942,1.5
RX_2370,-0.016771,52.817979,1.5
RX_2371,-0.016743,52.818007,1.5
RX_2372,-0.016694,52.818037,1.5
RX_2373,-0.016658,52.818062,1.5
RX_2374,-0.016622,52.818094,1.5
RX_2375,-0.016601,52.818117,1.5
RX_2376,-0.016578,52.818147,1.5
RX_2377,-0.016575,52.81817,1.5
RX_2378,-0.016572,52.818199,1.5
RX_2379,-0.016577,52.818219,1.5
RX_2380,-0.016586,52.818247,1.5
RX_2381,-0.016591,52.818264,1.5
RX_2382,-0.016602,52.818292,1.5
RX_2383,-0.016612,52.818319,1.5
RX_2384,-0.016619,52.818335,1.5
RX_2385,-0.016634,52.818365,1.5
RX_2386,-0.016649,52.818394,1.5
RX_2387,-0.016658,52.818412,1.5
RX_2388,-0.016676,52.818443,1.5
RX_2389,-0.016693,52.818474,1.5
RX_2390,-0.016702,52.818491,1.5
RX_2391,-0.01672,52.81852,1.5
RX_2392,-0.016736,52.81855,1.5
RX_2393,-0.016745,52.818566,1.5
RX_2394,-0.016759,52.818595,1.5
RX_2395,-0.016773,52.818624,1.5
RX_2396,-0.016781,52.81864,1.5
RX_2397,-0.016798,52.818671,1.5
RX_2398,-0.016815,52.818702,1.5
RX_2399,-0.016825,52.818719,1.5
RX_2400,-0.016846,52.818752,1.5
RX_2401,-0.016867,52.818784,1.5
RX_2402,-0.016878,52.818802,1.5
RX_2403,-0.0169,52.818831,1.5
RX_2404,-0.016922,52.818861,1.5
RX_2405,-0.016938,52.818882,1.5
RX_2406,-0.016959,52.818905,1.5
RX_2407,-0.016983,52.818932,1.5
RX_2408,-0.017003,52.818955,1.5
RX_2409,-0.017018,52.818977,1.5
RX_2410,-0.017037,52.819008,1.5
RX_2411,-0.017057,52.819038,1.5
RX_2412,-0.017068,52.819054,1.5
RX_2413,-0.017089,52.819082,1.5
RX_2414,-0.01711,52.819111,1.5
RX_2415,-0.01712,52.819123,1.5
RX_2416,-0.017139,52.819144,1.5
RX_2417,-0.017157,52.819165,1.5
RX_2418,-0.017167,52.819177,1.5
RX_2419,-0.017188,52.819207,1.5
RX_2420,-0.017209,52.819238,1.5
RX_2421,-0.017221,52.819255,1.5
RX_2422,-0.01724,52.819287,1.5
RX_2423,-0.017259,52.81932,1.5
RX_2424,-0.017272,52.819342,1.5
RX_2425,-0.017294,52.819373,1.5
RX_2426,-0.017317,52.819406,1.5
RX_2427,-0.017332,52.819427,1.5
RX_2428,-0.017349,52.819461,1.5
RX_2429,-0.017367,52.819496,1.5
RX_2430,-0.017378,52.819517,1.5
RX_2431,-0.017395,52.819557,1.5
RX_2432,-0.017412,52.819598,1.5
RX_2433,-0.017422,52.81962,1.5
RX_2434,-0.017436,52.819652,1.5
RX_2435,-0.01745,52.819683,1.5
RX_2436,-0.01746,52.819701,1.5
RX_2437,-0.017477,52.819728,1.5
RX_2438,-0.017493,52.819755,1.5
RX_2439,-0.017509,52.819775,1.5
RX_2440,-0.017536,52.81981,1.5
RX_2441,-0.017557,52.819837,1.5
RX_2442,-0.017577,52.819855,1.5
RX_2443,-0.017604,52.81988,1.5
RX_2444,-0.01763,52.819904,1.5
RX_2445,-0.017643,52.819917,1.5
RX_2446,-0.017667,52.819942,1.5
RX_2447,-0.01769,52.819967,1.5
RX_2448,-0.017712,52.819991,1.5
RX_2449,-0.017726,52.820003,1.5
RX_2450,-0.017755,52.820028,1.5
RX_2451,-0.017784,52.820054,1.5
RX_2452,-0.017802,52.82007,1.5
RX_2453,-0.017833,52.820093,1.5
RX_2454,-0.01787,52.82012,1.5
RX_2455,-0.017907,52.820147,1.5
RX_2456,-0.017924,52.82016,1.5
RX_2457,-0.017959,52.820187,1.5
RX_2458,-0.017994,52.820214,1.5
RX_2459,-0.018028,52.820241,1.5
RX_2460,-0.018044,52.820253,1.5
RX_2461,-0.018079,52.82028,1.5
RX_2462,-0.018113,52.820307,1.5
RX_2463,-0.018145,52.820332,1.5
RX_2464,-0.018164,52.820344,1.5
RX_2465,-0.0182,52.820368,1.5
RX_2466,-0.018236,52.820391,1.5
RX_2467,-0.018267,52.820412,1.5
RX_2468,-0.018288,52.820428,1.5
RX_2469,-0.018323,52.820456,1.5
RX_2470,-0.018359,52.820483,1.5
RX_2471,-0.018385,52.820503,1.5
RX_2472,-0.018412,52.820523,1.5
RX_2473,-0.018448,52.82055,1.5
RX_2474,-0.018485,52.820577,1.5
RX_2475,-0.018505,52.820592,1.5
RX_2476,-0.018541,52.820614,1.5
RX_2477,-0.01858,52.820639,1.5
RX_2478,-0.018619,52.820664,1.5
RX_2479,-0.018638,52.820676,1.5
RX_2480,-0.018678,52.820701,1.5
RX_2481,-0.018717,52.820726,1.5
RX_2482,-0.018756,52.820751,1.5
RX_2483,-0.018775,52.820762,1.5
RX_2484,-0.018818,52.820784,1.5
RX_2485,-0.01886,52.820807,1.5
RX_2486,-0.018897,52.820827,1.5
RX_2487,-0.018922,52.820841,1.5
RX_2488,-0.018963,52.820864,1.5
RX_2489,-0.019005,52.820887,1.5
RX_2490,-0.019028,52.8209,1.5
RX_2491,-0.019067,52.820923,1.5
RX_2492,-0.019108,52.820947,1.5
RX_2493,-0.01915,52.820972,1.5
RX_2494,-0.01917,52.820984,1.5
RX_2495,-0.01921,52.821008,1.5
RX_2496,-0.019252,52.821033,1.5
RX_2497,-0.019278,52.821048,1.5
RX_2498,-0.019321,52.82107,1.5
RX_2499,-0.019369,52.821093,1.5
RX_2500,-0.0194,52.821108,1.5
RX_2501,-0.019441,52.821134,1.5
RX_2502,-0.019486,52.821161,1.5
RX_2503,-0.019513,52.821177,1.5
RX_2504,-0.019559,52.8212,1.5
RX_2505,-0.019605,52.821223,1.5
RX_2506,-0.01963,52.821236,1.5
RX_2507,-0.019668,52.821257,1.5
RX_2508,-0.019705,52.821277,1.5
RX_2509,-0.019726,52.82129,1.5
RX_2510,-0.019761,52.821312,1.5
RX_2511,-0.019795,52.821334,1.5
RX_2512,-0.019815,52.821347,1.5
RX_2513,-0.01985,52.821371,1.5
RX_2514,-0.019885,52.821394,1.5
RX_2515,-0.019906,52.821408,1.5
RX_2516,-0.019942,52.821431,1.5
RX_2517,-0.019978,52.821455,1.5
RX_2518,-0.019999,52.82147,1.5
RX_2519,-0.020036,52.821498,1.5
RX_2520,-0.020072,52.821527,1.5
RX_2521,-0.020092,52.821542,1.5
RX_2522,-0.020127,52.821568,1.5
RX_2523,-0.020162,52.821595,1.5
RX_2524,-0.020181,52.821611,1.5
RX_2525,-0.020213,52.82164,1.5
RX_2526,-0.020245,52.82167,1.5
RX_2527,-0.020263,52.821688,1.5
RX_2528,-0.020293,52.821718,1.5
RX_2529,-0.020318,52.821743,1.5
RX_2530,-0.020337,52.821765,1.5
RX_2531,-0.02036,52.821793,1.5
RX_2532,-0.020377,52.821813,1.5
RX_2533,-0.020393,52.821839,1.5
RX_2534,-0.020414,52.821869,1.5
RX_2535,-0.020427,52.821888,1.5
RX_2536,-0.020441,52.82192,1.5
RX_2537,-0.020456,52.821954,1.5
RX_2538,-0.020465,52.821974,1.5
RX_2539,-0.020476,52.822005,1.5
RX_2540,-0.020486,52.822035,1.5
RX_2541,-0.020493,52.822057,1.5
RX_2542,-0.020499,52.82209,1.5
RX_2543,-0.020504,52.822129,1.5
RX_2544,-0.020507,52.82215,1.5
RX_2545,-0.020507,52.822183,1.5
RX_2546,-0.020508,52.822216,1.5
RX_2547,-0.020507,52.822235,1.5
RX_2548,-0.020502,52.822266,1.5
RX_2549,-0.020497,52.822297,1.5
RX_2550,-0.020494,52.822314,1.5
RX_2551,-0.020485,52.822348,1.5
RX_2552,-0.020477,52.822383,1.5
RX_2553,-0.020472,52.822402,1.5
RX_2554,-0.02046,52.822435,1.5
RX_2555,-0.020449,52.822467,1.5
RX_2556,-0.020442,52.822488,1.5
RX_2557,-0.020431,52.822518,1.5
RX_2558,-0.020419,52.82255,1.5
RX_2559,-0.02041,52.822573,1.5
RX_2560,-0.020401,52.822602,1.5
RX_2561,-0.020391,52.822636,1.5
RX_2562,-0.020383,52.822663,1.5
RX_2563,-0.020375,52.822687,1.5
RX_2564,-0.020364,52.822719,1.5
RX_2565,-0.020353,52.822748,1.5
RX_2566,-0.020345,52.82277,1.5
RX_2567,-0.020333,52.822804,1.5
RX_2568,-0.020322,52.822835,1.5
RX_2569,-0.020315,52.822857,1.5
RX_2570,-0.020304,52.822891,1.5
RX_2571,-0.020295,52.822922,1.5
RX_2572,-0.020287,52.822944,1.5
RX_2573,-0.020274,52.822979,1.5
RX_2574,-0.020263,52.823008,1.5
RX_2575,-0.020256,52.823031,1.5
RX_2576,-0.020247,52.823063,1.5
RX_2577,-0.02024,52.823087,1.5
RX_2578,-0.020228,52.823117,1.5
RX_2579,-0.020215,52.823152,1.5
RX_2580,-0.020206,52.823173,1.5
RX_2581,-0.020192,52.823204,1.5
RX_2582,-0.020178,52.823234,1.5
RX_2583,-0.020168,52.823255,1.5
RX_2584,-0.020151,52.823289,1.5
RX_2585,-0.020138,52.823317,1.5
RX_2586,-0.020125,52.823346,1.5
RX_2587,-0.020109,52.823381,1.5
RX_2588,-0.020099,52.823404,1.5
RX_2589,-0.020083,52.82344,1.5
RX_2590,-0.020072,52.823468,1.5
RX_2591,-0.020059,52.823503,1.5
RX_2592,-0.020047,52.823538,1.5
RX_2593,-0.020029,52.823577,1.5
RX_2594,-0.020015,52.823612,1.5
RX_2595,-0.020003,52.823647,1.5
RX_2596,-0.019997,52.823688,1.5
RX_2597,-0.020007,52.82373,1.5
RX_2598,-0.020034,52.823766,1.5
RX_2599,-0.020056,52.82378,1.5
RX_2600,-0.020084,52.823786,1.5
RX_2601,-0.020116,52.82379,1.5
RX_2602,-0.020171,52.823794,1.5
RX_2603,-0.020213,52.823796,1.5
RX_2604,-0.020255,52.823798,1.5
RX_2605,-0.0203,52.823796,1.5
RX_2606,-0.020337,52.823793,1.5
RX_2607,-0.020381,52.82379,1.5
RX_2608,-0.020425,52.823787,1.5
RX_2609,-0.020459,52.823785,1.5
RX_2610,-0.020503,52.823783,1.5
RX_2611,-0.020532,52.823782,1.5
RX_2612,-0.020591,52.823783,1.5
RX_2613,-0.020645,52.823783,1.5
RX_2614,-0.020685,52.823784,1.5
RX_2615,-0.020743,52.823785,1.5
RX_2616,-0.020779,52.823785,1.5
RX_2617,-0.020837,52.823785,1.5
RX_2618,-0.020893,52.823785,1.5
RX_2619,-0.020927,52.823783,1.5
RX_2620,-0.020981,52.823781,1.5
RX_2621,-0.021022,52.823778,1.5
RX_2622,-0.021068,52.823774,1.5
RX_2623,-0.021121,52.823768,1.5
RX_2624,-0.021153,52.823765,1.5
RX_2625,-0.021205,52.823756,1.5
RX_2626,-0.021257,52.823747,1.5
RX_2627,-0.021287,52.823742,1.5
RX_2628,-0.021336,52.823732,1.5
RX_2629,-0.021385,52.823722,1.5
RX_2630,-0.021414,52.823715,1.5
RX_2631,-0.021465,52.823702,1.5
RX_2632,-0.021516,52.823689,1.5
RX_2633,-0.021545,52.82368,1.5
RX_2634,-0.021595,52.823663,1.5
RX_2635,-0.021645,52.823646,1.5
RX_2636,-0.021673,52.823636,1.5
RX_2637,-0.021719,52.823617,1.5
RX_2638,-0.021766,52.823599,1.5
RX_2639,-0.021792,52.823586,1.5
RX_2640,-0.021836,52.823563,1.5
RX_2641,-0.02188,52.823539,1.5
RX_2642,-0.021905,52.823524,1.5
RX_2643,-0.021946,52.823498,1.5
RX_2644,-0.021983,52.823475,1.5
RX_2645,-0.02201,52.823457,1.5
RX_2646,-0.022048,52.823431,1.5
RX_2647,-0.022075,52.823413,1.5
RX_2648,-0.02211,52.823389,1.5
RX_2649,-0.022149,52.823363,1.5
RX_2650,-0.022174,52.823347,1.5
RX_2651,-0.022215,52.823322,1.5
RX_2652,-0.022256,52.823297,1.5
RX_2653,-0.022283,52.823285,1.5
RX_2654,-0.022328,52.823266,1.5
RX_2655,-0.022367,52.82325,1.5
RX_2656,-0.022403,52.823239,1.5
RX_2657,-0.022451,52.823224,1.5
RX_2658,-0.02248,52.823215,1.5
RX_2659,-0.022533,52.823205,1.5
RX_2660,-0.022584,52.823196,1.5
RX_2661,-0.022614,52.823191,1.5
RX_2662,-0.022665,52.823187,1.5
RX_2663,-0.022716,52.823183,1.5
RX_2664,-0.022745,52.823181,1.5
RX_2665,-0.0228,52.823178,1.5
RX_2666,-0.022854,52.823175,1.5
RX_2667,-0.022885,52.823173,1.5
RX_2668,-0.022937,52.823172,1.5
RX_2669,-0.022989,52.823171,1.5
RX_2670,-0.023019,52.82317,1.5
RX_2671,-0.023078,52.823168,1.5
RX_2672,-0.023137,52.823166,1.5
RX_2673,-0.02317,52.823165,1.5
RX_2674,-0.023224,52.823162,1.5
RX_2675,-0.023279,52.82316,1.5
RX_2676,-0.023313,52.823158,1.5
RX_2677,-0.023362,52.823152,1.5
RX_2678,-0.023415,52.823144,1.5
RX_2679,-0.023457,52.823138,1.5
RX_2680,-0.023497,52.82313,1.5
RX_2681,-0.02355,52.82312,1.5
RX_2682,-0.023602,52.82311,1.5
RX_2683,-0.023632,52.823102,1.5
RX_2684,-0.023682,52.823088,1.5
RX_2685,-0.023733,52.823074,1.5
RX_2686,-0.023762,52.823066,1.5
RX_2687,-0.023815,52.823051,1.5
RX_2688,-0.023868,52.823037,1.5
RX_2689,-0.023897,52.823028,1.5
RX_2690,-0.023949,52.823013,1.5
RX_2691,-0.024002,52.822997,1.5
RX_2692,-0.024031,52.822989,1.5
RX_2693,-0.024081,52.822973,1.5
RX_2694,-0.024131,52.822958,1.5
RX_2695,-0.02416,52.822949,1.5
RX_2696,-0.024212,52.822935,1.5
RX_2697,-0.024264,52.822921,1.5
RX_2698,-0.024292,52.822915,1.5
RX_2699,-0.024341,52.822905,1.5
RX_2700,-0.024389,52.822895,1.5
RX_2701,-0.024418,52.82289,1.5
RX_2702,-0.024471,52.82288,1.5
RX_2703,-0.024525,52.82287,1.5
RX_2704,-0.024554,52.822864,1.5
RX_2705,-0.024607,52.822855,1.5
RX_2706,-0.02466,52.822846,1.5
RX_2707,-0.02469,52.822841,1.5
RX_2708,-0.024744,52.822832,1.5
RX_2709,-0.024798,52.822823,1.5
RX_2710,-0.024828,52.822817,1.5
RX_2711,-0.024881,52.822806,1.5
RX_2712,-0.024934,52.822795,1.5
RX_2713,-0.024965,52.822788,1.5
RX_2714,-0.025012,52.822777,1.5
RX_2715,-0.025061,52.822766,1.5
RX_2716,-0.025102,52.822757,1.5
RX_2717,-0.025137,52.822748,1.5
RX_2718,-0.025186,52.822736,1.5
RX_2719,-0.025235,52.822724,1.5
RX_2720,-0.025263,52.822717,1.5
RX_2721,-0.025316,52.822704,1.5
RX_2722,-0.025369,52.82269,1.5
RX_2723,-0.025397,52.822683,1.5
RX_2724,-0.025447,52.82267,1.5
RX_2725,-0.025497,52.822658,1.5
RX_2726,-0.025527,52.82265,1.5
RX_2727,-0.025573,52.822636,1.5
RX_2728,-0.025621,52.822622,1.5
RX_2729,-0.025665,52.822608,1.5
RX_2730,-0.025696,52.822598,1.5
RX_2731,-0.025745,52.822582,1.5
RX_2732,-0.025793,52.822567,1.5
RX_2733,-0.025818,52.822557,1.5
RX_2734,-0.025866,52.822539,1.5
RX_2735,-0.025914,52.82252,1.5
RX_2736,-0.02594,52.82251,1.5
RX_2737,-0.02598,52.82249,1.5
RX_2738,-0.026021,52.82247,1.5
RX_2739,-0.02606,52.82245,1.5
RX_2740,-0.026083,52.822437,1.5
RX_2741,-0.026124,52.822414,1.5
RX_2742,-0.026165,52.82239,1.5
RX_2743,-0.026186,52.822378,1.5
RX_2744,-0.026228,52.822355,1.5
RX_2745,-0.026271,52.822331,1.5
RX_2746,-0.026297,52.822317,1.5
RX_2747,-0.026334,52.822295,1.5
RX_2748,-0.026376,52.82227,1.5
RX_2749,-0.026413,52.822248,1.5
RX_2750,-0.026441,52.822234,1.5
RX_2751,-0.026483,52.82221,1.5
RX_2752,-0.026526,52.822187,1.5
RX_2753,-0.026548,52.822175,1.5
RX_2754,-0.026588,52.822153,1.5
RX_2755,-0.026628,52.82213,1.5
RX_2756,-0.02665,52.822119,1.5
RX_2757,-0.026694,52.822098,1.5
RX_2758,-0.026738,52.822077,1.5
RX_2759,-0.026763,52.822065,1.5
RX_2760,-0.026807,52.822047,1.5
RX_2761,-0.026853,52.822028,1.5
RX_2762,-0.026888,52.822013,1.5
RX_2763,-0.026924,52.822,1.5
RX_2764,-0.026971,52.821983,1.5
RX_2765,-0.027018,52.821966,1.5
RX_2766,-0.027044,52.821957,1.5
RX_2767,-0.027093,52.821941,1.5
RX_2768,-0.027142,52.821924,1.5
RX_2769,-0.027169,52.821915,1.5
RX_2770,-0.027219,52.821899,1.5
RX_2771,-0.027269,52.821883,1.5
RX_2772,-0.027296,52.821874,1.5
RX_2773,-0.027347,52.821857,1.5
RX_2774,-0.027397,52.821839,1.5
RX_2775,-0.027427,52.82183,1.5
RX_2776,-0.027477,52.821813,1.5
RX_2777,-0.027529,52.821797,1.5
RX_2778,-0.02756,52.821787,1.5
RX_2779,-0.027612,52.82177,1.5
RX_2780,-0.027665,52.821754,1.5
RX_2781,-0.027697,52.821744,1.5
RX_2782,-0.027752,52.821731,1.5
RX_2783,-0.027808,52.821718,1.5
RX_2784,-0.027845,52.821711,1.5
RX_2785,-0.027905,52.821702,1.5
RX_2786,-0.027949,52.821695,1.5
RX_2787,-0.028007,52.82169,1.5
RX_2788,-0.028053,52.821687,1.5
RX_2789,-0.028115,52.821684,1.5
RX_2790,-0.028163,52.821682,1.5
RX_2791,-0.028224,52.821673,1.5
RX_2792,-0.028281,52.82166,1.5
RX_2793,-0.028395,52.821605,1.5
RX_2794,-0.028406,52.821589,1.5
RX_2795,-0.028413,52.821582,1.5
RX_2796,-0.028429,52.821567,1.5
RX_2797,-0.028448,52.821552,1.5
RX_2798,-0.028473,52.821532,1.5
RX_2799,-0.028498,52.821511,1.5
RX_2800,-0.028522,52.821492,1.5
RX_2801,-0.028549,52.821467,1.5
RX_2802,-0.028568,52.821448,1.5
RX_2803,-0.028591,52.821426,1.5
RX_2804,-0.028613,52.821404,1.5
RX_2805,-0.028628,52.821389,1.5
RX_2806,-0.028653,52.821367,1.5
RX_2807,-0.028672,52.82135,1.5
RX_2808,-0.028689,52.821335,1.5
RX_2809,-0.028712,52.821316,1.5
RX_2810,-0.028734,52.821297,1.5
RX_2811,-0.028746,52.821286,1.5
RX_2812,-0.028776,52.821261,1.5
RX_2813,-0.028806,52.821235,1.5
RX_2814,-0.028823,52.82122,1.5
RX_2815,-0.028849,52.821194,1.5
RX_2816,-0.028877,52.821167,1.5
RX_2817,-0.028904,52.821139,1.5
RX_2818,-0.028918,52.821126,1.5
RX_2819,-0.028948,52.821098,1.5
RX_2820,-0.028976,52.821071,1.5
RX_2821,-0.029002,52.821047,1.5
RX_2822,-0.029018,52.821032,1.5
RX_2823,-0.029047,52.821005,1.5
RX_2824,-0.029075,52.820978,1.5
RX_2825,-0.0291,52.820955,1.5
RX_2826,-0.029116,52.820939,1.5
RX_2827,-0.029144,52.820911,1.5
RX_2828,-0.029171,52.820884,1.5
RX_2829,-0.029197,52.820858,1.5
RX_2830,-0.029211,52.820844,1.5
RX_2831,-0.029239,52.820815,1.5
RX_2832,-0.029268,52.820786,1.5
RX_2833,-0.029293,52.82076,1.5
RX_2834,-0.029309,52.820744,1.5
RX_2835,-0.029337,52.820714,1.5
RX_2836,-0.029366,52.820685,1.5
RX_2837,-0.02939,52.82066,1.5
RX_2838,-0.029407,52.820643,1.5
RX_2839,-0.029435,52.820614,1.5
RX_2840,-0.029464,52.820585,1.5
RX_2841,-0.029488,52.82056,1.5
RX_2842,-0.029505,52.820545,1.5
RX_2843,-0.029534,52.820517,1.5
RX_2844,-0.029563,52.82049,1.5
RX_2845,-0.02959,52.820465,1.5
RX_2846,-0.029603,52.820451,1.5
RX_2847,-0.02963,52.820422,1.5
RX_2848,-0.029657,52.820394,1.5
RX_2849,-0.029683,52.820366,1.5
RX_2850,-0.029695,52.820354,1.5
RX_2851,-0.029724,52.820324,1.5
RX_2852,-0.029754,52.820293,1.5
RX_2853,-0.029784,52.820263,1.5
RX_2854,-0.029796,52.82025,1.5
RX_2855,-0.029824,52.820222,1.5
RX_2856,-0.029853,52.820194,1.5
RX_2857,-0.029881,52.820166,1.5
RX_2858,-0.029893,52.820153,1.5
RX_2859,-0.029925,52.820123,1.5
RX_2860,-0.029957,52.820092,1.5
RX_2861,-0.029988,52.820061,1.5
RX_2862,-0.030001,52.820049,1.5
RX_2863,-0.030032,52.82002,1.5
RX_2864,-0.030062,52.819991,1.5
RX_2865,-0.030092,52.819962,1.5
RX_2866,-0.030105,52.81995,1.5
RX_2867,-0.030134,52.819921,1.5
RX_2868,-0.030162,52.819893,1.5
RX_2869,-0.030191,52.819864,1.5
RX_2870,-0.030203,52.819852,1.5
RX_2871,-0.030233,52.819822,1.5
RX_2872,-0.030264,52.819792,1.5
RX_2873,-0.030295,52.819762,1.5
RX_2874,-0.030307,52.81975,1.5
RX_2875,-0.030329,52.819727,1.5
RX_2876,-0.030352,52.819704,1.5
RX_2877,-0.030375,52.81968,1.5
RX_2878,-0.030398,52.819657,1.5
RX_2879,-0.03041,52.819645,1.5
RX_2880,-0.030444,52.819609,1.5
RX_2881,-0.030478,52.819574,1.5
RX_2882,-0.0305,52.819552,1.5
RX_2883,-0.030523,52.819526,1.5
RX_2884,-0.030552,52.819494,1.5
RX_2885,-0.030581,52.819462,1.5
RX_2886,-0.030593,52.819448,1.5
RX_2887,-0.030613,52.819417,1.5
RX_2888,-0.030634,52.819387,1.5
RX_2889,-0.030655,52.819356,1.5
RX_2890,-0.030664,52.819343,1.5
RX_2891,-0.030684,52.819311,1.5
RX_2892,-0.030705,52.819279,1.5
RX_2893,-0.030725,52.819247,1.5
RX_2894,-0.030734,52.819234,1.5
RX_2895,-0.030752,52.819203,1.5
RX_2896,-0.030771,52.819171,1.5
RX_2897,-0.030789,52.819139,1.5
RX_2898,-0.030797,52.819125,1.5
RX_2899,-0.030814,52.819093,1.5
RX_2900,-0.03083,52.819061,1.5
RX_2901,-0.030846,52.819029,1.5
RX_2902,-0.030853,52.819013,1.5
RX_2903,-0.030865,52.818977,1.5
RX_2904,-0.030877,52.818941,1.5
RX_2905,-0.030888,52.818907,1.5
RX_2906,-0.030895,52.818887,1.5
RX_2907,-0.030906,52.818852,1.5
RX_2908,-0.030917,52.818815,1.5
RX_2909,-0.030924,52.818794,1.5
RX_2910,-0.030938,52.818754,1.5
RX_2911,-0.030953,52.818712,1.5
RX_2912,-0.030961,52.818688,1.5
RX_2913,-0.030973,52.818649,1.5
RX_2914,-0.030983,52.818618,1.5
RX_2915,-0.030996,52.818578,1.5
RX_2916,-0.031007,52.818542,1.5
RX_2917,-0.031021,52.818492,1.5
RX_2918,-0.031038,52.818438,1.5
RX_2919,-0.031054,52.818394,1.5
RX_2920,-0.031095,52.818395,1.5
RX_2921,-0.031042,52.818423,1.5
RX_2922,-0.031045,52.818428,1.5
RX_2923,-0.031035,52.818426,1.5
RX_2924,-0.031036,52.818437,1.5
RX_2925,-0.03103,52.818459,1.5
RX_2926,-0.031019,52.818482,1.5
RX_2927,-0.031011,52.818499,1.5
RX_2928,-0.031,52.818521,1.5
RX_2929,-0.03099,52.818542,1.5
RX_2930,-0.030977,52.818571,1.5
RX_2931,-0.030964,52.818592,1.5
RX_2932,-0.030947,52.81862,1.5
RX_2933,-0.030936,52.818641,1.5
RX_2934,-0.030921,52.818669,1.5
RX_2935,-0.030913,52.818688,1.5
RX_2936,-0.0309,52.818717,1.5
RX_2937,-0.030889,52.818745,1.5
RX_2938,-0.030881,52.818763,1.5
RX_2939,-0.030868,52.818792,1.5
RX_2940,-0.030857,52.818818,1.5
RX_2941,-0.030849,52.818838,1.5
RX_2942,-0.030837,52.818869,1.5
RX_2943,-0.030825,52.8189,1.5
RX_2944,-0.030817,52.81892,1.5
RX_2945,-0.030804,52.818952,1.5
RX_2946,-0.030792,52.818983,1.5
RX_2947,-0.030785,52.819,1.5
RX_2948,-0.030772,52.81903,1.5
RX_2949,-0.03076,52.81906,1.5
RX_2950,-0.030753,52.819077,1.5
RX_2951,-0.030738,52.819109,1.5
RX_2952,-0.030723,52.819141,1.5
RX_2953,-0.030715,52.819158,1.5
RX_2954,-0.030699,52.819189,1.5
RX_2955,-0.030684,52.81922,1.5
RX_2956,-0.030668,52.81925,1.5
RX_2957,-0.030658,52.819267,1.5
RX_2958,-0.030638,52.819299,1.5
RX_2959,-0.030618,52.819332,1.5
RX_2960,-0.030608,52.819348,1.5
RX_2961,-0.030585,52.819379,1.5
RX_2962,-0.030563,52.81941,1.5
RX_2963,-0.030542,52.819438,1.5
RX_2964,-0.03053,52.819454,1.5
RX_2965,-0.030507,52.819482,1.5
RX_2966,-0.030485,52.81951,1.5
RX_2967,-0.03047,52.819528,1.5
RX_2968,-0.03045,52.819551,1.5
RX_2969,-0.030424,52.81958,1.5
RX_2970,-0.030399,52.819609,1.5
RX_2971,-0.030387,52.819623,1.5
RX_2972,-0.030362,52.819649,1.5
RX_2973,-0.030336,52.819675,1.5
RX_2974,-0.030311,52.819701,1.5
RX_2975,-0.030299,52.819713,1.5
RX_2976,-0.030271,52.819743,1.5
RX_2977,-0.030242,52.819774,1.5
RX_2978,-0.030213,52.819805,1.5
RX_2979,-0.030201,52.819819,1.5
RX_2980,-0.030174,52.819848,1.5
RX_2981,-0.030147,52.819878,1.5
RX_2982,-0.03012,52.819908,1.5
RX_2983,-0.030106,52.819921,1.5
RX_2984,-0.030074,52.81995,1.5
RX_2985,-0.030042,52.819979,1.5
RX_2986,-0.030011,52.820008,1.5
RX_2987,-0.029997,52.820021,1.5
RX_2988,-0.029967,52.820051,1.5
RX_2989,-0.029937,52.820081,1.5
RX_2990,-0.029915,52.820102,1.5
RX_2991,-0.029893,52.820123,1.5
RX_2992,-0.029864,52.820152,1.5
RX_2993,-0.029835,52.820182,1.5
RX_2994,-0.029821,52.820195,1.5
RX_2995,-0.029794,52.820222,1.5
RX_2996,-0.029766,52.820249,1.5
RX_2997,-0.029739,52.820276,1.5
RX_2998,-0.029726,52.820289,1.5
RX_2999,-0.029698,52.820316,1.5
RX_3000,-0.02967,52.820342,1.5
RX_3001,-0.029643,52.820369,1.5
RX_3002,-0.029629,52.820382,1.5
RX_3003,-0.029598,52.820413,1.5
RX_3004,-0.029567,52.820443,1.5
RX_3005,-0.029537,52.820472,1.5
RX_3006,-0.029522,52.820487,1.5
RX_3007,-0.029492,52.820517,1.5
RX_3008,-0.029462,52.820546,1.5
RX_3009,-0.029442,52.820567,1.5
RX_3010,-0.02942,52.820587,1.5
RX_3011,-0.02939,52.820614,1.5
RX_3012,-0.029361,52.820641,1.5
RX_3013,-0.02934,52.82066,1.5
RX_3014,-0.029322,52.820678,1.5
RX_3015,-0.029296,52.820706,1.5
RX_3016,-0.02927,52.820733,1.5
RX_3017,-0.029245,52.820758,1.5
RX_3018,-0.029232,52.820771,1.5
RX_3019,-0.029203,52.820799,1.5
RX_3020,-0.029175,52.820826,1.5
RX_3021,-0.029146,52.820854,1.5
RX_3022,-0.029134,52.820865,1.5
RX_3023,-0.029106,52.820892,1.5
RX_3024,-0.029077,52.820918,1.5
RX_3025,-0.029048,52.820945,1.5
RX_3026,-0.029036,52.820958,1.5
RX_3027,-0.029006,52.820989,1.5
RX_3028,-0.028975,52.821021,1.5
RX_3029,-0.028945,52.821053,1.5
RX_3030,-0.028932,52.821067,1.5
RX_3031,-0.028902,52.821097,1.5
RX_3032,-0.028871,52.821128,1.5
RX_3033,-0.02884,52.82116,1.5
RX_3034,-0.028825,52.821174,1.5
RX_3035,-0.028793,52.821205,1.5
RX_3036,-0.028759,52.821237,1.5
RX_3037,-0.028738,52.821257,1.5
RX_3038,-0.028711,52.821286,1.5
RX_3039,-0.028679,52.821319,1.5
RX_3040,-0.02865,52.82135,1.5
RX_3041,-0.028628,52.821371,1.5
RX_3042,-0.028595,52.821403,1.5
RX_3043,-0.028563,52.821433,1.5
RX_3044,-0.028539,52.821455,1.5
RX_3045,-0.028503,52.821486,1.5
RX_3046,-0.028479,52.821508,1.5
RX_3047,-0.028442,52.821544,1.5
RX_3048,-0.02841,52.821575,1.5
RX_3049,-0.028366,52.821612,1.5
RX_3050,-0.02833,52.821647,1.5
RX_3051,-0.028299,52.821687,1.5
RX_3052,-0.028285,52.82172,1.5
RX_3053,-0.028282,52.821744,1.5
RX_3054,-0.028293,52.821763,1.5
RX_3055,-0.028305,52.821779,1.5
RX_3056,-0.028329,52.821798,1.5
RX_3057,-0.028346,52.82181,1.5
RX_3058,-0.028382,52.821828,1.5
RX_3059,-0.028408,52.821842,1.5
RX_3060,-0.028451,52.821853,1.5
RX_3061,-0.028497,52.821865,1.5
RX_3062,-0.028527,52.821872,1.5
RX_3063,-0.028575,52.821883,1.5
RX_3064,-0.028621,52.821893,1.5
RX_3065,-0.028653,52.821897,1.5
RX_3066,-0.028708,52.821905,1.5
RX_3067,-0.02876,52.821912,1.5
RX_3068,-0.028795,52.821916,1.5
RX_3069,-0.028849,52.821922,1.5
RX_3070,-0.028898,52.821928,1.5
RX_3071,-0.028935,52.821932,1.5
RX_3072,-0.02899,52.821937,1.5
RX_3073,-0.02904,52.821942,1.5
RX_3074,-0.029074,52.821944,1.5
RX_3075,-0.029127,52.821947,1.5
RX_3076,-0.02918,52.82195,1.5
RX_3077,-0.029212,52.821948,1.5
RX_3078,-0.029269,52.821944,1.5
RX_3079,-0.029325,52.82194,1.5
RX_3080,-0.029356,52.821935,1.5
RX_3081,-0.029409,52.821926,1.5
RX_3082,-0.029462,52.821917,1.5
RX_3083,-0.029491,52.82191,1.5
RX_3084,-0.029542,52.821897,1.5
RX_3085,-0.029592,52.821885,1.5
RX_3086,-0.029619,52.821877,1.5
RX_3087,-0.02967,52.821862,1.5
RX_3088,-0.02972,52.821848,1.5
RX_3089,-0.029752,52.821838,1.5
RX_3090,-0.029793,52.821824,1.5
RX_3091,-0.029838,52.821809,1.5
RX_3092,-0.029883,52.821794,1.5
RX_3093,-0.029909,52.821785,1.5
RX_3094,-0.029962,52.821767,1.5
RX_3095,-0.030014,52.82175,1.5
RX_3096,-0.03004,52.821741,1.5
RX_3097,-0.030089,52.821725,1.5
RX_3098,-0.030138,52.82171,1.5
RX_3099,-0.030173,52.821698,1.5
RX_3100,-0.030214,52.821685,1.5
RX_3101,-0.030265,52.821668,1.5
RX_3102,-0.030316,52.821651,1.5
RX_3103,-0.030342,52.821643,1.5
RX_3104,-0.030393,52.821628,1.5
RX_3105,-0.030443,52.821612,1.5
RX_3106,-0.030473,52.821603,1.5
RX_3107,-0.030521,52.82159,1.5
RX_3108,-0.030571,52.821575,1.5
RX_3109,-0.030622,52.82156,1.5
RX_3110,-0.030649,52.821553,1.5
RX_3111,-0.030701,52.82154,1.5
RX_3112,-0.030752,52.821527,1.5
RX_3113,-0.03078,52.821521,1.5
RX_3114,-0.030832,52.821512,1.5
RX_3115,-0.030885,52.821503,1.5
RX_3116,-0.030922,52.821497,1.5
RX_3117,-0.030971,52.82149,1.5
RX_3118,-0.031029,52.821483,1.5
RX_3119,-0.031077,52.821477,1.5
RX_3120,-0.031117,52.821475,1.5
RX_3121,-0.031172,52.821474,1.5
RX_3122,-0.031228,52.821472,1.5
RX_3123,-0.031257,52.821472,1.5
RX_3124,-0.03131,52.821473,1.5
RX_3125,-0.031363,52.821475,1.5
RX_3126,-0.031393,52.821476,1.5
RX_3127,-0.031452,52.821481,1.5
RX_3128,-0.031512,52.821486,1.5
RX_3129,-0.031543,52.821489,1.5
RX_3130,-0.0316,52.821498,1.5
RX_3131,-0.031657,52.821507,1.5
RX_3132,-0.03169,52.821512,1.5
RX_3133,-0.031739,52.82152,1.5
RX_3134,-0.031788,52.821529,1.5
RX_3135,-0.031823,52.821535,1.5
RX_3136,-0.031867,52.821547,1.5
RX_3137,-0.031918,52.821561,1.5
RX_3138,-0.031955,52.821572,1.5
RX_3139,-0.031995,52.821585,1.5
RX_3140,-0.032043,52.8216,1.5
RX_3141,-0.032085,52.821613,1.5
RX_3142,-0.032116,52.821624,1.5
RX_3143,-0.032162,52.821639,1.5
RX_3144,-0.032207,52.821654,1.5
RX_3145,-0.032233,52.821664,1.5
RX_3146,-0.03228,52.821682,1.5
RX_3147,-0.032327,52.8217,1.5
RX_3148,-0.032352,52.821709,1.5
RX_3149,-0.032396,52.821728,1.5
RX_3150,-0.03244,52.821746,1.5
RX_3151,-0.032465,52.821757,1.5
RX_3152,-0.032507,52.821778,1.5
RX_3153,-0.03255,52.821801,1.5
RX_3154,-0.032587,52.82182,1.5
RX_3155,-0.032614,52.821837,1.5
RX_3156,-0.032654,52.821862,1.5
RX_3157,-0.032695,52.821887,1.5
RX_3158,-0.032714,52.8219,1.5
RX_3159,-0.032749,52.821924,1.5
RX_3160,-0.032784,52.821947,1.5
RX_3161,-0.032802,52.82196,1.5
RX_3162,-0.032843,52.821982,1.5
RX_3163,-0.032883,52.822005,1.5
RX_3164,-0.032915,52.822023,1.5
RX_3165,-0.032945,52.822041,1.5
RX_3166,-0.032986,52.822064,1.5
RX_3167,-0.033027,52.822087,1.5
RX_3168,-0.033047,52.822098,1.5
RX_3169,-0.033086,52.822118,1.5
RX_3170,-0.033124,52.822138,1.5
RX_3171,-0.033145,52.822148,1.5
RX_3172,-0.033189,52.822171,1.5
RX_3173,-0.033233,52.822193,1.5
RX_3174,-0.033265,52.82221,1.5
RX_3175,-0.033303,52.822226,1.5
RX_3176,-0.033351,52.822245,1.5
RX_3177,-0.033395,52.822263,1.5
RX_3178,-0.033424,52.822275,1.5
RX_3179,-0.033472,52.822293,1.5
RX_3180,-0.033521,52.822312,1.5
RX_3181,-0.033548,52.822321,1.5
RX_3182,-0.0336,52.822337,1.5
RX_3183,-0.033652,52.822354,1.5
RX_3184,-0.03368,52.822362,1.5
RX_3185,-0.03373,52.822377,1.5
RX_3186,-0.03378,52.822391,1.5
RX_3187,-0.033808,52.822399,1.5
RX_3188,-0.03386,52.822412,1.5
RX_3189,-0.033912,52.822425,1.5
RX_3190,-0.033942,52.822432,1.5
RX_3191,-0.033992,52.822442,1.5
RX_3192,-0.034042,52.822451,1.5
RX_3193,-0.03408,52.822458,1.5
RX_3194,-0.03413,52.822464,1.5
RX_3195,-0.034191,52.822471,1.5
RX_3196,-0.034226,52.822475,1.5
RX_3197,-0.034285,52.822478,1.5
RX_3198,-0.034344,52.822482,1.5
RX_3199,-0.034377,52.822483,1.5
RX_3200,-0.034433,52.822483,1.5
RX_3201,-0.034489,52.822483,1.5
RX_3202,-0.034521,52.822483,1.5
RX_3203,-0.034575,52.82248,1.5
RX_3204,-0.034628,52.822476,1.5
RX_3205,-0.034667,52.822473,1.5
RX_3206,-0.034713,52.82247,1.5
RX_3207,-0.034769,52.822465,1.5
RX_3208,-0.034815,52.822462,1.5
RX_3209,-0.034854,52.82246,1.5
RX_3210,-0.034906,52.822458,1.5
RX_3211,-0.034959,52.822455,1.5
RX_3212,-0.03499,52.822455,1.5
RX_3213,-0.035046,52.822455,1.5
RX_3214,-0.035103,52.822455,1.5
RX_3215,-0.035133,52.822455,1.5
RX_3216,-0.035188,52.822456,1.5
RX_3217,-0.035244,52.822456,1.5
RX_3218,-0.035275,52.822457,1.5
RX_3219,-0.035332,52.82246,1.5
RX_3220,-0.035389,52.822462,1.5
RX_3221,-0.035422,52.822464,1.5
RX_3222,-0.035484,52.822468,1.5
RX_3223,-0.035546,52.822472,1.5
RX_3224,-0.035581,52.822475,1.5
RX_3225,-0.035639,52.822481,1.5
RX_3226,-0.035697,52.822488,1.5
RX_3227,-0.03573,52.822494,1.5
RX_3228,-0.035785,52.822505,1.5
RX_3229,-0.035837,52.822515,1.5
RX_3230,-0.035867,52.822523,1.5
RX_3231,-0.035916,52.822535,1.5
RX_3232,-0.035955,52.822545,1.5
RX_3233,-0.035992,52.822555,1.5
RX_3234,-0.036041,52.822568,1.5
RX_3235,-0.036078,52.822578,1.5
RX_3236,-0.036121,52.822592,1.5
RX_3237,-0.036175,52.822608,1.5
RX_3238,-0.03621,52.822619,1.5
RX_3239,-0.036263,52.822636,1.5
RX_3240,-0.036307,52.82265,1.5
RX_3241,-0.036358,52.82267,1.5
RX_3242,-0.036408,52.82269,1.5
RX_3243,-0.036447,52.822706,1.5
RX_3244,-0.03649,52.822723,1.5
RX_3245,-0.036516,52.822741,1.5
RX_3246,-0.036547,52.822762,1.5
RX_3247,-0.036563,52.822779,1.5
RX_3248,-0.036583,52.822804,1.5
RX_3249,-0.036593,52.822821,1.5
RX_3250,-0.036598,52.822848,1.5
RX_3251,-0.036603,52.822875,1.5
RX_3252,-0.036604,52.822892,1.5
RX_3253,-0.036604,52.822921,1.5
RX_3254,-0.036605,52.822942,1.5
RX_3255,-0.0366,52.822971,1.5
RX_3256,-0.036594,52.823004,1.5
RX_3257,-0.036588,52.823026,1.5
RX_3258,-0.036578,52.82306,1.5
RX_3259,-0.036568,52.823092,1.5
RX_3260,-0.036559,52.823115,1.5
RX_3261,-0.036547,52.823149,1.5
RX_3262,-0.036539,52.823171,1.5
RX_3263,-0.036527,52.823204,1.5
RX_3264,-0.036515,52.823238,1.5
RX_3265,-0.036509,52.823259,1.5
RX_3266,-0.0365,52.823291,1.5
RX_3267,-0.036493,52.823313,1.5
RX_3268,-0.036483,52.82335,1.5
RX_3269,-0.036473,52.823385,1.5
RX_3270,-0.036467,52.823409,1.5
RX_3271,-0.036458,52.823444,1.5
RX_3272,-0.036453,52.823467,1.5
RX_3273,-0.036452,52.823502,1.5
RX_3274,-0.036452,52.823537,1.5
RX_3275,-0.036455,52.823556,1.5
RX_3276,-0.036459,52.823586,1.5
RX_3277,-0.036463,52.82361,1.5
RX_3278,-0.036477,52.823636,1.5
RX_3279,-0.036494,52.823669,1.5
RX_3280,-0.036505,52.823688,1.5
RX_3281,-0.036525,52.823719,1.5
RX_3282,-0.036546,52.823749,1.5
RX_3283,-0.036561,52.823767,1.5
RX_3284,-0.036589,52.823796,1.5
RX_3285,-0.036615,52.823823,1.5
RX_3286,-0.036636,52.823842,1.5
RX_3287,-0.036668,52.823871,1.5
RX_3288,-0.036692,52.823892,1.5
RX_3289,-0.036721,52.823913,1.5
RX_3290,-0.036755,52.823938,1.5
RX_3291,-0.036776,52.823952,1.5
RX_3292,-0.036816,52.823976,1.5
RX_3293,-0.036856,52.824,1.5
RX_3294,-0.036879,52.824013,1.5
RX_3295,-0.03692,52.824035,1.5
RX_3296,-0.03696,52.824057,1.5
RX_3297,-0.036984,52.824069,1.5
RX_3298,-0.037027,52.824088,1.5
RX_3299,-0.037071,52.824108,1.5
RX_3300,-0.037096,52.82412,1.5
RX_3301,-0.037144,52.824141,1.5
RX_3302,-0.037192,52.824163,1.5
RX_3303,-0.03722,52.824175,1.5
RX_3304,-0.037271,52.824193,1.5
RX_3305,-0.037322,52.824211,1.5
RX_3306,-0.037351,52.824221,1.5
RX_3307,-0.037399,52.824239,1.5
RX_3308,-0.037447,52.824257,1.5
RX_3309,-0.037479,52.82427,1.5
RX_3310,-0.03753,52.82429,1.5
RX_3311,-0.037564,52.824304,1.5
RX_3312,-0.037615,52.824323,1.5
RX_3313,-0.037668,52.824343,1.5
RX_3314,-0.037706,52.824357,1.5
RX_3315,-0.037764,52.824378,1.5
RX_3316,-0.037802,52.824392,1.5
RX_3317,-0.037853,52.824412,1.5
RX_3318,-0.037884,52.824423,1.5
RX_3319,-0.037925,52.824439,1.5
RX_3320,-0.037955,52.82445,1.5
RX_3321,-0.037998,52.824464,1.5
RX_3322,-0.038046,52.824479,1.5
RX_3323,-0.038078,52.824488,1.5
RX_3324,-0.038127,52.824502,1.5
RX_3325,-0.038159,52.824512,1.5
RX_3326,-0.038209,52.824526,1.5
RX_3327,-0.038248,52.824537,1.5
RX_3328,-0.038294,52.824552,1.5
RX_3329,-0.038347,52.82457,1.5
RX_3330,-0.038384,52.824581,1.5
RX_3331,-0.038439,52.824597,1.5
RX_3332,-0.038478,52.824609,1.5
RX_3333,-0.038533,52.824626,1.5
RX_3334,-0.038566,52.824636,1.5
RX_3335,-0.038608,52.82465,1.5
RX_3336,-0.038638,52.82466,1.5
RX_3337,-0.038684,52.824678,1.5
RX_3338,-0.038716,52.82469,1.5
RX_3339,-0.038761,52.824708,1.5
RX_3340,-0.038795,52.824722,1.5
RX_3341,-0.03884,52.824736,1.5
RX_3342,-0.038887,52.824752,1.5
RX_3343,-0.038922,52.824765,1.5
RX_3344,-0.038972,52.824783,1.5
RX_3345,-0.039003,52.824795,1.5
RX_3346,-0.039048,52.824812,1.5
RX_3347,-0.039078,52.824823,1.5
RX_3348,-0.039122,52.824842,1.5
RX_3349,-0.039158,52.824857,1.5
RX_3350,-0.039199,52.824872,1.5
RX_3351,-0.039246,52.824889,1.5
RX_3352,-0.039275,52.824901,1.5
RX_3353,-0.039318,52.824919,1.5
RX_3354,-0.039347,52.824931,1.5
RX_3355,-0.03939,52.82495,1.5
RX_3356,-0.039427,52.824967,1.5
RX_3357,-0.039466,52.82498,1.5
RX_3358,-0.039514,52.824997,1.5
RX_3359,-0.039546,52.825007,1.5
RX_3360,-0.039595,52.825021,1.5
RX_3361,-0.039632,52.825032,1.5
RX_3362,-0.039684,52.825047,1.5
RX_3363,-0.039733,52.825062,1.5
RX_3364,-0.039781,52.825074,1.5
RX_3365,-0.039832,52.825087,1.5
RX_3366,-0.039886,52.825098,1.5
RX_3367,-0.039938,52.825109,1.5
RX_3368,-0.040012,52.825122,1.5
RX_3369,-0.040077,52.825128,1.5
RX_3370,-0.040179,52.825138,1.5
RX_3371,-0.040199,52.825135,1.5
RX_3372,-0.040218,52.825126,1.5
RX_3373,-0.040236,52.825115,1.5
RX_3374,-0.040252,52.825103,1.5
RX_3375,-0.040261,52.825082,1.5
RX_3376,-0.040268,52.825067,1.5
RX_3377,-0.040271,52.825038,1.5
RX_3378,-0.040273,52.825017,1.5
RX_3379,-0.040273,52.824985,1.5
RX_3380,-0.040273,52.824958,1.5
RX_3381,-0.040273,52.824937,1.5
RX_3382,-0.040272,52.82491,1.5
RX_3383,-0.040271,52.824895,1.5
RX_3384,-0.040269,52.824865,1.5
RX_3385,-0.040266,52.824837,1.5
RX_3386,-0.040265,52.824822,1.5
RX_3387,-0.040264,52.824795,1.5
RX_3388,-0.040264,52.824767,1.5
RX_3389,-0.040263,52.824743,1.5
RX_3390,-0.040264,52.824722,1.5
RX_3391,-0.040265,52.82469,1.5
RX_3392,-0.040266,52.824658,1.5
RX_3393,-0.040268,52.824641,1.5
RX_3394,-0.040273,52.824609,1.5
RX_3395,-0.040278,52.824578,1.5
RX_3396,-0.040282,52.824553,1.5
RX_3397,-0.040289,52.824532,1.5
RX_3398,-0.0403,52.824501,1.5
RX_3399,-0.040311,52.82447,1.5
RX_3400,-0.040317,52.824453,1.5
RX_3401,-0.040332,52.824426,1.5
RX_3402,-0.040349,52.824395,1.5
RX_3403,-0.040366,52.824365,1.5
RX_3404,-0.040373,52.824352,1.5
RX_3405,-0.040394,52.824326,1.5
RX_3406,-0.040415,52.8243,1.5
RX_3407,-0.040437,52.824273,1.5
RX_3408,-0.040457,52.824248,1.5
RX_3409,-0.040471,52.824233,1.5
RX_3410,-0.0405,52.824202,1.5
RX_3411,-0.040528,52.824171,1.5
RX_3412,-0.040553,52.824143,1.5
RX_3413,-0.040569,52.824129,1.5
RX_3414,-0.0406,52.8241,1.5
RX_3415,-0.040631,52.824071,1.5
RX_3416,-0.040662,52.824043,1.5
RX_3417,-0.040673,52.824033,1.5
RX_3418,-0.040703,52.824007,1.5
RX_3419,-0.040733,52.82398,1.5
RX_3420,-0.040763,52.823953,1.5
RX_3421,-0.040783,52.823935,1.5
RX_3422,-0.040807,52.823916,1.5
RX_3423,-0.040842,52.823887,1.5
RX_3424,-0.040876,52.823859,1.5
RX_3425,-0.040911,52.823831,1.5
RX_3426,-0.040923,52.82382,1.5
RX_3427,-0.040957,52.823792,1.5
RX_3428,-0.04099,52.823764,1.5
RX_3429,-0.041024,52.823735,1.5
RX_3430,-0.04104,52.823722,1.5
RX_3431,-0.041069,52.823697,1.5
RX_3432,-0.041102,52.823669,1.5
RX_3433,-0.041134,52.823641,1.5
RX_3434,-0.041165,52.823615,1.5
RX_3435,-0.041178,52.823602,1.5
RX_3436,-0.041208,52.823573,1.5
RX_3437,-0.041238,52.823543,1.5
RX_3438,-0.041268,52.823514,1.5
RX_3439,-0.041278,52.823503,1.5
RX_3440,-0.041303,52.823474,1.5
RX_3441,-0.041327,52.823444,1.5
RX_3442,-0.041352,52.823415,1.5
RX_3443,-0.041373,52.823388,1.5
RX_3444,-0.041384,52.823373,1.5
RX_3445,-0.041407,52.823341,1.5
RX_3446,-0.041429,52.823309,1.5
RX_3447,-0.041452,52.823276,1.5
RX_3448,-0.04146,52.823265,1.5
RX_3449,-0.041477,52.823232,1.5
RX_3450,-0.041494,52.8232,1.5
RX_3451,-0.041511,52.823167,1.5
RX_3452,-0.041525,52.823142,1.5
RX_3453,-0.041534,52.823122,1.5
RX_3454,-0.041549,52.823088,1.5
RX_3455,-0.041565,52.823055,1.5
RX_3456,-0.041581,52.823021,1.5
RX_3457,-0.041587,52.823008,1.5
RX_3458,-0.041602,52.822974,1.5
RX_3459,-0.041617,52.82294,1.5
RX_3460,-0.041632,52.822906,1.5
RX_3461,-0.041639,52.822893,1.5
RX_3462,-0.041653,52.82286,1.5
RX_3463,-0.041668,52.822828,1.5
RX_3464,-0.041683,52.822795,1.5
RX_3465,-0.041692,52.822775,1.5
RX_3466,-0.041704,52.822746,1.5
RX_3467,-0.041719,52.822712,1.5
RX_3468,-0.041734,52.822677,1.5
RX_3469,-0.041743,52.822655,1.5
RX_3470,-0.041752,52.822628,1.5
RX_3471,-0.041764,52.822594,1.5
RX_3472,-0.041775,52.822561,1.5
RX_3473,-0.041783,52.822537,1.5
RX_3474,-0.041792,52.822513,1.5
RX_3475,-0.041805,52.822481,1.5
RX_3476,-0.041817,52.822449,1.5
RX_3477,-0.041827,52.822423,1.5
RX_3478,-0.041832,52.822401,1.5
RX_3479,-0.041841,52.822366,1.5
RX_3480,-0.041849,52.822331,1.5
RX_3481,-0.041855,52.822308,1.5
RX_3482,-0.041859,52.822283,1.5
RX_3483,-0.041864,52.822249,1.5
RX_3484,-0.041869,52.822216,1.5
RX_3485,-0.041873,52.822192,1.5
RX_3486,-0.041873,52.822169,1.5
RX_3487,-0.041872,52.822137,1.5
RX_3488,-0.041871,52.822106,1.5
RX_3489,-0.04187,52.822075,1.5
RX_3490,-0.041867,52.822061,1.5
RX_3491,-0.041859,52.822027,1.5
RX_3492,-0.041851,52.821994,1.5
RX_3493,-0.041843,52.821961,1.5
RX_3494,-0.041839,52.821949,1.5
RX_3495,-0.041829,52.821919,1.5
RX_3496,-0.04182,52.821888,1.5
RX_3497,-0.04181,52.821858,1.5
RX_3498,-0.041803,52.821838,1.5
RX_3499,-0.041793,52.821816,1.5
RX_3500,-0.041779,52.821784,1.5
RX_3501,-0.041765,52.821751,1.5
RX_3502,-0.041752,52.82172,1.5
RX_3503,-0.041743,52.821707,1.5
RX_3504,-0.041723,52.821676,1.5
RX_3505,-0.041703,52.821645,1.5
RX_3506,-0.041683,52.821615,1.5
RX_3507,-0.041675,52.821603,1.5
RX_3508,-0.041652,52.821572,1.5
RX_3509,-0.041629,52.821541,1.5
RX_3510,-0.041606,52.82151,1.5
RX_3511,-0.041592,52.82149,1.5
RX_3512,-0.041575,52.821468,1.5
RX_3513,-0.041552,52.821437,1.5
RX_3514,-0.041529,52.821407,1.5
RX_3515,-0.041505,52.821376,1.5
RX_3516,-0.041498,52.821365,1.5
RX_3517,-0.041476,52.821333,1.5
RX_3518,-0.041455,52.8213,1.5
RX_3519,-0.041433,52.821268,1.5
RX_3520,-0.041423,52.821253,1.5
RX_3521,-0.041407,52.821225,1.5
RX_3522,-0.041388,52.821194,1.5
RX_3523,-0.04137,52.821164,1.5
RX_3524,-0.041355,52.821138,1.5
RX_3525,-0.041349,52.821123,1.5
RX_3526,-0.041336,52.821092,1.5
RX_3527,-0.041323,52.821061,1.5
RX_3528,-0.04131,52.821029,1.5
RX_3529,-0.041306,52.821018,1.5
RX_3530,-0.0413,52.820987,1.5
RX_3531,-0.041293,52.820956,1.5
RX_3532,-0.041286,52.820926,1.5
RX_3533,-0.04128,52.820897,1.5
RX_3534,-0.041279,52.820882,1.5
RX_3535,-0.041276,52.820846,1.5
RX_3536,-0.041273,52.82081,1.5
RX_3537,-0.041271,52.820775,1.5
RX_3538,-0.041271,52.820762,1.5
RX_3539,-0.041275,52.82073,1.5
RX_3540,-0.04128,52.820699,1.5
RX_3541,-0.041284,52.820668,1.5
RX_3542,-0.041288,52.820637,1.5
RX_3543,-0.041291,52.820623,1.5
RX_3544,-0.041299,52.820586,1.5
RX_3545,-0.041307,52.82055,1.5
RX_3546,-0.041315,52.820513,1.5
RX_3547,-0.041318,52.820501,1.5
RX_3548,-0.041327,52.820468,1.5
RX_3549,-0.041336,52.820436,1.5
RX_3550,-0.041344,52.820403,1.5
RX_3551,-0.041352,52.820377,1.5
RX_3552,-0.041358,52.820359,1.5
RX_3553,-0.041371,52.820324,1.5
RX_3554,-0.041384,52.82029,1.5
RX_3555,-0.041397,52.820255,1.5
RX_3556,-0.041402,52.820243,1.5
RX_3557,-0.041412,52.820209,1.5
RX_3558,-0.041423,52.820174,1.5
RX_3559,-0.041433,52.82014,1.5
RX_3560,-0.041443,52.820107,1.5
RX_3561,-0.041448,52.820093,1.5
RX_3562,-0.041459,52.820059,1.5
RX_3563,-0.04147,52.820025,1.5
RX_3564,-0.041481,52.819991,1.5
RX_3565,-0.041487,52.819973,1.5
RX_3566,-0.041497,52.819944,1.5
RX_3567,-0.041508,52.819911,1.5
RX_3568,-0.04152,52.819878,1.5
RX_3569,-0.041532,52.819845,1.5
RX_3570,-0.041538,52.81983,1.5
RX_3571,-0.041552,52.819795,1.5
RX_3572,-0.041567,52.819759,1.5
RX_3573,-0.041582,52.819723,1.5
RX_3574,-0.041587,52.81971,1.5
RX_3575,-0.041601,52.819679,1.5
RX_3576,-0.041615,52.819648,1.5
RX_3577,-0.041628,52.819616,1.5
RX_3578,-0.041635,52.8196,1.5
RX_3579,-0.041653,52.819571,1.5
RX_3580,-0.041674,52.819539,1.5
RX_3581,-0.041694,52.819507,1.5
RX_3582,-0.041707,52.819487,1.5
RX_3583,-0.041726,52.819465,1.5
RX_3584,-0.041751,52.819437,1.5
RX_3585,-0.041775,52.81941,1.5
RX_3586,-0.0418,52.819382,1.5
RX_3587,-0.041812,52.819373,1.5
RX_3588,-0.041847,52.819349,1.5
RX_3589,-0.041882,52.819324,1.5
RX_3590,-0.041918,52.8193,1.5
RX_3591,-0.041937,52.819287,1.5
RX_3592,-0.041971,52.819271,1.5
RX_3593,-0.042014,52.819252,1.5
RX_3594,-0.042056,52.819233,1.5
RX_3595,-0.042099,52.819214,1.5
RX_3596,-0.042113,52.819208,1.5
RX_3597,-0.042162,52.819191,1.5
RX_3598,-0.04221,52.819174,1.5
RX_3599,-0.042259,52.819157,1.5
RX_3600,-0.042303,52.819142,1.5
RX_3601,-0.042323,52.819135,1.5
RX_3602,-0.042371,52.819119,1.5
RX_3603,-0.042419,52.819103,1.5
RX_3604,-0.042467,52.819087,1.5
RX_3605,-0.042507,52.819073,1.5
RX_3606,-0.042534,52.819064,1.5
RX_3607,-0.042585,52.819047,1.5
RX_3608,-0.042635,52.819029,1.5
RX_3609,-0.042686,52.819012,1.5
RX_3610,-0.042702,52.819006,1.5
RX_3611,-0.042749,52.818987,1.5
RX_3612,-0.042796,52.818969,1.5
RX_3613,-0.042842,52.81895,1.5
RX_3614,-0.042889,52.818931,1.5
RX_3615,-0.042902,52.818925,1.5
RX_3616,-0.042945,52.818905,1.5
RX_3617,-0.042987,52.818886,1.5
RX_3618,-0.043029,52.818867,1.5
RX_3619,-0.04307,52.818847,1.5
RX_3620,-0.043082,52.818841,1.5
RX_3621,-0.043124,52.818819,1.5
RX_3622,-0.043165,52.818798,1.5
RX_3623,-0.043206,52.818777,1.5
RX_3624,-0.043247,52.818755,1.5
RX_3625,-0.043256,52.81875,1.5
RX_3626,-0.043296,52.818727,1.5
RX_3627,-0.043334,52.818705,1.5
RX_3628,-0.043373,52.818682,1.5
RX_3629,-0.043413,52.81866,1.5
RX_3630,-0.043427,52.818652,1.5
RX_3631,-0.043457,52.81863,1.5
RX_3632,-0.043491,52.818607,1.5
RX_3633,-0.043524,52.818583,1.5
RX_3634,-0.043559,52.818559,1.5
RX_3635,-0.04359,52.818537,1.5
RX_3636,-0.043603,52.818528,1.5
RX_3637,-0.043644,52.818501,1.5
RX_3638,-0.043683,52.818474,1.5
RX_3639,-0.043723,52.818448,1.5
RX_3640,-0.04376,52.818423,1.5
RX_3641,-0.04377,52.818417,1.5
RX_3642,-0.043808,52.818391,1.5
RX_3643,-0.043846,52.818365,1.5
RX_3644,-0.043883,52.81834,1.5
RX_3645,-0.043919,52.818316,1.5
RX_3646,-0.04393,52.818308,1.5
RX_3647,-0.043964,52.818285,1.5
RX_3648,-0.044,52.818261,1.5
RX_3649,-0.044036,52.818236,1.5
RX_3650,-0.044072,52.818211,1.5
RX_3651,-0.0441,52.818192,1.5
RX_3652,-0.044117,52.818181,1.5
RX_3653,-0.044153,52.818157,1.5
RX_3654,-0.04419,52.818134,1.5
RX_3655,-0.044226,52.81811,1.5
RX_3656,-0.044264,52.818086,1.5
RX_3657,-0.044278,52.818077,1.5
RX_3658,-0.044313,52.818056,1.5
RX_3659,-0.044355,52.818031,1.5
RX_3660,-0.044397,52.818006,1.5
RX_3661,-0.044438,52.817982,1.5
RX_3662,-0.044467,52.817965,1.5
RX_3663,-0.044489,52.817953,1.5
RX_3664,-0.04453,52.817931,1.5
RX_3665,-0.044572,52.817909,1.5
RX_3666,-0.044614,52.817886,1.5
RX_3667,-0.044657,52.817863,1.5
RX_3668,-0.044667,52.817858,1.5
RX_3669,-0.04471,52.817836,1.5
RX_3670,-0.044754,52.817814,1.5
RX_3671,-0.044798,52.817792,1.5
RX_3672,-0.044843,52.81777,1.5
RX_3673,-0.04487,52.817757,1.5
RX_3674,-0.044897,52.817743,1.5
RX_3675,-0.044941,52.817722,1.5
RX_3676,-0.044985,52.8177,1.5
RX_3677,-0.045029,52.817679,1.5
RX_3678,-0.04507,52.817658,1.5
RX_3679,-0.045086,52.817651,1.5
RX_3680,-0.04513,52.817629,1.5
RX_3681,-0.045174,52.817607,1.5
RX_3682,-0.045218,52.817585,1.5
RX_3683,-0.045263,52.817563,1.5
RX_3684,-0.045275,52.817557,1.5
RX_3685,-0.045319,52.817534,1.5
RX_3686,-0.045364,52.817511,1.5
RX_3687,-0.045409,52.817488,1.5
RX_3688,-0.045455,52.817464,1.5
RX_3689,-0.045467,52.817458,1.5
RX_3690,-0.045503,52.817434,1.5
RX_3691,-0.045539,52.817411,1.5
RX_3692,-0.045576,52.817387,1.5
RX_3693,-0.045612,52.817363,1.5
RX_3694,-0.045632,52.81735,1.5
RX_3695,-0.045658,52.817328,1.5
RX_3696,-0.045693,52.817299,1.5
RX_3697,-0.045729,52.81727,1.5
RX_3698,-0.045764,52.817241,1.5
RX_3699,-0.045775,52.817232,1.5
RX_3700,-0.0458,52.817201,1.5
RX_3701,-0.045827,52.817171,1.5
RX_3702,-0.045853,52.817139,1.5
RX_3703,-0.04588,52.817108,1.5
RX_3704,-0.045886,52.817098,1.5
RX_3705,-0.045903,52.817066,1.5
RX_3706,-0.04592,52.817033,1.5
RX_3707,-0.045938,52.817,1.5
RX_3708,-0.045955,52.816967,1.5
RX_3709,-0.045959,52.816957,1.5
RX_3710,-0.045971,52.816924,1.5
RX_3711,-0.045984,52.816891,1.5
RX_3712,-0.045996,52.816858,1.5
RX_3713,-0.046008,52.816825,1.5
RX_3714,-0.046011,52.816815,1.5
RX_3715,-0.046022,52.81678,1.5
RX_3716,-0.046032,52.816746,1.5
RX_3717,-0.046042,52.816711,1.5
RX_3718,-0.04605,52.816683,1.5
RX_3719,-0.046053,52.816665,1.5
RX_3720,-0.04606,52.816631,1.5
RX_3721,-0.046066,52.816596,1.5
RX_3722,-0.046073,52.816562,1.5
RX_3723,-0.046077,52.81654,1.5
RX_3724,-0.046079,52.816518,1.5
RX_3725,-0.046083,52.816485,1.5
RX_3726,-0.046086,52.816452,1.5
RX_3727,-0.04609,52.816419,1.5
RX_3728,-0.046092,52.816398,1.5
RX_3729,-0.046092,52.816375,1.5
RX_3730,-0.046092,52.816341,1.5
RX_3731,-0.046092,52.816307,1.5
RX_3732,-0.046092,52.816273,1.5
RX_3733,-0.046092,52.816262,1.5
RX_3734,-0.046094,52.816229,1.5
RX_3735,-0.046097,52.816195,1.5
RX_3736,-0.0461,52.816161,1.5
RX_3737,-0.046103,52.816128,1.5
RX_3738,-0.046105,52.816117,1.5
RX_3739,-0.046115,52.816085,1.5
RX_3740,-0.046124,52.816053,1.5
RX_3741,-0.046133,52.816021,1.5
RX_3742,-0.046143,52.815988,1.5
RX_3743,-0.046149,52.815978,1.5
RX_3744,-0.046168,52.815945,1.5
RX_3745,-0.046187,52.815912,1.5
RX_3746,-0.046206,52.81588,1.5
RX_3747,-0.046218,52.815858,1.5
RX_3748,-0.046234,52.815839,1.5
RX_3749,-0.046259,52.815809,1.5
RX_3750,-0.046284,52.815779,1.5
RX_3751,-0.046309,52.815749,1.5
RX_3752,-0.04632,52.815735,1.5
RX_3753,-0.046343,52.815712,1.5
RX_3754,-0.04637,52.815684,1.5
RX_3755,-0.046397,52.815656,1.5
RX_3756,-0.046425,52.815627,1.5
RX_3757,-0.046438,52.815613,1.5
RX_3758,-0.046463,52.815592,1.5
RX_3759,-0.046495,52.815565,1.5
RX_3760,-0.046526,52.815537,1.5
RX_3761,-0.046558,52.81551,1.5
RX_3762,-0.046572,52.815498,1.5
RX_3763,-0.0466,52.815474,1.5
RX_3764,-0.046632,52.815447,1.5
RX_3765,-0.046664,52.815419,1.5
RX_3766,-0.046697,52.815392,1.5
RX_3767,-0.046707,52.815383,1.5
RX_3768,-0.046741,52.815357,1.5
RX_3769,-0.046775,52.81533,1.5
RX_3770,-0.046809,52.815304,1.5
RX_3771,-0.046843,52.815277,1.5
RX_3772,-0.046854,52.815269,1.5
RX_3773,-0.046887,52.815242,1.5
RX_3774,-0.046921,52.815215,1.5
RX_3775,-0.046954,52.815189,1.5
RX_3776,-0.046983,52.815165,1.5
RX_3777,-0.046997,52.815153,1.5
RX_3778,-0.047027,52.815126,1.5
RX_3779,-0.047058,52.815099,1.5
RX_3780,-0.047089,52.815072,1.5
RX_3781,-0.047112,52.815052,1.5
RX_3782,-0.047129,52.815036,1.5
RX_3783,-0.047158,52.815008,1.5
RX_3784,-0.047188,52.814981,1.5
RX_3785,-0.047217,52.814953,1.5
RX_3786,-0.047237,52.814935,1.5
RX_3787,-0.047256,52.814916,1.5
RX_3788,-0.047285,52.814886,1.5
RX_3789,-0.047315,52.814857,1.5
RX_3790,-0.047344,52.814827,1.5
RX_3791,-0.047357,52.814815,1.5
RX_3792,-0.047382,52.81479,1.5
RX_3793,-0.04741,52.814761,1.5
RX_3794,-0.047438,52.814733,1.5
RX_3795,-0.047466,52.814704,1.5
RX_3796,-0.047477,52.814693,1.5
RX_3797,-0.047507,52.814663,1.5
RX_3798,-0.047537,52.814632,1.5
RX_3799,-0.047568,52.814601,1.5
RX_3800,-0.047597,52.814572,1.5
RX_3801,-0.047607,52.814561,1.5
RX_3802,-0.047635,52.814532,1.5
RX_3803,-0.047663,52.814504,1.5
RX_3804,-0.047691,52.814475,1.5
RX_3805,-0.047712,52.814453,1.5
RX_3806,-0.047728,52.814436,1.5
RX_3807,-0.047756,52.814406,1.5
RX_3808,-0.047783,52.814376,1.5
RX_3809,-0.047811,52.814346,1.5
RX_3810,-0.047823,52.814333,1.5
RX_3811,-0.047846,52.814307,1.5
RX_3812,-0.047873,52.814278,1.5
RX_3813,-0.047899,52.814248,1.5
RX_3814,-0.047925,52.814219,1.5
RX_3815,-0.047934,52.814209,1.5
RX_3816,-0.047962,52.81418,1.5
RX_3817,-0.04799,52.81415,1.5
RX_3818,-0.048018,52.814121,1.5
RX_3819,-0.04804,52.814098,1.5
RX_3820,-0.048055,52.814082,1.5
RX_3821,-0.048082,52.814053,1.5
RX_3822,-0.04811,52.814023,1.5
RX_3823,-0.048137,52.813994,1.5
RX_3824,-0.04815,52.81398,1.5
RX_3825,-0.048173,52.813957,1.5
RX_3826,-0.048201,52.813929,1.5
RX_3827,-0.048228,52.813901,1.5
RX_3828,-0.048256,52.813873,1.5
RX_3829,-0.048267,52.813862,1.5
RX_3830,-0.048292,52.813837,1.5
RX_3831,-0.04832,52.81381,1.5
RX_3832,-0.048348,52.813782,1.5
RX_3833,-0.048376,52.813755,1.5
RX_3834,-0.048387,52.813745,1.5
RX_3835,-0.048412,52.813718,1.5
RX_3836,-0.048441,52.813689,1.5
RX_3837,-0.048468,52.81366,1.5
RX_3838,-0.048496,52.813631,1.5
RX_3839,-0.048504,52.813622,1.5
RX_3840,-0.048533,52.813596,1.5
RX_3841,-0.048562,52.81357,1.5
RX_3842,-0.048591,52.813544,1.5
RX_3843,-0.04862,52.813518,1.5
RX_3844,-0.048635,52.813505,1.5
RX_3845,-0.048659,52.813481,1.5
RX_3846,-0.04869,52.813451,1.5
RX_3847,-0.048721,52.81342,1.5
RX_3848,-0.048752,52.813389,1.5
RX_3849,-0.048761,52.813381,1.5
RX_3850,-0.048789,52.813351,1.5
RX_3851,-0.048818,52.813321,1.5
RX_3852,-0.048846,52.813292,1.5
RX_3853,-0.048875,52.813262,1.5
RX_3854,-0.048883,52.813254,1.5
RX_3855,-0.048912,52.813225,1.5
RX_3856,-0.048941,52.813197,1.5
RX_3857,-0.04897,52.813168,1.5
RX_3858,-0.048999,52.813139,1.5
RX_3859,-0.049008,52.813131,1.5
RX_3860,-0.049038,52.813102,1.5
RX_3861,-0.049068,52.813072,1.5
RX_3862,-0.049098,52.813043,1.5
RX_3863,-0.049128,52.813013,1.5
RX_3864,-0.049136,52.813005,1.5
RX_3865,-0.049165,52.812976,1.5
RX_3866,-0.049194,52.812947,1.5
RX_3867,-0.049223,52.812918,1.5
RX_3868,-0.049251,52.812889,1.5
RX_3869,-0.049259,52.812881,1.5
RX_3870,-0.049289,52.812851,1.5
RX_3871,-0.04932,52.812821,1.5
RX_3872,-0.04935,52.812792,1.5
RX_3873,-0.04938,52.812763,1.5
RX_3874,-0.049388,52.812755,1.5
RX_3875,-0.049417,52.812727,1.5
RX_3876,-0.049445,52.8127,1.5
RX_3877,-0.049473,52.812672,1.5
RX_3878,-0.049502,52.812644,1.5
RX_3879,-0.04951,52.812636,1.5
RX_3880,-0.049539,52.812608,1.5
RX_3881,-0.049568,52.812579,1.5
RX_3882,-0.049597,52.81255,1.5
RX_3883,-0.049626,52.812522,1.5
RX_3884,-0.049635,52.812513,1.5
RX_3885,-0.049666,52.812484,1.5
RX_3886,-0.049696,52.812454,1.5
RX_3887,-0.049727,52.812424,1.5
RX_3888,-0.049757,52.812394,1.5
RX_3889,-0.049766,52.812386,1.5
RX_3890,-0.049795,52.812358,1.5
RX_3891,-0.049825,52.81233,1.5
RX_3892,-0.049855,52.812303,1.5
RX_3893,-0.049885,52.812275,1.5
RX_3894,-0.049893,52.812267,1.5
RX_3895,-0.049923,52.812239,1.5
RX_3896,-0.049953,52.812211,1.5
RX_3897,-0.049984,52.812183,1.5
RX_3898,-0.050014,52.812155,1.5
RX_3899,-0.050023,52.812148,1.5
RX_3900,-0.050053,52.81212,1.5
RX_3901,-0.050084,52.812093,1.5
RX_3902,-0.050115,52.812065,1.5
RX_3903,-0.050146,52.812038,1.5
RX_3904,-0.050155,52.81203,1.5
RX_3905,-0.050186,52.812004,1.5
RX_3906,-0.050217,52.811978,1.5
RX_3907,-0.050248,52.811951,1.5
RX_3908,-0.05028,52.811925,1.5
RX_3909,-0.050292,52.811915,1.5
RX_3910,-0.050321,52.811891,1.5
RX_3911,-0.050353,52.811863,1.5
RX_3912,-0.050386,52.811836,1.5
RX_3913,-0.050419,52.811809,1.5
RX_3914,-0.050432,52.811798,1.5
RX_3915,-0.050461,52.811776,1.5
RX_3916,-0.050495,52.81175,1.5
RX_3917,-0.050528,52.811724,1.5
RX_3918,-0.050562,52.811698,1.5
RX_3919,-0.050578,52.811685,1.5
RX_3920,-0.050605,52.811664,1.5
RX_3921,-0.05064,52.811637,1.5
RX_3922,-0.050675,52.811611,1.5
RX_3923,-0.050709,52.811585,1.5
RX_3924,-0.050728,52.81157,1.5
RX_3925,-0.050752,52.811552,1.5
RX_3926,-0.050786,52.811527,1.5
RX_3927,-0.050821,52.811501,1.5
RX_3928,-0.050855,52.811476,1.5
RX_3929,-0.050878,52.811458,1.5
RX_3930,-0.050899,52.811443,1.5
RX_3931,-0.050934,52.811418,1.5
RX_3932,-0.050969,52.811392,1.5
RX_3933,-0.051005,52.811366,1.5
RX_3934,-0.051035,52.811343,1.5
RX_3935,-0.051049,52.811333,1.5
RX_3936,-0.051085,52.811307,1.5
RX_3937,-0.05112,52.811282,1.5
RX_3938,-0.051155,52.811257,1.5
RX_3939,-0.05119,52.811231,1.5
RX_3940,-0.0512,52.811224,1.5
RX_3941,-0.051237,52.811198,1.5
RX_3942,-0.051273,52.811172,1.5
RX_3943,-0.05131,52.811146,1.5
RX_3944,-0.051343,52.811122,1.5
RX_3945,-0.051355,52.811113,1.5
RX_3946,-0.05139,52.811087,1.5
RX_3947,-0.051424,52.811061,1.5
RX_3948,-0.051459,52.811034,1.5
RX_3949,-0.051493,52.811008,1.5
RX_3950,-0.051502,52.811001,1.5
RX_3951,-0.051534,52.810975,1.5
RX_3952,-0.051566,52.81095,1.5
RX_3953,-0.051598,52.810924,1.5
RX_3954,-0.05163,52.810898,1.5
RX_3955,-0.051639,52.810891,1.5
RX_3956,-0.051672,52.810864,1.5
RX_3957,-0.051705,52.810837,1.5
RX_3958,-0.051739,52.810809,1.5
RX_3959,-0.051772,52.810782,1.5
RX_3960,-0.051782,52.810773,1.5
RX_3961,-0.051812,52.810748,1.5
RX_3962,-0.051845,52.81072,1.5
RX_3963,-0.051877,52.810693,1.5
RX_3964,-0.051911,52.810665,1.5
RX_3965,-0.051925,52.810653,1.5
RX_3966,-0.051953,52.81063,1.5
RX_3967,-0.051986,52.810602,1.5
RX_3968,-0.052019,52.810574,1.5
RX_3969,-0.052053,52.810546,1.5
RX_3970,-0.052068,52.810533,1.5
RX_3971,-0.052094,52.810512,1.5
RX_3972,-0.052126,52.810487,1.5
RX_3973,-0.052157,52.810461,1.5
RX_3974,-0.052189,52.810435,1.5
RX_3975,-0.052213,52.810415,1.5
RX_3976,-0.052232,52.8104,1.5
RX_3977,-0.052269,52.810372,1.5
RX_3978,-0.052306,52.810343,1.5
RX_3979,-0.052342,52.810314,1.5
RX_3980,-0.05236,52.8103,1.5
RX_3981,-0.052387,52.810279,1.5
RX_3982,-0.05242,52.810253,1.5
RX_3983,-0.052454,52.810227,1.5
RX_3984,-0.052487,52.810201,1.5
RX_3985,-0.052503,52.810188,1.5
RX_3986,-0.052531,52.810166,1.5
RX_3987,-0.052565,52.810139,1.5
RX_3988,-0.052599,52.810111,1.5
RX_3989,-0.052632,52.810084,1.5
RX_3990,-0.052644,52.810075,1.5
RX_3991,-0.052679,52.810048,1.5
RX_3992,-0.052714,52.810022,1.5
RX_3993,-0.05275,52.809995,1.5
RX_3994,-0.052785,52.809968,1.5
RX_3995,-0.052795,52.809961,1.5
RX_3996,-0.052827,52.809938,1.5
RX_3997,-0.052858,52.809915,1.5
RX_3998,-0.05289,52.809893,1.5
RX_3999,-0.052922,52.80987,1.5
RX_4000,-0.052933,52.809862,1.5
